Part Number,Description,UOM,List Price,Net Price,Category,Manufacturer Part,Notes,A&M Part #
C00004.0000,PISTON ROD,EA,271.0,189.7,,,,
C00006.0000,GLAZING NOTICE,EA,3.3,2.31,,,,
C00007.0000,O RING 622722 .217,EA,9.6,6.72,,,,
C00007.000L,O RING IND 622729,EA,11.2,7.84,,,,
C00008.0000,NUT 1/4-20 THIN FLEXLK,EA,4.8,3.36,,,,
C00010.0000,O RING 622705,EA,6.3,4.41,,,,
C00010.000L,O RING IND 622707,EA,11.2,7.84,,,,
C00017.0000,BRACKET ADAPTER,EA,38.1,26.67,,,,
C00018.0000,ACCY BAG S4000 SL LOOSE OPER,EA,14.2,9.94,,,,
C00021.0000,NUT; 1/4-20; SERRATED FLANGE GRADE 5,EA,0.4,0.28,,,,
C00030.0000,MICROSW BZ 2RW80-A2,EA,74.8,52.36,,,,
C00033.0000,SOLENOID 24VAC W/BLACK LEADS PARKER # 71315SN1KVJ1N0L111B2,EA,459.0,321.3,,,,
C00035.0000,O RING 622701,EA,4.8,3.36,,,,
C00041.000R,VALVE BLOCK,EA,137.0,95.9,,,,
C00042.0001,SPEED ADJ SCREW ASSY,EA,15.3,10.71,,,,
C00043.0000,VALVE ACTUATOR ROD,EA,79.1,55.37,,,,
C00048.0000,DIODE 3.0A 1000V FAIRCHILD 1N5408,EA,7.9,5.53,,,,
C00049.0001,LACE TOGL PNEU SLID ASSY,EA,124.0,86.8,,,,
C00054.000R,TOG SW 11TS115-2 / 7546K38,EA,53.8,37.66,,,,C0054R
C00060.0000,NUT WIRE NUT YELLOW,EA,1.7,1.19,,,,
C00061.0000,TRANSFRMR W/GROUND WIR ASSY,EA,438.0,306.6,,,,
C00062.0000,BOLT 10X1/2 FHSMS 23PS,EA,1.7,1.19,,,,
C00070.0000,SCREW 4-40X1/2 BHMS,EA,1.7,1.19,,,,
C00071.0001,NUT; #4-40 KEPS,EA,1.7,1.19,,,,
C00080.0000,NUT 10-24 THIN FLEX LK,EA,1.7,1.19,,,,
C00101.0000,WASHER #6 INTERNAL LOK,EA,1.7,1.19,,,,
C00105.0001,WRAP 1/4 ALPHA SPIRAL PANDUIT T38F-TL,LF,6.3,4.41,,,,
C00114.0001,REED SWITCHMAGNETIC-SO PANEL GRI # PS-S410PWG-B,EA,48.6,34.02,,,,C0114-1
C00128.0000,SCREW 6X1/2 PH PL,EA,1.7,1.19,,,,
C00130.0000,BOLT 6-32X1/4 PH PL PS,EA,1.7,1.19,,,,
C00131.0004,LATCH RELAY MODULE,EA,197.0,137.9,,,,C0131-4
C00160.00RS,CONTROL S3A W/LACE W/O-TOGGLE SWITCH,EA,834.0,583.8,,,,
C00163.0000,BOLT 6 32X1/2 PHMS P5,EA,1.7,1.19,,,,
C00165.0000,RELIEF VALVE NORGREN P/N V06-1A1-NNKA,EA,247.0,172.9,,,,
C00170.0000,GAGE AIR 1 1/2 1/8BM,EA,90.3,63.21,,,,
C00172.0000,NIPLE 1/8 BRASS 3325X2,EA,6.3,4.41,,,,
C00180.0000,SW MICRO (MODIFIED C180-1) PRIOR# V3L-1258,EA,30.2,21.14,,,,
C00180.0001,SW MICRO V7-2B17D8-162,EA,60.2,42.14,,,,
C00186.0000,SCREW 8-32X5/16 SSS BLK,EA,1.7,1.19,,,,
C00191.0000,NUTKEPS # 10-32 ZINC PL,EA,1.7,1.19,,,,
C00198.000R,OILER FELT TO C200,EA,6.3,4.41,,,,
C00200.0000,ASSY PISTON COMP,EA,310.0,217.0,,,,
C00201.0000,"3/8"" PACKING CARTRIDGE ASSY",EA,149.0,104.3,,,,
C00202.0000,1/2 PACK CART ASSY,EA,177.0,123.9,,,,
C00207.000B,FHMS #8-32X1/4 PHILLIPS BRONZE,EA,0.6,0.42,,,,
C00208.0000,VALVE CHECK EXP-PROOF,EA,208.0,145.6,,,,
C00211.0000,SNAP RING 5000-100,EA,4.8,3.36,,,,
C00220.0000,WASHER 1/2 PACKING,EA,11.2,7.84,,,,
C00225.0000,"RIVNUT#10-32 ""SPCL"" RIVNUT P/N S10H135 HX STD DUTY",EA,2.0,1.4,,,,
C00226.0000,"RIVNUT#10-32 ""SPCL"" RIVNUT P/N S10-116 C'SINK",EA,6.1,4.27,,,,
C00233.000A,"ALUM EXTRUCOVER-PCKT INTRLKS-CLEAR 2000, 2001, 2003 SLIDES CLEAR 1.71",LF,7.9,5.53,,,,
C00233.000B,ALUM EXTRU;COVER-PCKT INTRLKS-BRONZE 288 IN,LF,8.7,6.09,,,,
C00240.000A,ALUM EXTRU;BOTTM RAIL 5.69 IN - CLEAR 252 IN,LF,39.0,27.3,,,,
C00243.0001,HOLE PLUG 1/2 DIA PLASTIC IAWD,,1.7,1.19,,,,
C00244.000A,ALUM EXTR;RECT TUBE 1.75 IN X 7 IN JAMB - CLEAR 288 IN,LF,54.0,37.8,,,,
C00244.000B,ALUM EXTR;RECT TUBE 1.75X7 JAMB BRONZE 288 IN,LF,63.7,44.59,,,,
C00247.0001,"WEATHERSTRIP A NATURAL .170 SPECIAL WITH .59"" BRUSH LENGTH",LF,7.6,5.32,,,,
C00248.000A,ALUM EXTR;RECT TUBE 1.75 IN X 6 IN JAMB CLEAR 288 IN,LF,41.2,28.84,,,,
C00248.000B,ALUM EXTR;RECT TUBE 1.75 IN X 6 IN JAMB BRONZE 288 IN,LF,41.2,28.84,,,,
C00253.000A,ALUM SILL 4 IN WINDOW - CLEAR 288 IN,LF,19.5,13.65,,,,
C00253.000B,ALUM SILL 4 IN. WINDOW BRONZE 288 IN,LF,132.0,92.4,,,,
C00257.000R,ALUM TRIM MAT SURFACE 2 IN X 0.111 IN - MILL 288 IN,LF,3.3,2.31,,,,
C00257.002A,EXTRU; SIDE RAMP FOR THRESHOLD FOR C02873.0002 - CLEAR 288 IN,LF,8.7,6.09,,,,
C00257.00RB,ALUM TRIM MAT SURFACE BRONZE 288 IN,LF,10.9,7.63,,,,
C00259.0002,DUAL MATERIAL VINYL INTERLOCK,LF,5.8,4.06,,,,
C00261.000R,VINYL FOR INTERLOCK,LF,5.8,4.06,,,,C0261
C00263.00RA,ALUM TRACK TELE HEADER CLEAR 288 IN,LF,22.8,15.96,,,,
C00264.00RB,ALUM TRACK FOR HEADER - DARK BRONZE 288 IN,LF,42.7,29.89,,,,
C00265.00RA,ALUM EXT HEADER BM - CLEAR 288 IN,LF,98.5,68.95,,,,
C00265.00RB,ALUM HEADER BM BRONZE 288 IN,LF,108.0,75.6,,,,
C00266.00RA,ALUM FACEPLATE - CLEAR 291 IN,LF,31.8,22.26,,,,C0266RA
C00266.00RB,ALUM FACEPLATE DARK BRONZE 291 IN,LF,86.6,60.62,,,,
C00268.000A,ALUM TUBE 1 3/4 X 3 - CLEAR 288 IN,LF,49.8,34.86,,,,
C00268.000B,ALUM TUBE 1.75 X 3 PLAIN - DARK BRONZE 288 IN,LF,723.0,506.1,,,,
C00269.00RA,ALUM TRACK GUIDE TELE - CLEAR 288 IN,LF,9.7,6.79,,,,C0269RA
C00269.00RB,ALUM TRACK GUIDE TELE BRONZE 288 IN,LF,13.5,9.45,,,,C0269RB
C00270.001A,ALUM EXTR FACEPLATE - CLEAR 288 IN,LF,46.0,32.2,,,,
C00270.001B,ALUM EXTR FACEPLATE BRONZE 288 IN,LF,41.2,28.84,,,,
C00271.000A,ALUM BAR 3/8X3/4 CLR,LF,13.0,9.1,,,,
C00271.000B,ALUM BAR 3/8X3/4 BZ,LF,8.0,5.6,,,,
C00273.000A,ALUM TUBE 1 3/4 IN X 4 1/2 IN - CLEAR 288 IN,LF,102.0,71.4,,,,
C00273.000B,ALUM TUBE 1 3/4 X4 1/2 - DARK BRONZE 288 IN,LF,13.0,9.1,,,,
C00275.000A,ALUM TUBE;2 1/4ODX.065WX12FT 6061T6 CLEAR - 144 IN,LF,136.0,95.2,,,,
C00275.000B,ALUM TUBE;2 1/4ODX.065WX12FT 6061T6 DARK BRONZE - 144 IN,LF,54.1,37.87,,,,
C00278.001A,ALUM PUSH BAR HOL - CLEAR 288 IN,LF,10.9,7.63,,,,
C00278.001B,ALUM PUSH BAR HOL BRONZE,LF,25.4,17.78,,,,
C00281.001A,ALUM PUSH BAR 3/8 X 2 IN - CLEAR 252 IN,LF,90.9,63.63,,,,
C00281.001B,ALUM PUSH BAR 3/8X2 21FT SL BRONZE 252 IN,LF,110.0,77.0,,,,
C00282.0001,ALUM BAR 1/2X1 1/4 6061T6,LF,19.1,13.37,,,,
C00283.000A,ALUM RAIL BOTTOM 6 1/2 IN - CLEAR 288 IN,LF,61.9,43.33,,,,
C00283.000B,ALUM RAIL BOTTOM 6 1/2 IN - DARK BRONZE 288 IN,LF,54.0,37.8,,,,
C00284.001A,ALUM CHNL 7/16 X 1X 7/16 X 1/8 - CLEAR 288 IN,LF,18.4,12.88,,,,
C00284.001B,ALUM CHNL 7/16X1X7/16X1/8 BRONZE 288 IN,LF,17.5,12.25,,,,
C00286.001A,ALUM BAR MUNTIN 1/2 CLR,LF,60.2,42.14,,,,
C00286.001B,ALUM BAR MUNTIN 1/2 BRZ,LF,27.0,18.9,,,,
C00289.0000,CAP NYLON C330-1/C2873 P/N 2.17038 PRF 40.789 X1000FT,LF,8.7,6.09,,,,C0289
C00291.0001,CAPTRACK-NYLOTRON GS,LF,16.4,11.48,,,,C0291-1
C00291.000R,CAP NYLON DOOR TRACK P/N 2.15426 PRF 40.659X1000FT,LF,16.4,11.48,,,,
C00292.0000,ALUM CHL 1X1 .125,LF,12.8,8.96,,,,
C00293.0000,MOHAIR W/S C314 AMESBURY P/N 31027045GYGP,LF,3.9,2.73,,,,
C00294.0001,"WEATHERSEALBRUSH BRKT-.47"" MEMTECH P/N AA00CLA10 - MILL FINISH",LF,30.2,21.14,,,,
C00294.000160,DOOR FLOOR NYLON BRUSH WEATHER SWEEP - FITS UNDER DOOR PANEL - BL,EA,79.1,55.37,,,,
C00294.0002,"WEATHERSEALBRUSH BRKT-1.25"" MEMTECH P/N 230.50125 9 FT",LF,36.5,25.55,,,,
C00295.0000,WEATHERSTRIPSX INTRLCK 70 DUR TREMCO # 00210372E7Z TR10372E,LF,1.7,1.19,,,,
C00296.0000,C00.88MIL12-1.0 TRIM BRACKET &BRUSH 490623 BR-412462 EX-894573,LF,12.8,8.96,,,,
C00297.000A,ALUM BAR 1/8X13/4 6063CLR,LF,10.4,7.28,,,,
C00297.000B,ALUM BAR 1/8X13/4 6063 BZ,LF,34.8,24.36,,,,
C00298.0001,ALUM 1/8 X 2 6063T5 MILL 288 IN,LF,4.8,3.36,,,,
C00298.001A,ALUM BAR 1/8X2 CLEAR - 288 IN,LF,7.9,5.53,,,,
C00298.001B,ALUM BAR 1/8X2 BRONZE 288 IN,LF,7.9,5.53,,,,
C00299.0001,AA90CLA10-.63 TRIM BKT BRUSH 490622 BR-410552 EX-894829,LF,60.2,42.14,,,,
C00299.0002,"BRUSH 3/4"" H BRKT MEMTECH BR410860 EXT894863",LF,11.2,7.84,,,,
C00299.0003,"BRUSHSWEEP-.75"" TRIM X 10' MEMTECH # 410860",LF,6.3,4.41,,,,
C00300.000A,ALUM TUBE 1 3/4 X 4 - CLEAR 291 IN,LF,41.1,28.77,,,,
C00300.000A96,"ALUMINUM JAMB TUBE 1.75"" X 4"" - CLEAR FINISH - NO PREP 96""",EA,270.0,189.0,,,,
C00300.000B,ALUM TUBE 1 3/4 X 4 - DARK BRONZE 291 IN,LF,47.6,33.32,,,,
C00300.000B96,"ALUMINUM JAMB TUBE 1.75"" X 4"" - DARK BRONZE FINISH - NO PREP 96""",EA,517.0,361.9,,,,
C00300.001A,EXTRU; HORIZ 1.75 X 4 IN X .090 WALL CLEAR - THIN WALL - CLEAR 288 IN,LF,38.1,26.67,,,,
C00300.001B,EXTRU; HORIZ 1.75 X 4'' X 0.90 - THIN WALL - DARK BRONZE 288 IN,LF,38.1,26.67,,,,
C00303.003B,ALUM TRACK PARALLEL ARM - DARK BRONZE 288 IN,LF,17.5,12.25,,,,
C00306.0001,ALUM BAR 1/4X1 1/4 6061T6,LF,14.2,9.94,,,,
C00313.0000,CLIP S/S AMARLITE 23501,EA,6.3,4.41,,,,
C00314.0A12,ALUM EXTRUTOP INTERLOCK SX- CLEAR 144 IN,LF,71.1,49.77,,,,
C00314.0B12,ALUM EXTRUTOP INTERLOCK SX-12' BRONZE 144 IN,LF,63.6,44.52,,,,
C00314.A138,ALUM EXTRU;TOP INTERLOCK SX-11.5' CLEAR - 144 IN,LF,68.0,47.6,,,,
C00314.B138,ALUM EXTRU;TOP INTERLOCK SX-11.5' DARK BRONZE - 144 IN,LF,63.6,44.52,,,,
C00315.0000,ALUM THRESHOLD - MILL - 288 IN,LF,29.9,20.93,,,,
C00315.000B,ALUM THRESHOLD BZ 24FT SL BRONZE 288 IN,LF,23.7,16.59,,,,
C00315.001A,CHANNEL.ALUMINUM.EXTRUSION......CLEAR ANODIZE.2.1.5..0125.2..5.,LF,8.7,6.09,,,,C0315A
C00322.0000,VINYL W/S SLOPE STOP 3361 BLACK SANTO,LF,4.8,3.36,,,,
C00323.0A21,ALUM RAIL MS VERTICAL - CLEAR 258 IN,LF,34.9,24.43,,,,
C00323.0B21,ALUM RAIL MS VERTICAL BRONZE 258 IN,LF,38.1,26.67,,,,
C00325.001A,ALUM RAIL TOP 9500 D-38 - CLEAR 288 IN,LF,69.9,48.93,,,,
C00325.001B,ALUM RAIL TOP 9500 D-38 BRONZE 288 IN,LF,84.1,58.87,,,,
C00325.002A,ALUM TOP RAIL 3 IN - CLEAR 288 IN,LF,31.8,22.26,,,,
C00325.002B,ALUM TOP RAIL 3 IN DARK BRONZE 288 IN,LF,27.0,18.9,,,,
C00325.003A,ALUM RAIL;TOP FBO - CLEAR 288 IN,LF,27.0,18.9,,,,
C00325.003B,ALUM RAIL;TOP FBO BRONZE 288 IN,LF,21.4,14.98,,,,
C00326.0002,ALUM BAR 1/4 X 6 6063-T6 - MILL 237 IN,LF,27.0,18.9,,,,
C00327.0A12,ALUM EXTRU;BTM INTERLOCK SX- CLEAR 144 IN,LF,22.3,15.61,,,,
C00327.0B12,ALUM EXTRU;BTM INTERLOCK SX-12' BRONZE 144 IN,LF,25.4,17.78,,,,
C00328.001A,ALUM RAIL TOP 9500 D-1 CLR,LF,74.8,52.36,,,,
C00330.001A,ALUM GUIDE BOTTOM SX - CLEAR 288 IN,LF,35.9,25.13,,,,C0330-1A
C00330.001A60,ALUMINUM BOTTOM GUIDE - CLEAR FINISH - DOES NOT INCLUDE C00289 TRA E A,,140.0,98.0,,,,
C00330.001B,ALUM GUIDE BOTTOM SX SL DARK BRONZE 288 IN,LF,69.4,48.58,,,,C0330-1B
C00330.001B60,ALUMINUM BOTTOM GUIDE - DARK,EA,147.0,102.9,,,,
C00330.002A,"EXTRU; GUIDE, BOTTOM O-PANEL, 2500 ELEGANTS SERIES 2000, 2000B, 2003 -",LF,15.8,11.06,,,,
C00330.002B,"EXTRU; GUIDE, BOTTOM O-PANEL, 25",LF,17.5,12.25,,,,
C00332.0000,ALUM BAR 1/4X2 6061 T6 MILL - 144 IN,LF,14.2,9.94,,,,
C00334.000R,ALUM THRESHOLD MILL 24FT SL,LF,12.8,8.96,,,,
C00334.00RB,ALUM THRESHOLD BRONZE 288 IN,LF,15.8,11.06,,,,
C00335.2A21,ALUM RAIL UPRIGHT - CLEAR 258 IN,LF,27.0,18.9,,,,
C00335.2A2184,NARROW STILE PIVOT-INTERLOCK RAIL CLEAR FINISH - STANDARD 0.090 WALL,EA,108.0,75.6,,,,
C00335.2A24,ALUM RAIL UPRIGHT - CLEAR 294 IN,LF,28.6,20.02,,,,
C00335.2B21,ALUM RAIL UPRIGHT BRONZE 258 IN,LF,42.8,29.96,,,,
C00335.2B2184,NARROW STILE PIVOT-INTERLOCK RAIL DARK BRONZE FINISH - STANDARD 0.09,EA,124.0,86.8,,,,
C00335.2B24,ALUM RAIL UPRIGHT BRONZE 294 IN,LF,34.9,24.43,,,,
C00335.RA21,ALUM RAIL UPRIGHT - CLEAR 258 IN,LF,44.4,31.08,,,,
C00335.RB21,ALUM RAIL UPRIGHT BRONZE 258 IN,LF,31.8,22.26,,,,
C00336.001A,ALUM RAIL BOTTOM 4 IN - CLEAR 288 IN,,50.7,35.49,,,,
C00336.001B,ALUM RAIL BOTTOM 4 IN - DARK BRONZE 288 IN,LF,66.8,46.76,,,,
C00337.008A,DOOR HORIZONTAL NARROW 2.25 IN - THIN WALL - CLEAR 288 IN,LF,14.9,10.43,,,,
C00337.00RA,ALUM RAIL TOP 2.25 IN - CLEAR 288 IN,LF,34.9,24.43,,,,
C00337.00RB,ALUM RAIL TOP 2.25 IN - DARK BRONZE 288 IN,LF,41.1,28.77,,,,
C00338.00RA,ALUM STOP GLASS - CLEAR 288 IN,LF,4.8,3.36,,,,C0338RA
C00338.00RB,ALUM STOP GLASS - DARK BRONZE 288 IN,LF,6.3,4.41,,,,C0338RB
C00338.VNRA,STOP ASSY 0.5 CLR WITH VINYL STOP GLASS CLR,LF,9.7,6.79,,,,
C00338.VNRA96,"STANDARD 1/4"" GLASS STOP CLEAR FINISH 96"" - EXTRUSION HEIGHT 1/2"" TALL",EA,106.0,74.2,,,,
C00338.VNRB,STOP ASSY 0.5 BZ WITH VINYL STOP GLASS BZ,LF,10.1,7.07,,,,
C00338.VNRB96,"STANDARD 1/4"" GLASS STOP CLEAR FINISH 96"" - EXTRUSION HEIGHT 1/2"" TALL",EA,136.0,95.2,,,,
C00338.VNRC,STOP ASSY 0.5 BLK WITH VINYL STOP GLASS BLK,LF,7.9,5.53,,,,
C00339.000R,ALUM EXTR CORNER BLOCK - MILL 288 IN,LF,44.4,31.08,,,,
C00339.00FL,ALUM CORNER BLOCK EXTRUSION MILL – 288 IN,LF,41.1,28.77,,,,
C00340.00RA,ALUM STOP GLASS FOR 1 IN GLASS - CLEAR 288 IN,LF,4.8,3.36,,,,C0340RA
C00340.00RB,ALUM STOP GLASS FOR 1 IN GLASS - DARK BRONZE 288 IN,LF,6.3,4.41,,,,
C00340.VNRA,STOP ASSY 1 IN.CLR WITH VINYL STOP GLASS 1 IN.CLR,LF,7.9,5.53,,,,
C00340.VNRA96,"STANDARD 1"" GLASS STOP CLEAR FINISH 96"" - EXTRUSION HEIGHT 3/4"" TALL -",EA,103.0,72.1,,,,
C00340.VNRB,STOP ASSY 1 IN.BZ WITH VINYL STOP GLASS 1 IN.BZ,LF,9.6,6.72,,,,
C00340.VNRB96,"STANDARD 1"" GLASS STOP CLEAR FINISH 96"" - EXTRUSION HEIGHT 3/4"" TALL -",EA,123.0,86.1,,,,
C00341.0001,GLAZING BEAD SANTOPRENE,LF,3.9,2.73,,,,C0341-1
C00342.000R,ALUM RAIL FIX BOTTOM - MILL 288 IN,LF,20.7,14.49,,,,
C00342.004A,ALUM BOTTOM FIX RAIL-5 1/2 IN - CLEAR 288 IN,LF,42.8,29.96,,,,
C00342.004B,"ALUM BOTTOM FIX RAIL-5 1/2"" BRONZE",LF,38.1,26.67,,,,
C00342.005A,ALUM 9 IN BOTTOM RAIL FOR FIXED PANEL - CLEAR 288 IN,LF,69.9,48.93,,,,
C00342.005B,"ALUM 9"" BOTTOM RAIL FOR FIXED PANEL BRONZE 288 IN",LF,72.9,51.03,,,,
C00342.00RA,ALUM RAIL FIX BOTTOM - CLEAR 288 IN,LF,27.0,18.9,,,,
C00342.00RB,ALUM RAIL FIX BOTTOM BRONZE 288 IN,LF,31.8,22.26,,,,
C00342.4FLA,ALUM EXTRU; 5.5 IN BOTTOM RAIL - CLEAR 288 IN,LF,31.8,22.26,,,,
C00342.4FLB,"EXTRU 5.5"" BOTTOM RAIL-BRONZE 288 IN",LF,35.5,24.85,,,,
C00343.001A,ALUM EXT-TOP HORIZ 1/8 IN WALL - CLEAR 288 IN,LF,46.0,32.2,,,,
C00343.001B,ALUM EXT-TOP HORIZ 1/8 IN WALL - DARK BRONZE 288 IN,LF,55.5,38.85,,,,
C00343.002A,EXTRU; RAIL SO TOP .090 - THIN WALL - CLEAR 288 IN,LF,26.4,18.48,,,,
C00343.002B,EXTRU; RAIL SO TOP THIN WALL - DARK BRONZE 288 IN,LF,34.1,23.87,,,,
C00350.0000,MOHAIR W/S ASTRAGLE SCHLEGEL PN S510CL-430KPBK,LF,4.2,2.94,,,,C0350B
C00351.0002,ALUM JAMB RECESSED 1 3/4 X 4 - MILL 291 IN,LF,31.8,22.26,,,,
C00351.0003,ALUM EXTRU;JAMB 1.75 X 6 X.125 WITH POCKET - MILL 291 IN,LF,41.1,28.77,,,,
C00351.001A,ALUM JAMB RECESSED 1 3/4 X 4 - CLEAR 291 IN,LF,42.8,29.96,,,,
C00351.001A96,"ALUMINUM JAMB TUBE 1.75"" X 4"" - CLEAR FINISH WITH POCKET - NO PREP 96",EA,353.0,247.1,,,,
C00351.001B,ALUM JAMB RECESSED 1 3/4X4 BRONZE 291 IN,LF,39.0,27.3,,,,
C00351.001B96,"ALUMINUM JAMB TUBE 1.75"" X 4"" - DARK BRONZE FINISH WITH POCKET - NO",EA,289.0,202.3,,,,
C00351.002A,ALUM JAMB POCKET-1 3/4X4 - THIN WALL - CLEAR 288 IN,LF,33.3,23.31,,,,
C00351.002B,ALUM JAMB;POCKET-1 3/4X4 - THIN WALL - BRONZE 288 IN,LF,36.5,25.55,,,,
C00351.003A,ALUM EXTRUJAMB-1.75 X 6 X .,LF,49.3,34.51,,,,
C00351.003B,"ALUM EXTRU JAMB-1.75X6X.125 W/POCKT FOR 1/4"" FLUSH GLAZING BRONZE",,50.7,35.49,,,,
C00351.004A,ALUM EXTRUJAMB-1.75X7X.125 W/POCKT FOR 1/4 IN FLUSH GLAZING - CLEAR,,68.0,47.6,,,,
C00351.004B,ALUM EXTRU;JAMB-1.75X7X.125 W/POCKT BRONZE 291 IN,LF,69.9,48.93,,,,
C00353.000A,ALUM COVER;POCKET JAMB - CLEAR 291 IN,LF,11.2,7.84,,,,
C00353.000A96,"ALUMINUM COVER FOR POCKET STYLE JAMBS - CLEAR FINISH 96""",EA,65.5,45.85,,,,
C00353.000B,ALUM COVER;POCKET JAMB 24.25' BRONZE 291 IN,LF,12.8,8.96,,,,
C00353.000B96,"ALUMINUM COVER FOR POCKET STYLE JAMBS - DARK BRONZE FINISH 96""",EA,88.4,61.88,,,,
C00355.0000,"VINYL W/S TRSM BLK VISTAWALL #V18""NO SUBSTITUTES""",LF,4.8,3.36,,,,
C00358.00RA,ALUM NOSING - CLEAR 252 IN,LF,11.6,8.12,,,,C0358A
C00358.00RB,ALUM NOSING SL BRONZE 252 IN,LF,23.5,16.45,,,,C0358RB
C00363.0A21,ALUM RAIL LOCK MED STYLE - CLEAR 258 IN,LF,34.9,24.43,,,,
C00363.0A24,ALUM RAIL LOCK MED STYLE - CLEAR 294 IN,LF,34.9,24.43,,,,
C00363.0B21,ALUM RAIL LOCK MED STYLE BRONZE 258 IN,LF,34.9,24.43,,,,
C00365.2A21,ALUM RAIL LOCK - CLEAR 258 IN,LF,30.2,21.14,,,,
C00365.2A2184,NARROW STILE LEAD RAIL CLEAR FINISH - STANDARD 0.090 WALL MATERIAL -,EA,141.0,98.7,,,,
C00365.2A24,ALUM RAIL LOCK - CLEAR 294 IN,LF,30.2,21.14,,,,
C00365.2B21,ALUM RAIL LOCK BRONZE 258 IN,LF,36.5,25.55,,,,
C00365.2B2184,NARROW STILE LEAD RAIL DARK BRO,E A,166.0,116.2,,,,
C00365.2B24,ALUM RAIL LOCK BRONZE 294 IN,LF,33.3,23.31,,,,
C00365.RA21,ALUM RAIL LOCK - CLEAR 258 IN,LF,50.7,35.49,,,,
C00365.RB21,ALUM RAIL LOCK BRONZE 258 IN,LF,58.8,41.16,,,,
C00367.0000,ALUM EXTRU; GUIDE TRACK - MILL 288 IN,LF,16.6,11.62,,,,
C00367.000B,ALUM EXTRU; GUIDE TRACK- BRONZE 288 IN,LF,30.1,21.07,,,,
C00368.001A,ALUM ADAPTER SURFACE STOPS - CLEAR 288 IN,LF,14.2,9.94,,,,
C00368.001B,ALUM ADAPTER SURFACE STOPS BRONZE 288 IN,LF,15.8,11.06,,,,
C00369.00RA,ALUM BEAD SLOPE GLAZING - CLEAR 276 IN,LF,4.8,3.36,,,,
C00369.00RB,"STOP GLASS SLOPE DARK BRONZE ANODIZE FOR 1/4"" GLASS BRONZE 276 IN",LF,6.3,4.41,,,,
C00369.VNRA,STOP SLOPE ASSY CLR WITH VINYL STOP SLOPE CLR,LF,11.1,7.77,,,,
C00369.VNRB,STOP SLOPE ASSY BZ WITH VINYL STOP SLOPE BZ,LF,11.2,7.84,,,,
C00370.001A,ALUM GLASS STOP 1/4 SURFACE CLEAR 288 IN,LF,4.8,3.36,,,,
C00370.001B,ALUM GLASS STOP 1/4 SURF BRONZE 288 IN,LF,6.3,4.41,,,,
C00370.VN1A,STOP ASSY .25 CLR WITH VINYL STOP GLASS CLR,LF,6.3,4.41,,,,
C00370.VN1B,STOP ASSY .25 BRZ WITH VINYL STOP GLASS BRZ,LF,7.9,5.53,,,,
C00371.000R,VINYL W/S FIXED PNL-JAMB,LF,14.3,10.01,,,,
C00372.000R,VINYL W/S NOSING,LF,4.8,3.36,,,,
C00373.0000,VINYL W/S MAN SO TO JAMB,LF,4.8,3.36,,,,
C00379.001A,ALUM EXTRU-GLASS STOP 3/4 IN - CLEAR 288 IN,LF,6.3,4.41,,,,
C00379.001B,"ALUM EXTRU-GLASS STOP 3/4"" BRONZE 288 IN",LF,7.9,5.53,,,,
C00379.VN1A,STOP ASSY 0.75 CLR WITH VINYL STOP GLASS 0.75 CLR,LF,7.9,5.53,,,,
C00379.VN1B,STOP ASSY 0.75 BZ WITH VINYL STOP GLASS 0.75 BZ,LF,7.9,5.53,,,,
C00379.VN2A,"STOP ASSY 1/8"" CLR WITH VINYL STOP GLASS 1/8""",LF,9.6,6.72,,,,
C00379.VN2B,"STOP ASSY 1/8"" BZ WITH VINYL STOP GLASS 1/8""",LF,11.2,7.84,,,,
C00380.001B,ALUM TRACK FOR C-265 - DARK BRONZE 288 IN,LF,10.8,7.56,,,,
C00381.0000,ALUM THRESHOLD TH4 MILL 216 IN SL,LF,50.7,35.49,,,,
C00381.000B,ALUM THRESHOLD TH4 DARK BRONZE 216 IN SL,LF,89.1,62.37,,,,
C00383.000A,ALUM TUBE 2 X 1.75 X .125 - CLEAR 288 IN,LF,27.0,18.9,,,,
C00383.000B,ALUM TUBE 2X1.75X.125 BRONZE 288 IN,LF,47.6,33.32,,,,
C00385.00RA,ALUM FACEPLATE 6 IN HDR - CLEAR 288 IN,LF,36.5,25.55,,,,
C00385.00RB,ALUM FACEPLATE 6 IN. HDR BRONZE 288 IN,LF,42.8,29.96,,,,
C00386.001A,ALUM ADPT C330 - CLEAR 288 IN,LF,22.3,15.61,,,,
C00386.001A60,ALUMINUM ADAPTER FOR C00330 CLEAR FINISH - COMMONLY FOUND IN THR EA,,111.0,77.7,,,,
C00386.001B,ALUM ADPT C330 BRONZE 288 IN,LF,22.3,15.61,,,,
C00386.001B60,ALUMINUM ADAPTER FOR C00330 DARK BRONZE FINISH - COMMONLY FOUN,EA,113.0,79.1,,,,
C00388.002A,ALUM JAMB DBL POCKET - CLEAR 288 IN,LF,74.8,52.36,,,,
C00388.002B,ALUM JAMB DBL POCKET BRONZE 288 IN,LF,76.1,53.27,,,,
C00389.0001,MOHAIR W/S INTRLK VERT AMESBURY P/N 46027045BKWP,LF,4.8,3.36,,,,
C00389.0002,MOHAIR W/S INTRLK W/ADHESIVE AMESBURY P/N 4601554BKWP,LF,3.3,2.31,,,,
C00389.0004,"MOHAIR W/S INTRLK VERT .620"" 270X620 M WHITE 62027045WHGP",LF,0.8,0.56,,,,
C00389.0005,"MOHAIR W/S INTERLOCK WITH VERTICAL FABRIC FIN 3/4""",LF,3.3,2.31,,,,
C00389.0007,"MOHAIR W/S INTRLK VERT .620"" 270X620 GRAY 62027045GYGP FLATBACK",LF,1.1,0.77,,,,
C00389.01FL,INTERLOCK MOHAIR WITH FINSEAL AMESBURY P/N 45027045BKG2 (.450 H X .,LF,4.8,3.36,,,,
C00390.0000,ALUM THRESHOLD; 1/2 X 7 - MILL 220 IN,LF,34.9,24.43,,,,
C00390.000B,ALUM THRESHOLD;1/2 X 7 IN - DARK BRONZE 220 IN,,42.8,29.96,,,,
C00391.0001,CAP NYLON TRACK SELF-MOUNTING,,22.3,15.61,,,,
C00392.000A,ALUM ADPT C358 - CLEAR 288 IN,,17.5,12.25,,,,
C00392.000B,ALUM ADPT C358 - DARK BRONZE 288 IN,,25.4,17.78,,,,
C00393.001A,ALUM INTERLOCK MAT - CLEAR 144 IN,,7.9,5.53,,,,
C00393.001B,ALUM INTERLOCK MAT BRONZE-144 IN,,6.3,4.41,,,,
C00396.000A,ALUM TUBE 4 X 4X 1/8 - CLEAR 288 IN,,63.6,44.52,,,,
C00396.000B,ALUM TUBE 4X4X1/8 DARK BRONZE 288 IN,,69.9,48.93,,,,
C00397.0000,VINYL ADPT C389-1,,3.9,2.73,,,,
C00398.0000,ALUM ADPT INTERLOCK MOHAIR MILL 288 IN,,1.7,1.19,,,,
C00398.000A,ALUM ADPT INTERLOCK MOHAIR - CLEAR 288 IN,,4.8,3.36,,,,
C00398.000B,ALUM ADPT INTERLOCK MOHAIR DARK BRONZE 288 IN,,12.8,8.96,,,,
C00401.0000,BOLT 1/4-20X1-1/4RH PS,,1.7,1.19,,,,
C00402.0000,BOLT 1/4-20X1 RH PS PL,,1.7,1.19,,,,
C00404.0000,NUT 1/4-20 KEPS PL,,1.7,1.19,,,,
C00405.0000,BOLT 1/4-20X5/8 SCS PL,,4.8,3.36,,,,
C00405.0002,BOLT 1/4X20X1/2 SCS PL LOW PROFILE,,4.8,3.36,,,,
C00406.0000,ROLLER WHL CARG 2000/2000B OP IAW DWG C00406.0000,,46.4,32.48,,,,
C00407.0000,ASSY WHEEL CARRIAGE-010L X-O,,183.0,128.1,,,,
C00408.0000,ASSY WHEEL CARRIAGE-010L O-X,,167.0,116.9,,,,
C00409.0000,"ASSY WHEEL CARRIAGE-010L ""X""",,167.0,116.9,,,,
C00410.0000,BOLT 8-32X1/2 CS PL,,1.7,1.19,,,,
C00411.0000,BKT HANGER SIDE MT,,79.1,55.37,,,,
C00411.0001,BKT HANGER S210 SLOW DOOR,,63.6,44.52,,,,
C00412.0000,BKT HANGER SIDE MT,,76.1,53.27,,,,
C00413.000A,BOLT 6X3/8 FHP SS CLR,,1.7,1.19,,,,
C00417.0000,BOLT 14 X 1 1/2 HWHSMS PL,,1.7,1.19,,,,
C00418.0000,BOLT 14X3 FH PS PL,,7.9,5.53,,,,
C00425.0001,ACCES PKG MAN X WHEEL ASSY,,333.0,233.1,,,,
C00437.000A,BOLT 10-24X1/2 FH 82 UC PHIL TYPE 23 THREAD CUTTING ZINC PT,,1.7,1.19,,,,
C00437.000B,BOLT 10-24X1/2 FH 82 UC PHIL TYPE 23 THREAD CUTTING STAT BZ,,1.7,1.19,,,,
C00437.000C,BOLT 10-24X1/2 FH 82 UC PHIL TYPE 23 THREAD CUTTING BLK OX SS,,2.2,1.54,,,,
C00443.0001,BKT HEADER TO JAMBBOTTOM (STL SHEET-0.141),,36.0,25.2,,,,
C00444.0001,MAGNET SO-GRI #PS-M15-B OR SENTROL P/N 113-Z-HORTON,,55.0,38.5,,,,
C00445.001C,FLUSH PULL AR 41950002119,,95.2,66.64,,,,
C00449.000A,BOLT 10-24X3/4 FH T23 CLR,,1.7,1.19,,,,
C00449.000B,BOLT 10-24X3/4 FH T23BZ,,1.7,1.19,,,,
C00449.001A,"#10-24X1 1/4"" FHMS SELFTAP CLR",,4.5,3.15,,,,
C00450.000A,BOLT 10X1-1/2 FHMS PH 410 SS,,1.7,1.19,,,,
C00453.000A,BOLT 10X5/8 PHSMS PHILLUPS PL CLR,,1.7,1.19,,,,
C00453.000B,BOLT 10X5/8 PHSMS PHILPLT,,1.7,1.19,,,,
C00454.0000,"LOCKHOOK IDC# DH-1820-H-31/32""",,117.0,81.9,,,,
C00455.000A,CYL KEY CLR KEYED ALIKE IDC# CZ-1001-SC-1195-KA2-AL,,77.9,54.53,,,,
C00455.000B,CYL KEY BZ-KEYED ALIKE IDC# CZ-1001-SC-1195-KA2-DU,,76.1,53.27,,,,
C00455.000C,CYL KEY BLK,,30.2,21.14,,,,
C00458.000A,BOLT 8-32X7/16 FH PH CLR,,1.7,1.19,,,,
C00458.000B,BOLT 8-32X7/16 FH PH BZ,,1.7,1.19,,,,
C00459.001C,OXXO KEEPER FOR C365 VR,,37.9,26.53,,,,
C00459.002C,KEEPER LOCK.BIPART.BR UNIT.ALUMINUM.BLACK POWDER COAT,,17.4,12.18,,,,
C00459.00RC,STRIKE KEEPER FOR C365 VERTICAL RAIL-NO HARDWARE-BLK,,26.0,18.2,,,,
C00461.000A,FACEPLATE LOCK,,22.3,15.61,,,,
C00461.000B,FACEPLATE LOCK BZ,,27.0,18.9,,,,
C00461.001A,ASSEMBLYFACEPLATE LOCK,,25.4,17.78,,,,
C00461.001B,ASSEMBLYFACEPLATE LOCK BRZ,EA,25.4,17.78,,,,
C00462.0002,FLSHBLTAUTO IVES FB51T US32D WITH STRIKE PLATE - WORK ORDERLESS RET,EA,415.0,290.5,,,,
C00462.0003,PLATESTRIKE TOP FOR IVES - WORK ORDERLESS RETURN C462.2,EA,303.0,212.1,,,,
C00462.0005,ASSYFB CONSTANT LATCH W/LEVER - WORK ORDERLESS RETURN C462.2,EA,311.0,217.7,,,,
C00462.0006,FB CONSTANT LATCH W/O LEVER,EA,210.0,147.0,,,,
C00462.0007,STRIKE PLATE; ICU DEAD LATCH (SS. SHEET .050),EA,10.6,7.42,,,,
C00462.000A,FLUSH BOLTW/METAL PIN CLR INTL DR CLSR FB-1202-M-1200-AL,EA,73.6,51.52,,,,
C00462.000B,FLUSH BOLTW/METAL PIN-BRZ CRL#DL2210DU18,EA,68.0,47.6,,,,
C00463.000A,THUMBTURN CLR 4145-28 IDC # TZ-3001-1195-AL,EA,57.2,40.04,,,,
C00463.000B,THUMBTURN BZ 4145-28 IDC# TZ-3001-1195-DU,EA,57.2,40.04,,,,
C00463.001A,THUMBTURN CLR 4145-28SP GMS PART# HOR-M156TL26DAR,EA,71.1,49.77,,,,
C00463.001B,THUMBTURN GMS#HOR-M156TL10BAR,EA,71.1,49.77,,,,
C00464.0001,CABLE CLAMP ASSY (SLAVE SIDE S1000),EA,82.2,57.54,,,,
C00465.0001,BKT COACT SLAVE,EA,39.7,27.79,,,,
C00466.0001,CLAMP CABLE,EA,60.2,42.14,,,,
C00467.0002,ASSYCABLE-COACT 140.5 HDR2000,EA,189.0,132.3,,,,
C00467.0003,ASSYCABLE-COACT 164.5 HDR2000,EA,164.0,114.8,,,,
C00467.000A,"ASSY CABLE COACT(INCLUDES C526,C526,528 & C653 CABLE)",EA,660.0,462.0,,,,
C00468.0000,PULLEY CO-ACT ONLY,EA,28.5,19.95,,,,
C00470.0000,BOLT 1/4-20X1 1/4 HEX CS L8,EA,3.3,2.31,,,,
C00474.0001,PULLEY ASSY,EA,67.6,47.32,,,,
C00482.0000,LOCKWASHER 1/4 INT,EA,1.7,1.19,,,,
C00483.0000,LOCKWASHER 1/4 SPLIT,EA,1.7,1.19,,,,
C00483.000P,LOCKWASHER 1/4 SPLIT SS,EA,1.7,1.19,,,,
C00487.000A,LOCK INDICATOR CRL P/N DL2177A ADAMS RITE 4089-00 RC130,EA,105.0,73.5,,,,
C00487.000B,SO LOCK 4089-00 RC121 CRL#DL2177DU,EA,104.0,72.8,,,,
C00487.001A,SO LOCK 4089-01 RC130 CRL PART# DL2187A,EA,101.0,70.7,,,,
C00487.001B,LOCK INDICATOR DL2187DU- BRNZ LOCK ADAMS RITE 4089-01 RC121,EA,45.1,31.57,,,,
C00490.0000,"SCREW#8-32X3/8"" FHMS SS",EA,1.7,1.19,,,,
C00491.0000,BOLT 10-24X3/4 FH ALEN,EA,0.6,0.42,,,,
C00491.0001,CAPNYLON TRACK S810,LF,14.2,9.94,,,,
C00492.0001,"BOLT, 1/4-20 X 1 FHMS UC ZINC PLATE",EA,3.3,2.31,,,,
C00500.0001,BOLT 10-24X1/2 RH PSPL,EA,1.7,1.19,,,,
C00504.0001,PLATE HANDICAP SWITCH,EA,47.6,33.32,,,,
C00512.0002,"PINGUIDE 1""BOTTOM PIVOT PLATE TRACKLESS ICU 310",EA,60.2,42.14,,,,
C00513.0001,BOLT 4-40X1 BHMS SLOTTED,EA,1.7,1.19,,,,
C00515.0001,PIN GUIDE FOR C-524-1,EA,19.1,13.37,,,,
C00517.0000,MICROSWITCH PUSH BUTTON #ASKHC2BB4AC,EA,62.6,43.82,,,,
C00519.0000,SWITCH MOUNTING PLATE ASSY,EA,48.6,34.02,,,,
C00520.0000,PUSH BUTTON SW11 ASSY,EA,155.0,108.5,,,,
C00521.0000,"ASSYPUSH BTTN ""PRESS TO OPEN""",EA,137.0,95.9,,,,
C00521.0001,ASSY ALARM/HELP PB,EA,116.0,81.2,,,,
C00521.0002,HANDICAP PRESS TO OPEN P.B.,EA,401.0,280.7,,,,
C00521.0003,ASSY3 PUSH BUTTON SWITCH SECURITY WINDOWS SERV PART,EA,180.0,126.0,,,,
C00523.0000,KEYSWITCH ON-OFF ASSY,EA,152.0,106.4,,,,
C00525.0000,SCREW6-32X1/4 FHMS PHIL,EA,0.3,0.21,,,,
C00525.000B,SCREW 6-32X1/4 FHMS BRZ,EA,0.4,0.28,,,,
C00525.000C,6-32X1/4 FHMS PHIL BLK,EA,3.3,2.31,,,,
C00526.0000,FIT CABLE AN669-S3RH,EA,94.9,66.43,,,,
C00527.0000,FIT CABLE AN669-S3LH,EA,41.1,28.77,,,,
C00528.0000,BARL CABLE AN155-16S,EA,94.9,66.43,,,,
C00529.0000,KEYSWITCH MAINTAIN ASSY,EA,128.0,89.6,,,,C00529
C00529.0001,SWITCH CHI 2274-80-2 MAIN,EA,108.0,75.6,,,,
C00530.0000,KEYSWITCH MOMENTARY ASSY,,148.0,103.6,,,,
C00532.0000,BOT GUIDE OUTSIDE REPLACE,,8.0,5.6,,,,
C00536.0001,BLOCK BOTTOM CORNER,,5.3,3.71,,,,
C00537.000R,BLOCK TOP CORNER,,20.7,14.49,,,,
C00538.000R,PLATE BOTTOM BACKUP,,19.2,13.44,,,,
C00539.000R,PLATE TOP BACKUP FULL (STL PLATE-0.188),,9.6,6.72,,,,
C00541.0000,BOLT 10-24X1/2 INDNTD HHCSPL,,1.7,1.19,,,,
C00542.0000,BUSHING P-50-3,,8.0,5.6,,,,
C00543.0000,WASHER THRUST-#EW101601 REFER TO DWG C00543.0000,,3.3,2.31,,,,
C00545.0001,STOP CENTER 0XX0,,49.3,34.51,,,,
C00546.0000,BOLT 1/4-20X7/8 CAP PL,,3.3,2.31,,,,
C00547.0000,ASSY SELF CLOSING SPRING EXTENDED CABLE,,505.0,353.5,,,,
C00547.0003,HARDWARE.ASSEMBLY.SELF CLOSER SPRING.ICU,,110.0,77.0,,,,
C00552.0003,GLAZING BLOCKSNAP-IN,,1.7,1.19,,,,
C00554.0000,LOCKWASHER 3/8,,1.7,1.19,,,,
C00556.000C,PLATE ON/OFF 1 3/4,,63.6,44.52,,,,
C00557.0000,BOLT 10X2 1/2 PHSMS SS PS,,1.1,0.77,,,,
C00560.0000,ARMTOP-END LOAD TYPE A C.R.LAURENCE # 8010A,,90.3,63.21,,,,
C00563.0000,SHAFT FOR COACT PULLEY,,27.0,18.9,,,,
C00564.0000,WASHER FENDER 1/4 IN,,3.3,2.31,,,,
C00565.0000,BOLT 10X3/8 PHSMS POINTED,,1.7,1.19,,,,
C00565.000C,BOLT 10X3/8 PHSMS POINTED BLACK ZING,,5.2,3.64,,,,
C00576.0000,BOLT 1/4-20X1 1/2HHMSG5PL,,3.3,2.31,,,,
C00576.000P,BOLT 1/4-20 X 1 1/2SSHHMB,,1.7,1.19,,,,
C00578.0000,SCREW ADJ; 1/4-20 UNC-2A X1-1/4 W/Ø.104 HOLE.500 DP DL,,3.3,2.31,,,,
C00582.002A,BOT PIVOT S410 NOTHR ASSY,,92.1,64.47,,,,
C00582.002B,BOT PIVOT S410 NOTHR ASSY,,92.1,64.47,,,,
C00586.00R2,BKT THRESHOLD PIVOT,,41.1,28.77,,,,
C00586.00R3,PLATE-TAPPING-THRESHOLD PIVOT,,48.0,33.6,,,,
C00587.0000,BOLT 1/4-20X1 1/4FH PS,,3.3,2.31,,,,
C00588.00R2,BLOCK PIVOT LOWER SP,,88.2,61.74,,,,
C00589.0000,PIVOT SP LOWER ADJ,,44.6,31.22,,,,
C00590.02LH,ASSY SP PIVOT UPPER LH,,69.4,48.58,,,,
C00590.02RH,ASSY SP PIVOT UPPER RH,,85.9,60.13,,,,
C00591.0001,PIN PIVOT UPPER SP,,49.3,34.51,,,,
C00593.0000,BUSHING FF520-10,,7.7,5.39,,,Also listed at $38.85 (SLIDER HANGER BKT ASSY),
C00596.0003,BRACKET-DOOR HANGER ASSY (STL PLATE-0.25),,23.7,16.59,,,,
C00598.0001,SUPPORT HDR TO NOTCH (STL SHEET-0.078),,3.3,2.31,,,,
C00602.0000,CLAMP CHAIN TELE FAST,,71.1,49.77,,,,
C00604.0001,CLAMP CABLE TELE SLOW,,194.0,135.8,,,,
C00605.0001,CLAMP CABLE TELE SLOW,,194.0,135.8,,,,
C00606.0001,HANGER SIDE MOUNT,,41.1,28.77,,,,
C00607.0001,HANGER FLAT MOUNT,,41.1,28.77,,,,
C00609.0000,ARM DRIVE SLAVE,,49.3,34.51,,,,
C00610.0000,ADAPTER ARM TO OPER,,31.8,22.26,,,,
C00611.0001,BKT SLOW FOR SPROCKET,,19.1,13.37,,,,
C00615.0000,CNTR CABLE TO CHAIN,,141.0,98.7,,,,
C00616.0000,CNTR CABLE TO BARREL,,49.3,34.51,,,,
C00623.0001,CARRIAGE WHEEL SX TOP,,206.0,144.2,,,,
C00624.0000,CHAIN 25 ROLLER,,27.0,18.9,,,,
C00625.000P,BOLT 1/4-20 X 1 1/2 SCSSS,,5.4,3.78,,,,
C00626.0001,LINKS CONN CHAIN #25,,19.1,13.37,,,,
C00628.001A,BOT GUIDE TELE X FAST ASSY,EA,98.3,68.81,,,,
C00628.001B,BOT GUIDE TELE X FAST ASSY,EA,98.3,68.81,,,,
C00629.001A,BOT GUIDE TELE X SLOW ASSY,EA,93.4,65.38,,,,
C00629.001B,BOT GUIDE TELE X SLOW ASSY,EA,92.1,64.47,,,,
C00630.0001,PULL FLUSH - MANUAL WINDOW HB IVES#227B26D,EA,44.4,31.08,,,,
C00631.0000,BKT CORNER 1 3/4X4 TUBE C.R. LAURENCE # BPF4,EA,11.2,7.84,,,,
C00634.000A,GUARD CYL MS4043 CLR,EA,66.8,46.76,,,,
C00634.000B,GUARD CYL MS4043 BZ,EA,61.8,43.26,,,,
C00636.0001,PULLEY MODIFIED C474-1,EA,119.0,83.3,,,,
C00637.0001,BKT JAMB (STL SHEET-0.078),EA,17.5,12.25,,,,
C00643.0000,BOLT 1/4-20X5/8 HHC GR8PL,EA,3.3,2.31,,,,
C00645.001A,TELSCOP BOTTOM GUIDE ASSY,EA,194.0,135.8,,,,
C00645.001B,TELSCOP BOTTOM GUIDE ASSY,EA,194.0,135.8,,,,
C00646.001A,TELSCOP BOTTOM GUIDE ASSY,EA,194.0,135.8,,,,
C00646.001B,TELSCOP BOTTOM GUIDE ASSY,EA,180.0,126.0,,,,
C00649.0000,BOLT 10X1 1/4 FHSMS SS,EA,1.7,1.19,,,,
C00653.0000,CABLE 3/32 - 7 X19 - GALVANIZED STEEL,LF,17.5,12.25,,,,
C00659.0000,41-0444-02 LOCK ONLY,EA,159.0,111.3,,,,
C00664.000A,BOLT #8X1 FH PL PS CLR,EA,1.7,1.19,,,,
C00664.000B,BOLT #8X1 FH PL PS BZ,EA,1.7,1.19,,,,
C00664.001A,BOLT #8X3/4 FH PL PS CLR,EA,1.7,1.19,,,,
C00664.001B,BOLT #8X3/4 FH PL PS BZ,EA,1.7,1.19,,,,
C00666.0001,BKT HEADER TO JAMBTOP (STL SHEET-0.141),EA,15.8,11.06,,,,
C00672.0000,CLIP FOR ADJ ASTRAGLE,EA,7.7,5.39,,,,
C00682.0000,SPRING SILVER SX CLOSER O-SX OR SO-SX,EA,82.2,57.54,,,,
C00683.0000,SPRING GOLD SX CLOSER SX-O OR SX-SO,EA,92.1,64.47,,,,
C00684.0000,NUT 1/2-13 HEX PL,EA,1.7,1.19,,,,
C00690.0000,BOLT 1/4-20X1 SCS,EA,1.7,1.19,,,,
C00693.0000,BLC D21 BOTTOM CORNER,EA,12.8,8.96,,,,
C00695.0001,RAMP;ICU 310T MAX OPENING,EA,68.0,47.6,,,,
C00695.0002,"HARDWARE.RAMP.ICU 310 T.MAX OPENING.2.75"" X 2.54"".DELRIN.MACHINE",EA,46.0,32.2,,,,
C00695.0004,RAMP.SEPARATOR.TELE MAX SX FAST.DELRIN,EA,42.0,29.4,,,,
C00695.0005,RAMP KIT.SX-F.TELE XM,EA,62.5,43.75,,,,
C00696.0000,VIBRATION ISOLATOR,EA,95.1,66.57,,,,
C00697.0000,VIBRATION ISOLATOR RETAINER,EA,11.2,7.84,,,,
C00698.030A,"EXIT DEVICE 30"" CLEAR 8601T30",EA,556.0,389.2,,,,
C00698.030B,"EXIT DEVICE 30"" BZ-AR 8602T30",EA,556.0,389.2,,,,
C00698.036A,"EXIT DEVICE 36"" CLR-AR 8601T36",EA,558.0,390.6,,,,
C00698.036B,"EXIT DEVICE 36"" BZ-AR 8602T36",EA,558.0,390.6,,,,
C00698.048A,"EXIT DEVICE 48"" CLR-AR 8601T48",EA,558.0,390.6,,,,
C00698.048B,"EXIT DEVICE 48"" BZ-AR 8602T48",EA,558.0,390.6,,,,
C00699.000A,ESCT 8650-628 CLR ADAMS R,EA,104.0,72.8,,,,
C00699.000B,ESCT 8650-313 BNZ ADAMS R,EA,93.4,65.38,,,,
C00700.000A,ALUM EXTRU-FACEPLATE 6 IN WALGRNS - CLEAR 288 IN,LF,30.2,21.14,,,,
C00700.000B,ALUM EXTRU-FACEPLATE 6 IN WALGRNS - DARK BRONZE 288 IN,LF,31.8,22.26,,,,
C00701.0001,PLATEADJUST STRIKE-JAMB-SR,EA,55.5,38.85,,,,
C00710.0000,NOSING; SMOKE RATED ICU,LF,25.4,17.78,,,,C0710
C00711.0000,SEAL; FIN SMOKE RATED ICU,LF,7.5,5.25,,,,
C00712.0000,SEAL; BREAKOUT SMOKE RATED ICU,LF,8.4,5.88,,,,
C00715.0000,SEAL; 3 FIN SMOKE RATED ICU,LF,12.8,8.96,,,,
C00719.000C,SEALSTRIP W/ADHSV-SMOKE RATED PEMCO P/N S88BL25,LF,9.6,6.72,,,,
C00720.000A,SEAL; BRKT & BRUSH SMOKE RATED PEMCO P/N 18062CNB48,LF,11.2,7.84,,,,
C00720.001A,SEAL; BRKT & BRUSH SMOKE RATED PEMKO P/N 18041CNB,LF,11.2,7.84,,,,
C00724.0000,SEAL; JAMB SMOKE RATED ICU,,30.2,21.14,,,,
C00729.003C,ALUM EXTRU;ADPTR ICU T C732 HDR BLACK 288 IN,LF,8.0,5.6,,,,
C00730.000A,ALUM EXTRU;FACE PLATE-MAN TEL HDR - CLEAR 288 IN,LF,19.1,13.37,,,,
C00730.000B,ALUM EXTRU;FACE PLATE-MAN TEL HDR BRONZE 288 IN,LF,22.3,15.61,,,,
C00731.000A,ALUM EXTRU;BRKT PRVNTR-MAN TEL HDR - CLEAR 288 IN,LF,11.2,7.84,,,,
C00731.000B,ALUM EXTRU;BRKT PRVNTR-MAN TEL HDR BRONZE 288 IN,LF,6.4,4.48,,,,
C00732.000A,ALUM EXTRU;MAN TEL HDR - CLEAR 288 IN,LF,69.9,48.93,,,,
C00732.000B,ALUM EXTRUMAN TEL HDR BRONZE 288 IN,LF,81.0,56.7,,,,
C00734.000C,SPACER/ EXTRUSION COVER.ADJUSTABLE BREAKOUT.ALUMINUM.BLACK POW,EA,43.6,30.52,,,,
C00735.000R,RECTIFIER BRIDGE PK40 DOM TB104M,EA,36.5,25.55,,,,
C00738.0001,HOLDER 45 DEG. ICU PEMCO # 45137CNB60,LF,17.5,12.25,,,,
C00740.0000,"KIT; HIGH TEMP, FACE PLATE SEAL - S.R. 310T ICU",EA,27.0,18.9,,,,
C00741.0001,BRUSH HOLDER-SMOKE RATED PEMCO # 18137CNB36,LF,52.4,36.68,,,,
C00760.0000,BUSHING 1/4X1/8 BRASS,EA,8.0,5.6,,,,
C00762.0001,COILED SPRINGSELF CLOSING ICU,EA,459.0,321.3,,,,
C00762.0002,GEAR DAMPENERSELF CLOSING ICU NEED TO ADD C03309 LABEL,EA,174.0,121.8,,,,
C00762.0008,GEAR DAMPNER SELF CLOSING ICU USE C00762.0002,EA,260.0,182.0,,,,
C00762.0009,HOLD OPEN WHEEL SELF CLOSING USE C00762.0005,EA,30.2,21.14,,,,
C00762.007L,RETROFIT KIT FOR SELF CLOSING DOORS LEFT HAND,EA,1382.0,967.4,,,,
C00762.007R,RETROFIT KIT FOR SELF CLOSING DOORS RIGHT HAND,EA,1382.0,967.4,,,,
C00765.000A,BUMPER BASEICU 310T TRACKLESS,EA,49.3,34.51,,,,
C00766.000A,SUB ASSY ICU 310T TRACKLESS BUMPER CLEAR,EA,70.5,49.35,,,,
C00766.001A,BUMPER ASSY; 310T TRACKLESS,EA,90.3,63.21,,,,
C00766.001B,BUMPER ASSY; 310T TRACKLESS BRONZE,EA,90.3,63.21,,,,
C00767.000L,ASSY CONTINOUS FORCE SPRING SO-SX SELF CLOSING ICU,EA,606.0,424.2,,,,
C00767.000R,ASSY CONTINOUS FORCE SPRING SX-SO SELF CLOSING ICU,EA,606.0,424.2,,,,
C00767.001L,DOUBLE SELF CLOSER ICU SX-SO,EA,895.0,626.5,,,,
C00767.001R,DOUBLE SELF CLOSER ICU SO-SX,EA,895.0,626.5,,,,
C00769.1AEG,AUTOLOCK CHASIS,EA,77.9,54.53,,,,
C00774.0000,SPRING AUTOLK,EA,30.2,21.14,,,,
C00774.0002,SPRING AUTOLK MODIFIED,EA,49.3,34.51,,,,
C00775.0000,SOLENOID FOR AUTOLK TP12X13-C24D,EA,264.0,184.8,,,,
C00775.0005,SOLENOID FOR AUTOLK LISK GW LISK P/N S-2232-24,EA,625.0,437.5,,,,
C00776.0000,WASHER RETAINER,EA,25.4,17.78,,,,
C00778.0000,BOLT FOR LOCK (TUFRAM) LOCKBOLT 356 ALUM,EA,52.3,36.61,,,,
C00779.0001,AUTOLOCK SPG RET BUSH,EA,4.8,3.36,,,,
C00786.0000,PIN ROLL 1/4X1 3/4,EA,3.3,2.31,,,,
C00788.0000,BOLT 4-40X5/8 FHMS,EA,1.7,1.19,,,,
C00789.0000,KEEPER FOR AUTOLOCK ASSY,EA,137.0,95.9,,,,
C00789.0001,KEEPER AUTOLOCK-2000B,EA,137.0,95.9,,,,
C00792.0000,LINK CONNECTING RC43 LINK CONN. 65 X 1/8,EA,3.7,2.59,,,,
C00795.0005,ICU SWING STOP,EA,27.0,18.9,,,,
C00796.0001,DROP BOLT GUIDE BLOCK-M DADE,EA,191.0,133.7,,,,
C00799.0000,"FHMS#10-32X1 1/4"" PHILIPS PL",EA,1.7,1.19,,,,
C00801.0000,ASSYBALL CATCH-LIGHT DUTY,EA,44.8,31.36,,,,
C00804.0000,BOLT 1/4-20X5/8 RHMS PHIL,EA,1.7,1.19,,,,
C00805.0001,BALL CATCH W/ BKT ASSY,EA,104.0,72.8,,,,
C00809.001A,COVER UPPER BAR BOT,EA,14.3,10.01,,,,
C00812.0008,PLATE; WHEEL CARRIAGE 2000B BI-PART ONLY ISO 3 ATMOSPHERIC,EA,36.7,25.69,,,,
C00812.0009,"PLATE; WHEEL CARRIAGE S2000B SX-O, SO-SX ISO 3 ATMOSPHERIC",EA,36.7,25.69,,,,
C00814.0001,PLATE IDLER WHEEL CARG (STL PLATE-0.25),EA,28.6,20.02,,,,
C00815.0000,ASSY TOP WHEEL OSX,EA,189.0,132.3,,,,
C00815.0RFL,ASSY-ANTI-DERAIL DRV WHEEL SXO,EA,115.0,80.5,,,,
C00816.0000,ASSY TOP WHEEL SXO,,159.0,111.3,,,,
C00817.0000,TOP WHEEL IDLER ASSY,,165.0,115.5,,,,
C00821.0000,ACC PKG-TOP WHEEL IDLER,,240.0,168.0,,,,
C00822.0000,ACC PKG-IDLER BRACKET,,221.0,154.7,,,,
C00823.0000,BOLT 1/2-13X3 CAP L9,,20.7,14.49,,,,
C00824.0000,BOLT- 5/16 - 18 X 1 - 3/4 HHMB GRADE L 8,,1.7,1.19,,,,
C00825.0001,ACC PKG WHEEL MAN SX ASSY,,311.0,217.7,,,,
C00825.0003,WHEEL CARRIAGE KIT.FAST PANEL.TELE XM,,117.0,81.9,,,,
C00826.0002,BUMPER ASSEMBLY BAGGED,,47.4,33.18,,,,
C00827.0001,WHEEL ASSY,,55.6,38.92,,,,
C00828.0000,BUMPERRUBBER 1 3/8 IN,,14.3,10.01,,,,
C00830.00R2,RETAINER TO SP C801 (STL SHEET-0.125),,30.2,21.14,,,,
C00834.0001,WASHER FLAT 1/4 SS,,1.7,1.19,,,,
C00837.0001,COVER TOP BPR 1 3/4 ML,,3.3,2.31,,,,
C00838.000A,SCREW #6X1/2 FHSMS STAINLESS PHILLIPS,,1.7,1.19,,,,
C00838.000B,SCREW #6X1/2 FHSMS BRONZE PHILLIPS,,1.7,1.19,,,,
C00840.0004,HARDWARE.END CAP.BOTTOM GUIDE.S2000 110.ABS.HI121.MT-11010,,4.6,3.22,,,,
C00841.0001,COVER TOP BUMPER 1 IN. (AL SHEET-0.125),,6.6,4.62,,,,
C00842.0001,PIVOT TORSION BAR,,69.9,48.93,,,,
C00843.001B,"ASSYBTTM GUIDE PIVOT ""SX-O""",,127.0,88.9,,,,
C00843.002A,"ASSYBOTTOM GUIDE ""SX-O""-ELG",,152.0,106.4,,,,
C00843.002B,"ASSYBOTTOM GUIDE ""SX-O""-ELG",,194.0,135.8,,,,
C00843.003A,ASSYBOT GUIDE SX-O LEAD LINED,,147.0,102.9,,,,
C00843.003B,ASSYBOT GUIDE SX-O LEAD LINED,,279.0,195.3,,,,
C00843.1FLA,ASSY-SXO BOT GUIDE REINFORCED,,234.0,163.8,,,,
C00843.1FLB,ASSY-SXO BOT GUIDE REINFORCED,,260.0,182.0,,,,
C00843.2FLA,ASSY-BOTTOM GUIDE SX-O,,206.0,144.2,,,,
C00843.2FLB,ASSY-BOTTOM GUIDE SX-O,,216.0,151.2,,,,
C00844.0005,GUIDE; BOTTOM PIVOT SEPARATOR ASSEMBLY,,208.0,145.6,,,,
C00844.0006,GUIDE; BOTTOM PIVOT SEPARATOR ASSEMBLY,,191.0,133.7,,,,
C00844.001B,ASSYBTTM PIVOT O-SX,,127.0,88.9,,,,
C00844.002A,"ASSYBOTTOM GUIDE ""O-SX""-ELG",,152.0,106.4,,,,
C00844.002B,"ASSYBOTTOM GUIDE ""O-SX""-ELG",,194.0,135.8,,,,
C00844.003A,ASSYBOT GUIDE O-SX LEAD LINED,,147.0,102.9,,,,
C00844.003B,ASSYBOT GUIDE O-SX LEAD LINED,,130.0,91.0,,,,
C00844.1FLA,ASSY-OSX BOT GUIDE REINFORCED,,234.0,163.8,,,,
C00844.1FLB,ASSY-OSX BOT GUIDE REINFORCED,,260.0,182.0,,,,
C00844.2FLA,ASSY-BOTTOM GUIDE O-SX,,191.0,133.7,,,,
C00844.2FLB,ASSY-BOTTOM GUIDE O-SX,,191.0,133.7,,,,
C00845.002A,"ASSYBTTM GUIDE PIVOT ""SX-P""",,269.0,188.3,,,,
C00845.002B,"ASSYBTTM GUIDE PIVOT ""SX-P""",,293.0,205.1,,,,
C00846.002A,"ASSYBTTM GUIDE PIVOT ""P-SX""",,269.0,188.3,,,,
C00846.002B,"ASSYBTTM GUIDE PIVOT ""P-SX""",,293.0,205.1,,,,
C00850.000A,SCREW1/4-20X1/2 FHMS PHIL SS,,1.7,1.19,,,,
C00851.0001,RETROFIT PACKAGE FOR BOTTOM GUIDE,,15.4,10.78,,,,
C00852.0002,ASSY; BOTTOM GUIDE 310 SX-SO,,56.5,39.55,,,,
C00852.0005,ASSYBOTTOM GUIDE-S.R. ICU,,52.3,36.61,,,,
C00852.004L,ASSYBTM GUIDE/DOOR MNT. LH,,144.0,100.8,,,,
C00852.004R,ASSYBTM GUIDE/DOOR MNT. RH,,144.0,100.8,,,,
C00854.000A,BOLT 10-24X3/8 FH PS CLR,,1.7,1.19,,,,
C00857.000A,SUBASSEMBLY; SX TORSION BAR,,1071.0,749.7,,,,
C00857.000B,SUB ASSY SX TORSION BAR,,1123.0,786.1,,,,
C00859.000A,KITJAMB SEAL-HI TEMP S.R. ICU,,20.7,14.49,,,,
C00860.000A,"FHMS #10-32 X 1"" PHILIPS",,0.4,0.28,,,,
C00861.0001,BOLT 10-24X3/8 BSCS,,1.7,1.19,,,,
C00861.001P,BSCS#10-24X3/8HEX SKT SS,,1.7,1.19,,,,
C00861.004P,SCREW; 10-32 X 1/2 SHOULD BOLT MMC # 90337A191,,52.3,36.61,,,,
C00863.0001,RING CRESCENT 5103-37,,4.8,3.36,,,,
C00864.0001,BOLT 1/4-20X3/8 BUT SCS,,4.8,3.36,,,,
C00864.001P,SCREW1/4-20X3/8 BUT HX SCSSS,,0.3,0.21,,,,
C00865.0003,ADAPTER ASY 4570C865 HANDLE ADAMS RITE # 41-0114,,38.1,26.67,,,,
C00865.0004,ASSYLATCH-POSITIVE ADAMS RITE P/N 4570H-0004,,49.3,34.51,,,,
C00865.005A,ASSYHANDLES-POSITIVE LATCH ADAMS RITE P/N 4570H-005A,,415.0,290.5,,,,
C00865.005B,ASSYHANDLES-POSITIVE LATCH ADAMS RITE P/N 4570H-005B,,415.0,290.5,,,,
C00865.2ALH,LEVERHANDLE W/O SQ SHFT S.S ADAMS RITE # 41-0082-01-99-130,,161.0,112.7,,,,
C00865.2ARH,LEVERHANDLE W/O SQ SHFT S.S ADAMS RITE # 41-0082-00-99-130,,161.0,112.7,,,,
C00865.2BLH,LEVERHANDLE W/O SQ SHFT S.S ADAMS RITE # 41-0082-01-99-121,,150.0,105.0,,,,
C00865.2BRH,LEVERHANDLE W/O SQ SHFT S.S ADAMS RITE # 41-0082-00-99-121,,150.0,105.0,,,,
C00865.AM5A,ASSYHDLS-POS LTCH ANTIMICROBI ADAMS RITE P/N 4570HA-005A,,415.0,290.5,,,,
C00865.AM5B,ASSYHDLS-POS LTCH ANTIMICROBI ADAMS RITE P/N 4570HA-005B,,415.0,290.5,,,,
C00865.AM6A,ASSEMBLY; SO BREAKOUT LEVER HANDLE W/ ANTIMICROBIAL COATING,,310.0,217.0,,,,
C00866.02RH,ASSYRH ACTUATOR-SO POS. LATCH ADAMS RITE P/N 4576H-02RH,,287.0,200.9,,,,
C00866.3ALH,ASSYLH HANDLE-SO POS. LATCH ADAMS RITE P/N 4576H-3ALH,,232.0,162.4,,,,
C00866.3ARH,ASSYRH HANDLE-SO POS. LATCH ADAMS RITE P/N 4576H-3ARH,,242.0,169.4,,,,
C00867.0000,WASHER 1/2 SAE,,3.3,2.31,,,,
C00868.0000,SPACERHOOK LATCH S.R. ICU,,48.0,33.6,,,,
C00869.000A,PLATEW/S RETAINER-ICU W/C865,,109.0,76.3,,,,
C00869.000B,PLATEW/S RETAINER-ICU W/C865,,50.7,35.49,,,,
C00870.0001,ACC PKG BOT PIVOT S310 ASSY,,116.0,81.2,,,,
C00875.0001,HOLDER BUMPER 1 1/8 (STL SHEET-0.109),,22.0,15.4,,,,
C00876.0001,BUMPER TOP 1 7/8 (STL SHEET-0.109),,3.3,2.31,,,,
C00879.000R,FHSS1/4-20X3/4 W/ NYLON PATCH,,3.3,2.31,,,,
C00880.0001,ASSEMBLY; TOE ROLLER MANUFACTURED,,221.0,154.7,,,,
C00883.0001,ADAPTOR ARM ADAMS RITE # 22-0282,,6.4,4.48,,,,
C00883.0002,ROD BOLT ASSY ADAMS RITE # 31-0278-18,,39.7,27.79,,,,
C00883.0003,BOLT GUIDE W/SCREW PACK ADAMS RITE # 41-0827-02H,,8.8,6.16,,,,
C00883.0005,SPIDER FOAM; ANTI-VIBRATION .315 ID,,6.4,4.48,,,,
C00884.0000,ASSY;LOCK BOLT-TALL SLIDE DOOR,,54.3,38.01,,,,
C00887.0000,BOLT 1/4-20X3/4 FH PS,,1.7,1.19,,,,
C00888.001B,HIBCO 3848 USE C00888.001C ALUM INTRLK VERT 3/8 SOSX BZ,,27.1,18.97,,,,
C00888.001P,INTERLOCK CLIP-SERIES 2003TSS (SS. SHEET .0625),,34.8,24.36,,,,
C00888.002C,INTRLK 8 IN. SOSX BLK,,37.6,26.32,,,,
C00888.005A,CLIPINTERLOCK SO-SX HD85 CLR,,137.0,95.9,,,,
C00888.005B,CLIPINTERLOCK SO-SX HD85 BRZ,,192.0,134.4,,,,
C00888.00CR,COVER HOOK.CLEAN ROOM,,132.0,92.4,,,,
C00888.00FL,"INTERLOCK CLIP SS 8"" USED ON MIAMI INTL AIRPORT (SS. SHEET .0625)",,25.4,17.78,,,,
C00888.00SS,INTERLOCK CLIP,,28.6,20.02,,,,
C00888.HDFL,INTERLOCK CLIP FOR HD-STORM,,28.6,20.02,,,,
C00890.0001,SHIM; JAMB LOCK (STL SHEET-0.078),,49.9,34.93,,,,
C00891.0001,KITADJ. STRIKE PLATE-S.R.ICU,,44.4,31.08,,,,
C00891.0002,KIT; FLOATING STRIKE PLATE ICU,,98.0,68.6,,,,
C00892.0000,PIN ROLL 1/8X1 BLK,,1.7,1.19,,,,
C00895.0001,SW C/O SX SCHALBAU S870 W1D1R,,154.0,107.8,,,,
C00896.0000,"PINCOILED SPRING 1/8""X3/4"" AISI 1070-1095 1200 LBS",,1.7,1.19,,,,
C00898.0000,PIN GUIDE FOR C852R4,,25.4,17.78,,,,
C00901.0000,SW PROTECTOR SX C/O,,34.9,24.43,,,,
C00902.002L,"ASSEMBLY; ""SX"" LH CUT/OFF SWITCH 2001 & 3 BELT",,233.0,163.1,,,,
C00902.002R,"ASSEMBLY; ""SX"" RH CUT / OFF SWITCH 2001 & 3 BELT",,233.0,163.1,,,,
C00902.003L,"ASSEMBLY; ""SX"" LH CUT / OFF SWITCH S2000 LINEAR & S2000 BELT",,380.0,266.0,,,,
C00902.003R,"ASSEMBLY; ""SX"" RH CUT / OFF SWITCH S2000 LINEAR & S2000 BELT",,380.0,266.0,,,,
C00903.0000,PIN GUIDE SX,,21.9,15.33,,,,
C00903.0002,GUIDE PLATEBTTM-METRO DADE,,82.2,57.54,,,,
C00903.0003,GUIDE PLATESX BTTM-ELEGANT,,22.3,15.61,,,,
C00904.000A,ACC PKG SCREW SNGL CLR ASSY,,49.3,34.51,,,,
C00904.000B,ACC PKG SCREW SNGL BZ ASSY,,49.3,34.51,,,,
C00905.000A,ACC PKG SCREW DBL CLR ASSY,,52.3,36.61,,,,
C00905.000B,ACC PKG SCREW DBL BZ ASSY,,44.4,31.08,,,,
C00906.000A,ACC PKG SCREW HDR TELE OR 410,,66.8,46.76,,,,
C00906.000B,ACC PKG SCREW HDR TELE OR 410,,66.8,46.76,,,,
C00912.0000,TORSION BAR ASSY,,154.0,107.8,,,,
C00915.000A,ACC PKG MAN SLD SCREW CLR ASSY,,49.3,34.51,,,,
C00915.000B,ACC PKG MAN SLD SCREW BZ ASSY,,52.3,36.61,,,,
C00921.0000,ADPT LOWER SPRING,,92.1,64.47,,,,
C00922.0000,BOLT 1/2-13X4 HHMS GR2,,8.0,5.6,,,,
C00923.001A,ARM-SO CONNECTING-CLR,,36.5,25.55,,,,
C00929.000C,"GUIDEWIRE-""SO"" PANEL BLK (FOR SERVICE PARTS ONLY)",,11.2,7.84,,,,
C00929.001C,"GUIDEWIRE-""SO"" PANEL BLK BLACK EXTENDED STROKE",,25.5,17.85,,,,
C00929.002C,"GUIDEWIRE-""SO"" PANEL BLK EXTENDED STROKE-WIDE STILE",,84.1,58.87,,,,
C00930.0000,SHIM SO BOTTOM PIVOT,,42.8,29.96,,,,
C00932.002A,"ASSYTOP ARM-""SO"" CLOSER-CLR",,130.0,91.0,,,,
C00932.002B,"ASSYTOP ARM-""SO"" CLOSER-BRZ",,134.0,93.8,,,,
C00932.003A,"ASSY; TOP ARM ""SO"" CLOSER LEVEL E CLEAR ANNODIZED",,128.0,89.6,,,,
C00935.0000,BOTTOM GUIDE ASSY,,47.6,33.32,,,,
C00937.000A,EXIT DEV 1085P LHR CLR CRL#311085PL7628,,858.0,600.6,,,,
C00937.000B,EXIT DEV 1085P LHR BZ CRL#311085PL7313,,858.0,600.6,,,,
C00938.000A,EXIT DEV 1085P RHR CLR CRL#311085PR7628,,858.0,600.6,,,,
C00938.000B,EXIT DEV 1085P RHR BZ CRL#311085PR7313,,858.0,600.6,,,,
C00940.0000,PIVOT TOP MAN SWING,,216.0,151.2,,,,
C00942.0000,ASSY; SPRING SILVER SX CLOSER O-SX OR SO-SX,,108.0,75.6,,,,
C00943.0000,ASSY; SPRING GOLD SX CLOSER SX-O OR SX-SO,,108.0,75.6,,,,
C00945.0000,BRKT-MTG-LOWER ENDCAP,,12.8,8.96,,,,
C00946.0000,BKT MTG UPPER ENDCAP,,39.9,27.93,,,,
C00947.000A,BOTTOM GUIDE CLR-TEL ASSY,,164.0,114.8,,,,
C00948.001A,BOT GUD SXXO CLR ASSY,,180.0,126.0,,,,
C00949.001A,BOT GUD OXSX CLR ASSY,,180.0,126.0,,,,
C00951.0000,HANGER-END MT-TELESCOPING,,137.0,95.9,,,,
C00952.0000,HANGER-SIDE MT-TELESCOPING,,137.0,95.9,,,,
C00953.000A,GUIDE-BOTTOM-MANUAL DOOR CLR,,82.2,57.54,,,,
C00953.000B,GUIDE-BOTTOM-MAUUAL DOOR BRZ,,82.2,57.54,,,,
C00954.0000,STOP MANUAL CTR OXXO,,58.8,41.16,,,,
C00955.0000,STOP MANUAL CTR OSXSXO,,63.6,44.52,,,,
C00955.0001,STOPCENTER-310T ICU WC732 HDR,,113.0,79.1,,,,
C00955.0003,STOPCENTER 010/110/310 MAN DM,,127.0,88.9,,,,
C00955.0004,CENTER STOP BIPART W/ MAG,,58.2,40.74,,,,
C00964.000A,BOT GUIDE X PANEL ASSY,,92.1,64.47,,,,
C00964.000B,BOT GUIDE X PANEL ASSY,,93.4,65.38,,,,
C00964.001A,ASSYBTTM GUIDE-010 X-FAST PNL,,58.8,41.16,,,,
C00979.000L,CLOSER-ARM-LEFT HAND LCN #3130SE-3077T LH,,515.0,360.5,,,,
C00979.000R,CLOSER-ARM-RIGHT HAND LCN #3130SE-3077T R,,515.0,360.5,,,,
C00980.0000,"ASSY""SX"" GUIDE-310 TRKLS ICU",EA,143.0,100.1,,,,
C00980.0005,ACCYBTTM GUIDE-SO SX NAR S2310T TRACKLESS ICU,EA,154.0,107.8,,,,
C00980.0006,"ASSY""SX"" GUIDE 310T TRKLS ICU",EA,168.0,117.6,,,,
C00980.0008,BOTT GUIDE SO SX NARROW 310T TRACKLESS ICU,EA,576.0,403.2,,,,
C00980.0010,SX GUIDE SLOW PANEL 310T TRACKLESS ICU,EA,154.0,107.8,,,,
C00980.0014,ACCYBOTTOM GUIDE SLOW PANEL,EA,128.0,89.6,,,,
C00980.0015,ACCYBOTTOM GUIDE FAST PANEL,EA,113.0,79.1,,,,
C00980.0016,ASSYBTM GUIDE SLOW SX MED,EA,116.0,81.2,,,,
C00980.0018,"ASSY BTTM GUIDE ""SO-SX-SX"" ICU MAX OPENING 4"" BTTM 310T TRACKLESS",EA,379.0,265.3,,,,
C00980.0019,"ASSY ""SX"" GUIDE ICU MAX OPENING 4"" BTTM 310T TRACKLESS ""SO-SX-SX""",EA,201.0,140.7,,,,
C00980.0020,"ASSY BTTM GUIDE ""SX-SX-SO"" ICU MAX OPENING 4"" BTTM 310T TRACKLESS",EA,369.0,258.3,,,,
C00980.0022,"ASSY BTTM GUIDE ""SO-SX-SX"" ICU MAX OPENING 10"" BTTM 310T TRACKLESS",EA,370.0,259.0,,,,
C00980.0023,"ASSY BTTM GUIDE ""SX-SX-SO"" ICU MAX OPENING 10"" BTTM 310T TRACKLESS",EA,361.0,252.7,,,,
C00980.0026,BOTTOM GUIDE ASSY; FAST PANEL LH ICU AUTO TELE,EA,183.0,128.1,,,,
C00980.0027,BOTTOM GUIDE ASSY; FAST PANEL RH AUTO TELE,EA,183.0,128.1,,,,
C00980.0028,BOTTOM GUIDE ASSY; SLOW PANEL ICU AUTO TELE,EA,52.0,36.4,,,,
C00980.0029,PIN; ICU MAX TELE; BREAKOUT PIN,EA,6.4,4.48,,,,
C00980.0030,BOTTOM GUIDE FLANGED SLEEVE BEARING TAPPED 1/4-20,EA,19.1,13.37,,,,
C00981.001A,310 SO/SX PIVOT BLACK ASSY,EA,96.6,67.62,,,,
C00981.001B,310 SO/SX PIVOT BLACK ASSY,EA,119.0,83.3,,,,
C00981.002A,"ASSY, 310 SO/SX-SX PIVOT TRACKLESS TELE ICU",EA,232.0,162.4,,,,
C00981.003A,ASSYSO/SX PIVOT310T TRCKLS,EA,164.0,114.8,,,,
C00981.006A,ASSYBOTTOM PIVOT PLATE ICU 310T TRACKLESS,EA,479.0,335.3,,,,C0981-6A
C00981.006B,ASSYBOTTOM PIVOT PLATE ICU 310T TRACKLESS,EA,240.0,168.0,,,,
C00981.007A,ASSEMBLY BOTTOM PIVOT PLATE ICU 310T TRACKLESS MAX OPENING,EA,81.6,57.12,,,,
C00981.007C,ASSY BOTTOM PIVOT PLATE ICU 310T TRACKLESS MAX OPERING,EA,119.0,83.3,,,,
C00982.0003,PIN-GUIDE-TRACKLESS ICU,EA,31.8,22.26,,,,
C00982.0004,PIN GUIDE; ICU TRACKLESS MAX STROKE,EA,65.5,45.85,,,,
C00982.0005,"PIN, GUIDE TRACKLESS ICU W/O TRACK CAP",EA,64.9,45.43,,,,
C00982.0008,HARDWARE.GUIDE.PIN.TRACKLESS ICU.ASA.L1941.MT-11010,EA,20.1,14.07,,,,
C00985.017MA,HARDWARE.PLATE.PIVOT.2003T TRACKLESS..250.ALUMINUM.CLEAR ANODIZE,EA,60.2,42.14,,,,
C00985.017MB,HARDWARE.PLATE.PIVOT.2003T TRACKLESS..250.ALUMINUM.DARK BRONZE A EA,,60.2,42.14,,,,
C00985.017NA,HARDWARE.PLATE.PIVOT.2003T TRACKLESS..250.ALUMINUM.CLEAR ANODIZE,EA,50.1,35.07,,,,
C00985.017NB,HARDWARE.PLATE.PIVOT.2003T TRACKLESS..250.ALUMINUM.DARK BRONZE A EA,,50.1,35.07,,,,
C00985.017WA,HARDWARE.PLATE.PIVOT.2003T TRACKLESS..250.ALUMINUM.CLEAR ANODIZE,EA,61.7,43.19,,,,
C00985.017WB,HARDWARE.PLATE.PIVOT.2003T TRACKLESS..250.ALUMINUM.DARK BRONZE A EA,,61.7,43.19,,,,
C00986.0001,POST-ICU OFFSET PIVOT,EA,50.7,35.49,,,,
C00987.0000,WASHER .625 X .257 X .125,EA,1.7,1.19,,,,
C00988.0000,SHIM-MED. STILE (C269),EA,40.4,28.28,,,,
C00989.000A,PIVOT OFFSET BOTTOM TRACKLESS C.R. LAURENCE # OP34BDPA CLR,EA,61.8,43.26,,,,
C00989.000B,PIVOT OFFSET BOTTOM TRACKLESS C.R. LAURENCE # OP34BDPDU BRNZ,EA,64.9,45.43,,,,
C00993.0000,SCREW 10-24 X 2.5 RHMS FULL THREADED SLOT PLTED,EA,1.7,1.19,,,,
C01004.0000,SCREWSET5/16-18X2SSS CUP BLK,EA,3.3,2.31,,,,
C01005.0000,ICU TRACKLESSSX BOTTOMTRACK,EA,60.0,42.0,,,,
C01033.0000,REGULATOR MINURATURE,EA,270.0,189.0,,,,
C01048.0000,BLOCKCORNER-TOP-DADE,EA,20.7,14.49,,,,
C01058.0000,GUIDE BLOCKRETROFIT REINFORCE FOR C462 FLUSH BOLT,EA,34.9,24.43,,,,
C01062.000L,SUB ASSYGEAR DAMPNER TRACK SELF CLOSING ICU MANUAL LH,EA,41.1,28.77,,,,
C01062.000R,SUB ASSYGEAR DAMPNER TRACK SELF CLOSING ICU MANUAL RH,EA,41.1,28.77,,,,
C01076.000A,LOCK CYLINDER W/CONST CORE MUST ORDER W/C01076.001A-BEST,EA,347.0,242.9,,,,
C01076.000B,LOCK CYLINDER W/CONST CORE MUST ORDER W/C01076.001B-BEST,EA,389.0,272.3,,,,
C01084.0000,NUT 5/16 X 18 HEX-JAM-PL,EA,1.7,1.19,,,,
C01087.0000,HARNESS/REED SWT/PANEL MT,EA,101.0,70.7,,,,
C01089.0000,BRACKETMOUNTING-AMPLIFIER (AL SHEET-0.063),,19.1,13.37,,,,
C01092.0000,DUAL CHANNEL BEAM ASSEMBLY,,533.0,373.1,,,,
C01093.0000,HARNESS EXTENSION SAFETY BEAM,,47.6,33.32,,,,
C01093.0006,ASSYEXTENSION LACE-C9800,,19.1,13.37,,,,
C01095.0000,HARNESS SFTY BM OPERATOR WIRE,,31.8,22.26,,,,
C01098.0000,CONN 5 COND MOLEX 03-06-1056,,6.4,4.48,,,,
C01139.000P,COVER PLATECONSTANT LATCH,,49.3,34.51,,,,
C01147.0000,HEAT SHRINK 3/32X1 FIT221 3/32X1,,3.3,2.31,,,,
C01155.0000,FOOT SW ACTUATOR ASSY,,408.0,285.6,,,,
C01156.0000,SW FOOT LINEMASTER 632S GRAINGER P/N 5X361,,450.0,315.0,,,,
C01160.0005,WINDOWSCAN SENSOR ASSY,,952.0,666.4,,,,
C01165.0002,POWER SUPPLY WITH OPTICS CARSON ED1161,,432.0,302.4,,,,
C01169.0004,ENCLOSURE MOLDED IR PLEX,,47.9,33.53,,,,
C01186.0001,ACC PKG MOTION DETECTOR ASSY,,118.0,82.6,,,,
C01195.0000,"ASSY: ADPT LACE C1304 C/O 60""",,22.1,15.47,,,,
C01195.0001,ASSYLACE-LATCH CHECK SWITCH 4000 OP FOR SWING DOORS,,17.5,12.25,,,,
C01195.0002,ASSYLACE-CLS MONITOR SWITCH 4000 OP FOR SWING DOORS,,15.9,11.13,,,,
C01203.0003,WALGREENS DBL CURVE GUIDE RAIL,,1772.0,1240.4,,,,
C01203.001A,RAIL GUIDE 30 214398-00,,360.0,252.0,,,,
C01203.001B,RAIL GUIDE 30 214398-13,,417.0,291.9,,,,
C01203.002A,GUIDE RAIL FOR BIFOLD DOOR CLR,,527.0,368.9,,,,
C01203.002B,GUIDE RAIL FOR BIFOLD FOOR,,563.0,394.1,,,,
C01204.000A,RAIL GUARD L-MESH CLR LARCO P/N 214400-00,,461.0,322.7,,,,
C01204.000B,RAIL GUARD L-MESH BZ LARCO P/N 214400-13,,556.0,389.2,,,,
C01205.001A,GUIDE RAIL U W/BAR CLR LARCO P/N 216260-00,,503.0,352.1,,,,
C01214.0001,SENSOR MOTION/PRES OPTEXOA203C,,546.0,382.2,,,,
C01234.ELIT,"SENSOR, OPTEX PRO SWING ELITE T",,1839.0,1287.3,,,,
C01238.00XT,"SENSOR; OPTEX ""I ONE XT""",,554.0,387.8,,,,
C01248.0000,SENSOR; SAFETY (BEA 10IXIODT1-239),,579.0,405.3,,,,
C01249.0000,"SENSOR, OPTEX PRO SWING PREMIER T",,651.0,455.7,,,,
C01250.0000,SENSOR;OPTEX XZONE,,579.0,405.3,,,,
C01253.0000,TRANSMITTER SEDCO #323-03,,303.0,212.1,,,,
C01255.0000,SENSOR SW DR HD MT OPTEXOA601C,,642.0,449.4,,,,
C01260.0000,SW 6 IN. S.S. WALL LARCO P/N 6R0,,191.0,133.7,,,,
C01260.0001,SW W W/PRESS TO OPEN #6R2,,275.0,192.5,,,,
C01260.0003,SWITCHPUSH PLATE WHCAP LOGO LARCO P/N 6R3,,275.0,192.5,,,,
C01260.0004,SW HCAP W/PUSH TO OPN LARCO P/N 214057,,269.0,188.3,,,,
C01260.0005,SWITCHPUSH PLATE MS SECO P/N 59-HSS,,303.0,212.1,,,,
C01260.05RC,SWTCHPSH PLTE(PAIR)RD CNTRL MS SEDCO KIT NO CTP-HSS,,720.0,504.0,,,,
C01273.0001,KEYSWITCH - 4PST 4 POSITION 90 CK #Y190-0S2-C2-07-NQ,,74.8,52.36,,,,
C01274.0002,TAPE REFLECTOR 3M 983-32 PN 67533,,8.0,5.6,,,,
C01276.0001,SWITCH CK # Y200AA2C203NG,,147.0,102.9,,,,
C01278.0001,"SWITCH, 2-POSITION KEY",,150.0,105.0,,,,
C01279.0001,SW KEY DPDT CK Y108-122A203NQ,,137.0,95.9,,,,
C01300.0000,CABLE4/C 22 AWG BELDEN 5502UE BKRDWTGN,,4.8,3.36,,,,
C01305.0000,SAFE PAK SWITCHING UNIT ST 22445 120V 5A N.O.,,1706.0,1194.2,,,,
C01307.0000,SW KEY FOR 1 1/8 CYL CM1110,,420.0,294.0,,,,
C01315.0002,HANDICAP SWITCH ASSY,,191.0,133.7,,,,
C01316.0002,MOLDED JUNCTION BOX,,74.9,52.43,,,,
C01318.001A,ALUM 3/4X1 3/4 X 3/4 CHANNEL - CLEAR 192 IN,,9.6,6.72,,,,
C01319.0001,MOLDED PLASTIC COVER BL,,34.9,24.43,,,,
C01320.0000,HANDICAP SWITCH ASSY,,140.0,98.0,,,,
C01321.0000,LOCK ELECTRONIC COMB MODEL GD-1 DOMINO,,221.0,154.7,,,,
C01331.0003,ELECTRONICS.TRANSMITTER.UNIVERSAL.RADIO CONTROL.37218R.GENIE,,42.8,29.96,,,,
C01332.0010,ELECTRONICS.RECEIVER KIT.UNIVERSAL.RADIO CONTROL.36359R.GENIE,,158.0,110.6,,,,
C01334.0002,PUSHBUTTON SWITCH/RC ASSY,,167.0,116.9,,,,
C01340.0001,RADIO CNTRL/TRANSRECEIVE ASSY,,813.0,569.1,,,,
C01341.0001,ASSY-RADIO CTRL WIRING HARNESS,,32.0,22.4,,,,
C01348.0000,ALUM CHL 2 1/2X1 1/2X1/8 MILL - 144 IN,,44.4,31.08,,,,
C01382.0000,ALUM BAR 1 X1-3/4 6063T5 MILL 144 IN,,27.0,18.9,,,,
C01386.0001,ALUM BAR 3/16 X 1/2 6061-T6,,13.9,9.73,,,,
C01387.000A,ALUM AGL 1 X 1 X 1/8 CLEAR - 144 IN,,8.0,5.6,,,,
C01387.000B,ALUM AGL 1 X 1 X 1/8 BRONZE 144 IN,,8.0,5.6,,,,
C01398.000A,ALUM EXTR PARALLEL ARM CHL - CLEAR 288 IN,,14.3,10.01,,,,
C01398.000B,ALUM EXTR PARALLEL ARM CHL BRONZE 288 IN,,15.9,11.13,,,,
C01408.0000,FACEPLATE RETAINER 6X6 HD TR10371E,,4.8,3.36,,,,
C01410.0000,"GASKETPUSHIN VINYL-1/4""GLASS TREMCO # TR5058E 70 DURO",,8.0,5.6,,,,
C01411.0000,TAPE VINYL FOAM GLAZING BLK 0.125 X 0.5 CRL#74418X12BL,,3.3,2.31,,,,
C01414.0000,ALUM CHL 5/8X7/16X.09,,6.4,4.48,,,,
C01415.000A,ALUM TRIM EDGE A-204-WB CLEAR 192 IN,,9.6,6.72,,,,
C01415.000B,ALUM TRIM EDGE A-204-WB BRONZE 192,,14.3,10.01,,,,
C01420.0000,NEOPRENE FINGER GUARD 16' SL 9065 BLACK SANTO 16 FT,,11.2,7.84,,,,
C01421.0000,INTERLOCK ELG CLR PLASTIC 168 IN,,18.8,13.16,,,,
C01422.0000,NOSING ELEGANTCLR PLASTIC 168 IN,,12.9,9.03,,,,
C01422.0002,NOSING ELEG W/WS CRL# P660BR CLEAR PLASTIC 95 IN,,15.9,11.13,,,,
C01423.0000,ANCHOR GREEN 10 X 1-1/4 PLUG CRL# EXP2006,,0.2,0.14,,,,
C01426.0000,NEOPRENE EXT NOSING W/S,,23.8,16.66,,,,
C01435.0000,GAUGE PRESSURE DOOR HOWARD MFG. DPG 50,,201.0,140.7,,,,
C01441.0000,ROCKITE ANCHORING,,12.8,8.96,,,,
C01446.0000,GRAVOPLY 1/8 RED/WH/RED NEW HERMES INC P/N 248431,,96.4,67.48,,,,
C01451.0000,PAINT MATCHUP DK BRZ,,74.8,52.36,,,,
C01452.0000,PAINT MATCHUP ALUM RAABE #012232,,89.1,62.37,,,,
C01453.0000,PAINT MATCHUP BLACK RAABE #009912,,233.0,163.1,,,,
C01455.0000,GREASE THERMAL COTE 2 OZ TUBE MFG# 250G ALLIED# 619-0190,,77.9,54.53,,,,
C01472.0000,LOCKWIRE .032 MS20995,,286.0,200.2,,,,
C01519.0000,BOLT 4-40X3/4 BH PS PL,,1.7,1.19,,,,
C01545.0000,THRESHOLD PRESENCE DETECTOR BEA IRIS SENSOR # 10IRIS,,618.0,432.6,,,,
C01547.0000,BOLT 4-40X1/4 BH SLOTTED,,1.7,1.19,,,,
C01553.0000,TIMERDAY365RCI TD365,,911.0,637.7,,,,
C01585.0000,"#6 FLAT SAE WASHER3/8"" OD",,1.7,1.19,,,,
C01600.0003,"ASSEMBLY; PULLEY CARRIER, TELESCOPE 2003T",,1026.0,718.2,,,,
C01608.0001,WARNING DOT-1 IN YELLOW DC60YL,,5.6,3.92,,,,
C01608.001C,WARNING DOT-1 IN BLACK DC60BL,,1.7,1.19,,,,
C01616.003A,TAPE 3M VHB DOUBLE FACE 36YDS 3M4941F 3/8,,4.8,3.36,,,,
C01617.0516,"TAPE CLRRP16 1/2""X36 YDS PER ROLL",,3.3,2.31,,,,
C01617.1025,"TAPE CLRRP25 1""X36 YDS PER ROLL",,4.8,3.36,,,,
C01617.1045,"TAPE CLRRP45 1""X36 YDS PER ROLL",,4.8,3.36,,,,
C01617.5962,3M VHB 5962 DOUBLE SIDED FOAM TAPE,,776.0,543.2,,,,
C01622.0000,WIRE 22AWG 5 COND 8445,,4.8,3.36,,,,
C01627.0000,FITTINGGREASE1/4-28 PLTD STRT CC BOLT # G25-S GFD,,3.3,2.31,,,,
C01630.0002,DECALAUTO DOOR KEEP MOV2 SID,,12.9,9.03,,,,
C01630.FR02,DECALAUTOMATIC DOOR (FRENCH),,64.9,45.43,,,,
C01631.0002,LABEL AUTO DOOR KEEP MOV,,19.2,13.44,,,,
C01631.0003,LABEL ONE WAY AUTO DOOR,,24.7,17.29,,,,
C01632.0002,DECALDO NOT ENTER KEEP MOVING,,12.9,9.03,,,,
C01633.0001,LABEL PRECAUCION/NO ENT,,17.5,12.25,,,,
C01633.0002,LABEL AUTO/CAUTION/DOOR,EA,12.9,9.03,,,,
C01633.02FR,"DECAL, FRENCH, 6.25""W X 8.625""HT, 'CAUTION AUTOMATIC DOOR 2-WAY TRA",EA,13.9,9.73,,,,
C01634.0000,DECALSTAND CLEAR2 SIDED,EA,45.6,31.92,,,,
C01634.0001,DECAL CAUTION MOVE DOOR,EA,15.9,11.13,,,,
C01635.0000,LABEL DOOR REMAIN UNLOCK,EA,17.5,12.25,,,,
C01637.0000,DECAL EMER EXIT,EA,3.3,2.31,,,,
C01682.0000,DECAL EMERGENCY,EA,15.9,11.13,,,,
C01682.0002,DECAL; ICU EXTERIOR SX PANEL,EA,6.4,4.48,,,,
C01682.0003,DECAL; ICU INTERIOR SX PANEL,EA,6.4,4.48,,,,
C01682.0004,DECAL; ICU TELE MAX SO-SX-SX,EA,9.6,6.72,,,,
C01682.0005,DECAL; ICU TELE MAX SX-SX-SO,EA,9.6,6.72,,,,
C01682.01FR,DECALEMERGENCY EGRESS(QUEBEC),EA,19.1,13.37,,,,
C01688.0002,LABEL MANUAL/AUTO DOOR,EA,12.9,9.03,,,,
C01690.0001,DECAL AUTOMATIC SLIDING DOORS,EA,9.6,6.72,,,,
C01690.0002,DECAL SAFETY CKAUTO SWING DR,EA,9.6,6.72,,,,
C01690.0004,OPENING PROCEDURE LABEL-NT ICU,EA,15.9,11.13,,,,
C01690.000R,LABEL 7000 SWG DR SAFE CK LIST,EA,9.6,6.72,,,,
C01690.0011,DECAL; OPENING PROCEDURE LABEL,EA,15.9,11.13,,,,
C01690.0013,DECAL REVOLVING DOORS,EA,9.6,6.72,,,,
C01690.0014,DECAL; OPERATION PROCEDURE ICU TELE MAX,EA,12.8,8.96,,,,
C01690.0015,"DECAL, LOW ENERGY SLIDE AND FOLDING",EA,1.7,1.19,,,,
C01690.16EN,"DECAL, OM AND PATENT LINKS TO HA WEBSITE, ENGLISH VERSION",EA,9.6,6.72,,,,
C01690.16FR,"DECAL, OM AND PATENT LINKS TO HA WEBSITE, FRENCH VERSION",EA,1.3,0.91,,,,
C01691.0000,DBL SIDE 2X12 FLEX PURD,EA,17.5,12.25,,,,
C01692.0000,DBL SIDE 2X12 FLEX PTSWW,EA,12.8,8.96,,,,
C01693.0001,DECAL DBL SIDE 6 ROUND,EA,19.2,13.44,,,,
C01694.0000,DECAL AUTO SEC REVOLVING DOOR,EA,15.9,11.13,,,,
C01694.0001,DECAL: RTQP OPERATION STICKER,EA,54.7,38.29,,,,
C01695.0000,DECAL CAUTION ENTER AT RIGHT,EA,15.9,11.13,,,,
C01696.0000,DECAL HANDICAP,EA,34.9,24.43,,,,
C01696.002L,LABEL ARROW MCPM200W,EA,34.9,24.43,,,,
C01696.002R,LABEL ARROW,EA,34.9,24.43,,,,
C01699.0000,DECAL AUTO DOOR EMERGENCY,EA,17.5,12.25,,,,
C01701.0000,CABLE.-2C #18AWG PVC BLACK-RED,LF,3.9,2.73,,,,
C01703.0000,SENSORPRESENCE W/MNTG BRKT PF # 126268,EA,798.0,558.6,,,,
C01703.0001,COVER ENTRY GUARD P/N AIR20 CV FOR CROPPED OR SEG REV,EA,89.1,62.37,,,,
C01704.0003,GUARD RAIL W/BMPRS CE-922-ANP,EA,1748.0,1223.6,,,,
C01704.0004,POST W/CAP AND BUMBERS,EA,565.0,395.5,,,,
C01704.0005,ESCUTCHEON,EA,64.9,45.43,,,,
C01736.0000,"GLASS 1/4"" X 1 SF CLR TEMP",SF,108.0,75.6,,,,
C01736.0004,"GLASS 1/4"" X 1 SF CURVED TEMP",SF,129.0,90.3,,,,
C01738.0000,GLASS 7/16 X 1SF CURVED CLR LAMINATED,SF,121.0,84.7,,,,
C01738.0002,GLASS 7/16 X 1SF CURVED LAM. BRZ,SF,138.0,96.6,,,,
C01738.0006,GLASS 7/16 X 1SF CURVED LAMINATED GREY,SF,183.0,128.1,,,,
C01739.0001,GLASS CLR 7/16 LEADED GLASS,SF,665.0,465.5,,,,
C01761.LVLE,"GLASS 5/8"" LAMINATED 1/4"" CLR HS + 1/8"" POLY CARBONATE + 1/4"" CLR HS",SF,393.0,275.1,,,,
C01777.0000,GLASS 1/2 X 1 SF CLR TEMPERED,SF,113.0,79.1,,,,
C01778.0001,GLASS 9/16X 1SF CURVED CLR TEMP LAMINATED,SF,109.0,76.3,,,,
C01779.0003,"GLASS 1.25"" X 1SF CLR INS. TEMPERED",SF,123.0,86.1,,,,
C01780.0000,"GLASS, 1-3/16"" X 1SF POLY CLAD LEVEL III BULL. RESIST. CLR",SF,588.0,411.6,,,,
C01791.0000,"SENSOR, ENTRY GUARD(MONITORED VERSION) FOR AUTOMATIC REVOLVING D EA",,1106.0,774.2,,,,
C01796.0000,INFRARED REMOTE CTRL BEA10 REMOTE,EA,225.0,157.5,,,,
C01807.0000,LENS EXT-ACTIVE IR/DOOR MNTED – 8.5 FOOT SECTION BEA# 70.0138,LF,85.9,60.13,,,,
C01808.0KIT,KIT- ENDCAP LH/RH & MOUNTING SCREWS-C1878,,5.9,4.13,,,,
C01821.0000,EPROM-SGS 64K 200NS M27C64A-2F1,,137.0,95.9,,,,
C01829.0000,"SENSOR, BEA BODYGUARD T",,493.0,345.1,,,,
C01865.0000,THERMALLOY 53-77-9 AC,,8.0,5.6,,,,
C01878.0236,"SENSOR, BEA SUPERSCAN T",,689.0,482.3,,,,
C01884.0000,MOTION DET DIRECTION MW EAGLE,,503.0,352.1,,,,
C01884.0001,"BEA-EAGLE-SPACER 1""",,119.0,83.3,,,,
C01885.0001,VISTA SWING DOOR SYSTEM,,1100.0,770.0,,,,
C01885.005E,ASSYVISTA SYSTEM W/EAGLE,,1174.0,821.8,,,,
C01885.005O,ASSYVISTA SYSTEM W/OPTEX,,1390.0,973.0,,,,
C01885.007E,ASSYENHNCD VISTA W/EAGLE 1W,,2874.0,2011.8,,,,
C01885.07EP,ASSYENHNCD VISTA W/EAGL 1W PR,,4394.0,3075.8,,,,
C01896.0001,TUBINGSPLIT CORRUGATED LOOM PANDUIT P/N CLT38F-C20,,3.3,2.31,,,,
C01897.0000,DOOR CORD JAMB CAP W/SCREWS,,14.4,10.08,,,,
C01938.0000,STL BAR 1/8X1 3/4,,30.2,21.14,,,,
C01975.0000,STL RD 1 1/2 CF1018,,123.0,86.1,,,,
C01998.0000,SHEET STL 12GA.CF,,49.3,34.51,,,,
C02001.0120,2001 KIT; OPERATOR - NO EXTR - NO BEAMS- 120V,,4637.0,3245.9,,,,
C02001.0220,2001 KIT; OPERATOR - NO EXTR - NO BEAMS - 220V,,3784.0,2648.8,,,,
C02007.0000,"STRIKE PLATE ""SO"" BALL CATCH",,30.2,21.14,,,,
C02008.0002,"WINDOW KITVISION LITE 2""",,117.0,81.9,,,,
C02011.0000,LOCK TAB-S2000B W/AUTOLOCK,,46.0,32.2,,,,
C02013.0000,ACTIVATOR ARM ADAMS 3 PT LOCK METRO DADE (SS. SHEET .109),,64.9,45.43,,,,
C02020.0000,SAMPLE KIT WOOD GRAIN POWDER,,36.5,25.55,,,,
C02022.0000,HARNESSPOSITION SWITCH,,112.0,78.4,,,,
C02026.000A,SHIM INTERLOCK CLIP ELEGANT CLEAR (AL. SHEET .063),,20.7,14.49,,,,
C02026.000B,SHIMINTERLOCK CLIP ELEGANT BRZ (AL. SHEET .063),,159.0,111.3,,,,
C02034.0000,BELT BRACKET (S2000B),,84.1,58.87,,,,
C02034.0001,BRACKET WHEEL CARRIAGE-S2000B W/A'LOCK,,89.1,62.37,,,,
C02034.0002,BRACKET BELT2000B BIPART SX-SO X-O O-SX (STL SHEET-0.125),,93.4,65.38,,,,
C02035.0002,BRACKET BELT2000B BIPART SO-SX O-X SX-O (STL SHEET-0.125),,20.7,14.49,,,,
C02036.0001,ASSYWHEEL CARRIAGE-2000B BIPARTS SO-SX O-X SX-O,,107.0,74.9,,,,
C02036.0004,ASSY; WHEEL CARRIAGE 2000B BI-PART ONLY ISO 3 ATMOSPHERIC,,76.4,53.48,,,,
C02036.0005,"ASSY; WHEEL CARRIAGE S2000B SX-O, SO-SX ISO 3 ATMOSPHERIC",,76.4,53.48,,,,
C02036.003L,ASSYWHEEL CARRIAGE SELF CLOSING ICU 310 SO-SX,,132.0,92.4,,,,
C02036.003R,ASSYWHEEL CARRIAGE SELF CLOSING ICU 310 SX-SO,,132.0,92.4,,,,
C02038.0003,BRACKET; CLOSE MONITOR SWITCH S2000B,,40.1,28.07,,,,
C02039.0000,BACKUP PLATE BELT (S2000B),,39.7,27.79,,,,
C02045.0000,MAGNETSURFACE MOUNT-WHITE NASCOM INC. P/N N224GW/M,,12.8,8.96,,,,
C02049.0001,ICU GROUNDING STRIP KANBAN,,59.0,41.3,,,,
C02053.0000,KITSTATIC CONTROL-010 SLIDE,,115.0,80.5,,,,
C02053.0001,KITSTAT.CTRL-110/310/310T ICU,,81.0,56.7,,,,
C02053.0002,KIT STATIC CNTRL-ICU TELE FAST,,60.2,42.14,,,,
C02053.0003,KITSTATIC CNTRL-310T ICU FAST DOOR,,93.4,65.38,,,,
C02059.0000,MOUNT BLOCK SLOW DOOR,,36.5,25.55,,,,
C02066.0000,WHEEL CARRIAGE-S/D TELE ASSY,,159.0,111.3,,,,
C02067.0000,LOCKBT-EX.DEV. JACKSON 1085,,49.4,34.58,,,,
C02068.000A,BRACKET TRIP JCKSN 1085FINISH CLR,,101.0,70.7,,,,
C02068.000B,BRACKET TRIP JCKSN 1085 FINISH,,81.0,56.7,,,,
C02068.000C,BRACKET TRIP JCKSN 1085FINISH BLK,,95.0,66.5,,,,
C02072.000A,SHIM-BREAKOUT-2310T-CLEAR,,14.3,10.01,,,,
C02074.0000,BUMPER-2310T ASSY SERVICE PART ONLY,,61.8,43.26,,,,
C02076.0000,BUMPER PUSH/PULL-310T W/TRCK,,22.3,15.61,,,,
C02076.0002,PLUG 62PP037BM31-5 MICROPLASTI 62PP037BM31-5 MICROPLASTICS,EA,1.7,1.19,,,,
C02076.0003,KITPUSH/PULL INTRLCKS 310T (FOR SERVICE PARTS ONLY),EA,41.1,28.77,,,,
C02076.0004,KITPUSH/PULL INTRLKS 3PR 310T,EA,151.0,105.7,,,,
C02076.0006,BUMPER; RAMP DOOR HANDLE ICU AUTO TELE,EA,102.0,71.4,,,,
C02076.0007,BUMPER: CHAMFERED PUSH 310T ICU,EA,48.9,34.23,,,,
C02076.0011,"GUIDE, TOP SO 3-PANEL MAX OPEN ICU",EA,28.5,19.95,,,,
C02076.0012,"GUIDE, BOTTOM SO 3-PANEL MAX OPEN ICU",EA,21.1,14.77,,,,
C02076.0015,HARDWARE.BUMPER.PUSH PULL.INTERLOCK.ASA.L1941.MT-11010,EA,17.5,12.25,,,,
C02077.000A,KIT ICU 310T TRACKLESS BUMPER CLR,EA,161.0,112.7,,,,C02077.000A
C02077.000B,KIT ICU 310T TRACKLESS BUMPER BRZ,EA,161.0,112.7,,,,C02077.000B
C02078.0002,SHIMTOP PIVOT ELEGANT 310,EA,42.8,29.96,,,,
C02101.0000,"S2000L LINEAR DRIVE COUPLER 1/2"" X 1/2"" BORES-LITTON STYLE MOTOR-1/2""",EA,193.0,135.1,,,,
C02101.0001,"COUPLER 5804 1/2""X12MM BORES WITH (2) 1/4-20 SET SCREWS",EA,210.0,147.0,,,,
C02102.0002,ASSYTRAVEL BLOCK-2000L SINGLE,EA,686.0,480.2,,,,
C02102.0003,ASSYTRVL BLOCK SNGL-CLEAN RM,EA,495.0,346.5,,,,
C02102.0004,KIT ASSY; CABLE CLAMP 2000 LINEAR BIPART,EA,21.8,15.26,,,,
C02103.0001,STL RD 1/2 SHAFT 84,EA,680.0,476.0,,,,
C02103.3325,PRECISION GROUND SHAFT FOR S2000 AND S8000,EA,1015.0,710.5,,,,
C02103.3625,PRECISION GROUND SHAFT FOR S2000 AND S8000,EA,532.0,372.4,,,,
C02103.3925,PRECISION GROUND SHAFT FOR S2000 AND S8000,EA,532.0,372.4,,,,
C02103.4525,PRECISION GROUND SHAFT FOR S2000 AND S8000,EA,629.0,440.3,,,,
C02103.5125,PRECISION GROUND SHAFT FOR S2000 AND S8000,EA,614.0,429.8,,,,
C02103.5725,"PRECISION GROUND SHAFT HUL60 SHAFT 1/2""DX57.25L",EA,629.0,440.3,,,,
C02103.6325,"PRECISION GROUND SHAFT HUL60 SHAFT 1/2""DX63.25""L",EA,629.0,440.3,,,,
C02106.0001,SW MICRO V7-1B17D8-263,EA,16.8,11.76,,,,
C02108.001L,BACK CK/OPEN C/O ASSY,EA,47.3,33.11,,,,
C02108.001R,BACK CK/OPEN C/O ASSY,EA,58.8,41.16,,,,
C02109.001L,LATCH CK-CLOS C/O ASSY,EA,54.0,37.8,,,,
C02109.001R,LATCH CK-CLOS C/O ASSY,EA,58.8,41.16,,,,
C02110.0000,BREAKER 1 1/2 AMP ETA P/N 45-000-P10-401.161,EA,113.0,79.1,,,,
C02115.0000,RECEPTACLE DUPLX REV 15A125V HUBBELL RR15I IVORY-CUT EARS,EA,4.8,3.36,,,,
C02117.0002,BRACKETBRG/MOTOR-2000 LINEAR,EA,136.0,95.2,,,,
C02118.0000,WASHER 1/4 IN,EA,1.7,1.19,,,,
C02120.0002,PLATE-SWITCH-UNIVERSAL,EA,19.1,13.37,,,,
C02121.0000,BOLT 8-32X1/2 FH PS PL,EA,1.7,1.19,,,,
C02122.0000,NUT STOP 8-32 PLTD,EA,1.7,1.19,,,,
C02126.0000,BEARING(IAW DWG C02126.0000),EA,50.0,35.0,,,,
C02127.0001,BOLT 1/4-28X1 SCS BLK,EA,4.8,3.36,,,,
C02128.0000,PLATE MTG TRAVEL BLK (BAR-0.125),EA,23.8,16.66,,,,
C02129.0001,TEE CARRIAGE TO BLK,EA,129.0,90.3,,,,
C02130.0001,SX CARRIAGE ASSY,EA,236.0,165.2,,,,
C02130.0004,ASSY; SX CARRIAGE RH/LH 2000 LINEAR W/ AUTOLCK,EA,398.0,278.6,,,,
C02131.0001,DRIVE ROD BUSHING ASSY,EA,51.2,35.84,,,,
C02134.0001,CLAMP CABLE,EA,41.4,28.98,,,,
C02135.0001,BRACKET CO-ACTIVE POWER (STL PLATE-0.25),EA,41.1,28.77,,,,
C02136.0001,ASSY PULLEY-COACTIVE-2000L,EA,111.0,77.7,,,,
C02136.0003,ASSY PULLEY-COACTIVE,EA,138.0,96.6,,,,
C02137.0001,ASSY WHEEL CARRIAGE SX 010L,EA,321.0,224.7,,,,
C02138.0002,CKT BREAKER LACE ASSY,EA,210.0,147.0,,,,
C02140.0003,CRIMP- WIRE.14AWG-22AWG,EA,1.1,0.77,,,,
C02142.0000,AMP 360010-1 CNTR ADP,EA,3.3,2.31,,,,
C02143.0002,DRIVE ROD BKT ASSY,EA,74.5,52.15,,,,
C02146.0001,SPACER BTWN COUP-BEAR,EA,12.4,8.68,,,,
C02148.0000,BEARING-(IAW DWG C02148.0000),EA,64.2,44.94,,,,
C02149.0000,BOLT 10-24X1 SCS BL,EA,1.7,1.19,,,,
C02150.0825,ASSY;CNTRL W/ V 8.25.03 SOFTWARE,EA,1968.0,1377.6,,,,
C02151.0001,FLANGETTE 40 MST-C2,EA,6.4,4.48,,,,
C02152.0000,"COLLAR STEEL SPLIT 1/2"" CLIMAX METAL 1C-050",EA,30.2,21.14,,,,
C02155.0421,OPER HARNESS 2000/2150 21 INCH,EA,13.6,9.52,,,,
C02155.0448,OPER HARNESS 2000/2150 48 INCH,EA,295.0,206.5,,,,
C02168.0002,RELAY 1515-3C-24VDC KUP14D15 24V,EA,93.4,65.38,,,,
C02171.00LH,"ASSYCTRL PWR SUPPLY-4700 HD UNITS W HDRS 84"" OR GREATER",EA,3811.0,2667.7,,,,
C02171.00RH,"ASSYCTRL PWR SUPPLY-4700 HD UNITS W HDRS 84"" OR GREATER",EA,3813.0,2669.1,,,,
C02171.01LH,"220VAC ASSYCTRL PWR SUPPLY-4700 HD UNITS W HDRS 84"" OR GREATER LH",EA,1253.0,877.1,,,,
C02171.01RH,"220VAC ASSYCTRL PWR SUPPLY-4700 HD UNITS W/ HDRS 84"" OR GREATER RH",EA,1253.0,877.1,,,,
C02176.0002,AUTOLOCK 2000 FAIL SEC C2160-2,EA,790.0,553.0,,,,
C02176.0006,ASSY-AUTOLOCK-FAIL SEC-S2000B,EA,744.0,520.8,,,,
C02176.07LH,ASSYAUTOLOCK-FAIL SEC-2000B,EA,779.0,545.3,,,,
C02176.07RH,ASSYAUTOLOCK-FAIL SEC-2000B,EA,779.0,545.3,,,,
C02177.0002,SA AUTOLOCK,EA,674.0,471.8,,,,
C02179.0000,CHASSISC2150 C3955-4000 OP. FOR SWING DOORS (AL. SHEET .125),EA,60.6,42.42,,,,
C02180.0002,ASSY DRIVE MOTOR-2000L,EA,1049.0,734.3,,,,
C02180.0004,ASSYDRIVE MOTOR-2000L CLN RM,EA,1251.0,875.7,,,,
C02181.0000,SW MICRO V7-2B17D8-048 PRIOR # V3L - 2106-D8,EA,19.1,13.37,,,,
C02187.0000,BOLT 6-32X3/8 FH PS PL,EA,1.7,1.19,,,,
C02187.000A,BOLT 6-32X3/8 FH PS PL CLR,EA,1.7,1.19,,,,
C02193.0000,"CONNECTOR HOUSING; UL94V2 STD .062"" 2400 SERIES 4 POS",EA,1.3,0.91,,,,
C02196.0005,AUTOLOCK 2000 FAIL SAFE C2150,EA,764.0,534.8,,,,
C02196.0006,ASSY-AUTOLOCK-FAIL SAFE-S2000B,EA,719.0,503.3,,,,
C02196.002L,FAIL SAFE AUTOLOCK ASSY LH,EA,1108.0,775.6,,,,
C02196.002R,FAIL SAFE AUTOLOCK ASSY RH,EA,1108.0,775.6,,,,
C02196.07LH,ASSYAUTOLOCK-FAIL SAFE-2000B,EA,754.0,527.8,,,,
C02196.07RH,ASSYAUTOLOCK-FAIL SAFE-2000B,EA,754.0,527.8,,,,
C02199.0001,"KITHARNESS-C2150 CNTRL-4700HD W/ HEADERS SHORTER THAN 84""",EA,98.3,68.81,,,,
C02208.0000,"SPRING COMPRESSION TRAVEL BLK 1"" LENGTH .111 DIA WIRE 6 COIL",EA,20.7,14.49,,,,
C02210.0000,SPACER 1/4 X 3/8 HVY-FT ZINC PLATED,EA,12.8,8.96,,,,
C02212.0000,CLAMP CHAIN 2000 LWR,EA,58.8,41.16,,,,
C02213.0000,CLAMP UPPER CHAIN 2000,EA,58.8,41.16,,,,
C02217.0000,BATTERY PS 612,EA,82.2,57.54,,,,
C02226.0000,BLOCK TRAVEL-LOWER HALF,EA,132.0,92.4,,,,
C02230.0000,PLATE-WHEEL-CARRIAGE-2000 (STL PLATE-0.25),EA,63.6,44.52,,,,
C02231.0000,RING-BUSHING--LARGE,EA,17.5,12.25,,,,
C02236.0000,PART OPEN CUTOFF SW ASSY,EA,31.8,22.26,,,,
C02237.0000,PLATE-WHEEL-CARRIAGE-2000,EA,79.1,55.37,,,,
C02246.0000,CLAMP-CABLE-SLAVE,EA,49.3,34.51,,,,
C02248.0000,BEARING COLLAR(IAW DWG C2248),EA,19.2,13.44,,,,
C02249.0000,ASSY; SLAVE CABLE CLAMP-2000,EA,89.0,62.3,,,,
C02251.0000,TOGGLE HARNESS 52110 ASSY,EA,115.0,80.5,,,,
C02255.0000,FUSE 3A 32V TYPE 1AG,EA,14.3,10.01,,,,
C02273.0002,PLATE-MOUNTING-ENGRAVED 1 3/4 X 4 1/2 X 1/8 LMC2273-1 FOR RTQP REVO EA,,188.0,131.6,,,,
C02280.0002,"MODULEINTERLOCK ESI ES520 3""X5"" FOUR FUNCTION 24V AC-DC",EA,688.0,481.6,,,,
C02280.0003,MODULE INTERLOCK ESI ES520 24V AC-DC WITH VER.2.54.01 (EARLY WARNING,EA,731.0,511.7,,,,
C02280.00RM,"MODULE RESTROOM ESI ES530 DELAY 3""X5"" 24V AC-DC",EA,614.0,429.8,,,,
C02290.0002,"MODULE DELAY ESI ES505 2.75""X2.75"" MULTI FUNCTION",EA,206.0,144.2,,,,
C02297.000A,ALUM FLUSH PANIC DEVICE MUNTIN - CLEAR 288 IN,LF,52.3,36.61,,,,
C02297.000B,ALUM FLUSH PANIC DEVICE MUNTIN BRONZE 288 IN,LF,55.5,38.85,,,,
C02298.0000,"GLASS PANEL ""SX""-2500 TO BE IAW DWG C02298.0000",SF,89.1,62.37,,,,
C02298.0001,"GLASS PANEL ""O"" 110-2500 TO BE IAW DWG C02298.0001",SF,93.4,65.38,,,,
C02298.0008,GLASS 7/16 X 1SF STARFIRE LOW IRON CURVED LAMINATED,SF,107.0,74.9,,,,
C02298.0009,"GLASS, ""O"" PANEL 1/2""; STARFIRE LOW IRON IAW DWG C2298-1",SF,843.0,590.1,,,,
C02298.0014,GLASS PANEL; 2500 ELEGANT CLAMP RAIL,SF,98.9,69.23,,,,
C02298.0025,"GLASS PANEL; (PANIC HARDWARE PREP) ""SX"" 2500 (ELEGANT) SLIDE 10"" BTTM",SF,55.6,38.92,,,,
C02300.0001,ROD ASSY FOR FLUSH PANIC DEV ADAMS RITE 31-0925LATCH ROD,EA,161.0,112.7,,,,
C02300.0004,FLUSH MOUNT PANIC DEVICE ADAMS RITE F86 PUSH PAD AT 25 INCHES DARK EA,,860.0,602.0,,,,
C02300.0007,FLUSH PANIC DEVICE FILLER PNL,LF,8.0,5.6,,,,
C02300.000A,FLUSH PANIC DEVICE ASSY INCLUDE C02300.0007 FILLER,EA,922.0,645.4,,,,
C02300.000B,FLUSH PANIC DEVICE ASSY INCLUDE C02300.0007 FILLER,EA,921.0,644.7,,,,
C02300.008R,HANDLE ASSY RHR PANIC 2001 ELEG CRL# PA100Z3RPSB,EA,12867.0,9006.9,,,,
C02300.009R,HANDLE ASSY LHR PANIC 2001 ELEG CRL# PA100Z4RPSB,EA,12867.0,9006.9,,,,
C02300.0446,HARDWARE.EXIT DEVICE.FLUSH.TALL DOOR.ADAMS RITE,EA,658.0,460.6,,,,
C02303.0000,ALUM HALF SADDLE THRESHOLD EXTRU - MILL 4 IN,LF,60.2,42.14,,,,
C02303.0001,ALUM HALF SADDLE THRESHOLD EXTRU - MILL 5 IN,LF,64.9,45.43,,,,
C02306.000A,"MORTISE CYLINDER MOUNTING PAD, JACKSON NO. 86, CLEAR, SATIN ALUMIN",EA,108.0,75.6,,,,
C02307.0000,CORNER BLK FOR FLUSH MNT PANIC,EA,5.3,3.71,,,,
C02308.000A,TRIM PLATE FOR FLUSH MNT PANIC,EA,40.3,28.21,,,,
C02311.0004,BLOCKBOTOM GUIDE 310/110 ELEGANT SLIDE,EA,151.0,105.7,,,,
C02311.0007,ASSEMBLY; INTERLOCK ROLLER SLIDE,EA,57.2,40.04,,,,
C02311.0008,ASSEMBLY; BOTTOM GUIDE 310 ELEGANT SLIDE,EA,323.0,226.1,,,,
C02314.0000,WASHER THRUST,EA,34.9,24.43,,,,
C02317.0000,LOCK BOT RAIL AR MS1861,EA,259.0,181.3,,,,
C02320.0003,FOOT-W/STD-TORSION-2500,EA,436.0,305.2,,,,
C02324.2RHA,ASSYTRSN BARSX-O BPRT 2500,EA,1186.0,830.2,,,,
C02335.000A,END CAP ELEGANT R-W-4.62,EA,75.8,53.06,,,,
C02335.001A,END CAP ELEGANT R-W-3.62,EA,60.2,42.14,,,,
C02335.005A,ENDCAPRW-4.63 ELEGANT2500 CLR,EA,143.0,100.1,,,,
C02335.005B,ENDCAPRW-4.63 ELEGANT2500 BRZ,EA,143.0,100.1,,,,
C02335.010A,ENDCAP 10.12 BOTTOM RAIL 310 ELEGANT,EA,170.0,119.0,,,,
C02335.010B,ENDCAP 10.12 BOTTOM RAIL 310 ELEGANT BRZ (AL. SHEET .188),EA,170.0,119.0,,,,
C02336.000A,END CAP ELEGANT L-W-4.62,EA,60.2,42.14,,,,
C02336.000B,END CAP ELEGANT L-W-4.62,EA,55.5,38.85,,,,
C02336.001A,END CAP ELEGANT L-W-3.62,EA,60.2,42.14,,,,
C02337.000A,END CAP ELEGANT R 5.34,EA,55.5,38.85,,,,
C02337.000B,END CAP ELEGANT R 5.34,EA,157.0,109.9,,,,
C02337.001A,END CAP ELEGANT R 3.62,EA,60.2,42.14,,,,
C02337.001B,END CAP ELEGANT R 3.62,EA,60.2,42.14,,,,
C02337.003A,END CAP ELEGANT R 4.44,EA,60.2,42.14,,,,
C02337.003B,END CAP ELEGANT R 4.44,EA,60.2,42.14,,,,
C02337.004A,END CAP ELEGANT R 5.00,EA,68.0,47.6,,,,
C02337.004B,END CAP ELEGANT R 5.00,EA,55.5,38.85,,,,
C02337.005A,END CAP ELEGANT RH 6.38,EA,57.2,40.04,,,,
C02337.005B,END CAP ELEGANT RH 6.38,EA,60.2,42.14,,,,
C02337.008A,ENDCAPSO INTRLK SXSO 2500/310,EA,72.9,51.03,,,,
C02337.008B,ENDCAPSO INTRLK SXSO 2500/310,EA,72.9,51.03,,,,
C02337.009A,ENDCAPELEGANT R-4.63 2500 SER,EA,92.1,64.47,,,,
C02338.000A,END CAP ELEGANT L 5.34,EA,60.2,42.14,,,,
C02338.000B,END CAP ELEGANT L 5.34,EA,60.2,42.14,,,,
C02338.001A,END CAP ELEGANT L 3.62,EA,66.0,46.2,,,,
C02338.002A,END CAP ELEGANT L 4.62,EA,175.0,122.5,,,,
C02338.003A,END CAP ELEGANT L 4.44,EA,60.2,42.14,,,,
C02338.003B,END CAP ELEGANT L 4.44,,167.0,116.9,,,,
C02338.004A,END CAP ELEGANT L 5.00,,233.0,163.1,,,,
C02338.004B,END CAP ELEGANT L 5.00,,157.0,109.9,,,,
C02338.005A,END CAP ELEGANT LH 6.38,,57.2,40.04,,,,
C02338.005B,END CAP ELEGANT LH 6.38,,175.0,122.5,,,,
C02338.008A,ENDCAPSO INTRLK SOSX 2500/310,,167.0,116.9,,,,
C02338.008B,ENDCAPSO INTRLK SOSX 2500/310,,19.1,13.37,,,,
C02338.010A,ENDCAP 10.12 BOTTOM RAIL 310 ELEGANT,,185.0,129.5,,,,
C02338.010B,ENDCAP 10.12 BOTTOM RAIL 310 ELEGANT BRZ (AL. SHEET .187),,185.0,129.5,,,,
C02338.011A,ENDCAP 10.12 BOTTOM RAIL 310 ELEGANT,,431.0,301.7,,,,
C02338.011B,ENDCAP 10.12 BOTTOM RAIL 310 ELEGANT BRZ (AL. SHEET .188),,170.0,119.0,,,,
C02338.012A,ENDCAP 10.12 BOTTOM RAIL 310 ELEGANT,,431.0,301.7,,,,
C02341.0000,PIN DOWEL ELEGANT,,15.9,11.13,,,,
C02342.0000,INSERT GLASS,,22.3,15.61,,,,
C02343.0000,SPACERELEGANT BOTTOM RAIL LOCK MOUNTING,,19.1,13.37,,,,
C02347.000A,LOCK RING SPACER,,71.4,49.98,,,,
C02347.000B,LOCK RING SPACER,,61.8,43.26,,,,
C02348.000A,LOCK RING SPACER,,64.9,45.43,,,,
C02348.000B,LOCK RING SPACER,,64.9,45.43,,,,
C02356.0000,CONN AMP 640133-8 CARD,,11.2,7.84,,,,
C02361.000A,"DEVICE 2 PT LOCK EXIT 36""W CLR ADAMS RITE G86H-11-36",,938.0,656.6,,,,
C02361.000B,"DEVICE 2 PT LOCK EXIT 36""W BRZ ADAMS RITE G86H-22-36",,681.0,476.7,,,,
C02394.0001,BEARING 20MM INA 4104,,270.0,189.0,,,,
C02394.0002,WASHER-25MM-INA 4104 AW,,104.0,72.8,,,,
C02397.0000,MAGNET FLEX 1/8X3/4 MAGNET SALES P/N HF0848,,15.9,11.13,,,,
C02398.0000,BOLT 1/2-20X1 FHSCS PLT,,6.4,4.48,,,,
C02400.0000,PIVOTTOP(MOD)-SO PNL 2500/300,,167.0,116.9,,,,
C02438.0000,GUIDE TRACK I.C.U.,,24.4,17.08,,,,
C02457.001B,END CAP ELEGANT,,36.6,25.62,,,,
C02475.001A,PACKAGE ACCY SCREW CLR ASSY,,52.3,36.61,,,,
C02500.0001,SHIMSO BTTM PIVOT 2500/310,,31.8,22.26,,,,
C02520.0000,CONNECTOR 5/C MTA100 AMP 643813-5,,4.8,3.36,,,,
C02528.0000,BOLT 5/16-18X3/4 HHMB L8,,3.3,2.31,,,,
C02582.0000,RELAY DPDT 10A 12VDC PB K10P11D15 12V HL2-H-DC12V,,55.5,38.85,,,,
C02593.0001,ASSY MPU/PWM CARD C2160-3,,771.0,539.7,,,,
C02595.0AEG,ASSY MOTOR DR PWR SUP,,2041.0,1428.7,,,,
C02600.0001,GAS SPRING18#8.27 STROKE W/ BALL STUDS,,147.0,102.9,,,,
C02628.000A,ALUM EXTRUSION-3/16X1-1/4 ALUM BAR - CLEAR 240 IN,,4.8,3.36,,,,
C02628.000B,ALUM EXTRUSION-3/16X1-1/4 ALUM BAR - DARK BRONZE 240 IN,,8.0,5.6,,,,
C02641.0000,"3/8"" STAINLESS PHPS",,0.4,0.28,,,,
C02647.0000,3-48 STAINLESS NYLON-INSERT LOCKNUT,,6.0,4.2,,,,
C02656.0000,SPACER 310 BTWN SO SX PNLS,,0.9,0.63,,,,
C02658.0000,BELTCOG .50PX1.00W-2001 IAW DWG HORTON C02658.0000,,30.6,21.42,,,,
C02658.0001,"BELTCOG .50""X1.00""W-KEVLAR GATES/MECTROL CH100KNT",,42.8,29.96,,,,
C02658.0002,"BELTCOG .50""X1.00"" NEOPRENE, GLASS FIBER CORD",,20.7,14.49,,,,
C02659.0000,BRACKET HANGER,,144.0,100.8,,,,
C02664.0001,ENCODER OPTIC,,247.0,172.9,,,,
C02666.0001,COVER ENCODER,,116.0,81.2,,,,
C02674.0000,MOUNT GUIDE PIN,,33.3,23.31,,,,
C02675.0000,GUIDE BLOCK,,28.6,20.02,,,,
C02678.0002,PLATE BELT SPLICE (H100),,27.0,18.9,,,,
C02679.0002,TRACK -BOTTOM GUIDE,,129.0,90.3,,,,
C02681.0000,ASSY BOT GUIDE IND SLIDE,,161.0,112.7,,,,
C02681.0001,ASSY-BOTTOM GUIDE-INDUSTRIAL,EA,154.0,107.8,,,,
C02688.001A,ALUM EXTRUSION-SPACER-SO CLOSER - CLEAR 288 IN,LF,31.8,22.26,,,,
C02688.001B,ALUM EXTRUSION-SPACER-SO CLOSER BRONZE 288 IN,LF,90.3,63.21,,,,
C02702.000P,END CAP ELEGANT LH 6.425,EA,299.0,209.3,,,,
C02702.000S,END CAP ELEGANT LH 6.425,EA,242.0,169.4,,,,
C02703.000P,END CAP ELEGANT RH 6.425,EA,282.0,197.4,,,,
C02710.0001,STEEL STAINLESS 0.188 X 2 X 4,SF,390.0,273.0,,,,
C02712.000R,END CAP ELG R-505 CLAD,EA,311.0,217.7,,,,
C02714.000P,END CAP ELG R-4.48 CLAD,EA,293.0,205.1,,,,
C02716.000P,END CAP ELG LW4.67 CLAD,EA,338.0,236.6,,,,
C02716.000S,END CAP ELG LW4.67 CLAD,EA,341.0,238.7,,,,
C02718.000P,END CAP ELG RW4.67 CLAD,EA,380.0,266.0,,,,
C02718.000S,END CAP ELG RW4.67 CLAD,EA,341.0,238.7,,,,
C02720.000P,END CAP ELG L 4.48 CLAD,EA,336.0,235.2,,,,
C02722.0000,STEEL SHT 10 GA .135,SF,37.6,26.32,,,,
C02722.000S,END CAP ELG L 5.05 CLAD,EA,324.0,226.8,,,,
C02726.000S,END CAP ELEGANT-L-4.67 NO W/S,EA,381.0,266.7,,,,
C02728.000S,END CAP ELEGANT-L-4.67 NO W/S,EA,381.0,266.7,,,,
C02745.000A,ALUM BELT DR TELE HDR BACK MEMBER - CLEAR 288 IN,LF,49.3,34.51,,,,
C02745.000B,ALUM BELT DR TELE HDR BACK MEMBER- BRONZE 288 IN,LF,52.3,36.61,,,,
C02745.001A,EXTRUSION.ALUMINUM.HEADER.S2003T.6 IN X 8 IN.288 IN.6063.T5.CLEAR,LF,69.3,48.51,,,,
C02745.001B,EXTRUSION.ALUMINUM.HEADER.S2003T.6 IN X 8 IN.288 IN.6063.T5.DARK BRO,LF,102.0,71.4,,,,
C02746.000A,ALUM BELT DRIVE TELE HDR ANTI-RISE CLEAR 288 IN,LF,36.6,25.62,,,,
C02746.000B,ALUM BELT DRIVE TELE HDR ANTI-RISE BRONZE 288 IN,LF,69.9,48.93,,,,
C02747.000A,ALUM BELT DRIVE TELE HDR TOP MEMBER - CLEAR 288 IN,LF,34.9,24.43,,,,
C02747.000B,ALUM BELT DRIVE TELE HDR TOP MEMBER BRONZE 288 IN,LF,52.3,36.61,,,,
C02753.0001,SHEET STAINLESS #4 18 GA.4X8,SF,123.0,86.1,,,,
C02765.0001,SHEET MUNTZ #8 18 GA.4 X 8,SF,342.0,239.4,,,,
C02768.0001,SHEET STL CF 1018 GALV 16 4X10,SF,17.5,12.25,,,,
C02775.0001,SHEET304 SS 11 GA (.120)4X8,SF,134.0,93.8,,,,
C02776.0000,STEEL-GALVANIZE CF-11GA4X8,SF,49.3,34.51,,,,
C02778.000A,ALUM EXT-VERTICAL LOCK RAIL WS - CLEAR 294 IN,LF,159.0,111.3,,,,
C02778.000B,"ALUM 294"" ALUM EXT-VERTICAL LOCK RAIL WS BRONZE 290 IN",LF,154.0,107.8,,,,
C02779.000A,ALUM EXT-VERT INTERLOCK RAIL WS - CLEAR 294 IN,LF,159.0,111.3,,,,
C02779.000B,ALUM EXT-VERT INTERLOCK RAIL WS BRONZE 294 IN,LF,154.0,107.8,,,,
C02797.000A,ALUM 1 3/4 X 8 IN BOTTOM RAIL - CLEAR 291 IN,LF,64.9,45.43,,,,
C02797.000B,ALUM 1 3/4 X 8 IN BOTTOM RAIL BRONZE 291 IN,LF,89.1,62.37,,,,
C02798.0001,ALUM W75 ADAPTER FOR 8 & 10 BOT RL - MILL 288 IN,LF,8.0,5.6,,,,
C02799.0000,ALUM MUNTIN ADAPT FOR C2797/2966-1 - MILL 288 IN,LF,6.4,4.48,,,,
C02800.0000,SHEET STAINLESS 12GA 4X8,SF,95.2,66.64,,,,
C02801.000A,ALUM EXTRU-HORIZ RIAL CLEAR MET-DADE - CLEAR 288 IN,LF,36.6,25.62,,,,
C02801.000B,ALUM EXTRU-HORIZ RIAL BNZ MET-DADE BRONZE 288 IN,LF,36.6,25.62,,,,
C02802.0000,SHEET STAINLESS #4 10 GA 4X8,SF,101.0,70.7,,,,
C02810.0000,"STL PLATE - 3/16"" A36 HR 4'X8'",SF,63.6,44.52,,,,
C02811.000A,ACCYSO CLSR 2500/310,EA,137.0,95.9,,,,
C02823.000A,EXTRU ELEG CLAMP - CLEAR 288 IN,LF,9.6,6.72,,,,
C02836.0000,ALUM RETAINER FOR FINGER GUARD - MILL 288 IN,LF,8.0,5.6,,,,
C02841.001A,ALUM DOOR STOP - CLEAR 288 IN,LF,14.3,10.01,,,,
C02841.001B,ALUM DOOR STOP DRK BRONZE,LF,9.6,6.72,,,,
C02842.0000,ALUM EXTR S700 SWITCH CAM - MILL 288 IN,LF,11.2,7.84,,,,
C02847.0000,ALUM EXTR. LOCK BOLT RETAIN - MILL 288 IN,LF,12.8,8.96,,,,
C02850.000096,GRAY PLASTIC EXTRUSION FOR C02885 AND C02886 THRESHOLD - NORMALLY EA,,336.0,235.2,,,,
C02850.0001A,EXTRUSION ALUMINUM SNAP-IN FOR S2021 AND S2022 THRESHOLD CLEAR,LF,32.2,22.54,,,,
C02850.0001B,EXTRUSION ALUMINUM SNAP-IN FOR S2021 AND S2022 THRESHOLD BRONZE,LF,32.2,22.54,,,,
C02850.0002A,"EXTRUSION ALUMINUM SNAP-IN FOR S2000, S2001 AND S2003 THRESHOLD CL",LF,4.2,2.94,,,,
C02850.0002B,"EXTRUSION ALUMINUM SNAP-IN FOR S2000, S2001 AND S2003 THRESHOLD B LF",,4.2,2.94,,,,
C02859.0000,ALUM EXTRUSION BELT CLAMP - MILL 288 IN,LF,34.9,24.43,,,,
C02864.0000,GUIDE CAP RETAINER,EA,31.8,22.26,,,,
C02867.0000,"SUPPORTE-CHAIN ICU SELF CLS POLYVISION ""SX"" PANEL",EA,71.1,49.77,,,,
C02868.000A,ALUM EXTR UP BAR COVER LOW - CLEAR 288 IN,LF,25.4,17.78,,,,
C02868.000B,ALUM EXTR UP BAR COVER LOW - DARK BRONZE 288 IN,LF,25.4,17.78,,,,
C02869.000A,ALUM EXTR UP BAR COVER MID - CLEAR 288 IN,LF,9.6,6.72,,,,
C02869.000B,ALUM EXTR UP BAR COVER MID BRONZE 288 IN,LF,12.8,8.96,,,,
C02870.001A,ALUM EXTRU;TOP RAIL RAPIDSLIDE - CLEAR 288 IN,LF,39.7,27.79,,,,
C02871.002A,ALUM EXTRU;VERT RAIL RAPIDSLIDE - CLEAR 252 IN,LF,25.4,17.78,,,,
C02872.001A,ALUM EXTRU;BTM RAIL RAPIDSLIDE - CLEAR 288 IN,LF,60.2,42.14,,,,
C02873.0000,ALUM THRESHOLD - MILL 288 IN,LF,31.3,21.91,,,,
C02873.000096,ALUMINUM MILL FINISH 310 THRESHOLD COMMONLY USED IN RECESS OR OL,EA,147.0,102.9,,,,
C02873.0004,EXTRU: THRESHOLD SERIES 2021 & 2022 MILL,LF,15.2,10.64,,,,
C02873.000B96,ALUMINUM DARK BRONZE FINISH 310 THRESHOLD COMMONLY USED IN RECE,EA,178.0,124.6,,,,
C02876.000A,ALUM JAMB 1.75 IN X4.5 IN - CLEAR 291 IN,LF,47.6,33.32,,,,
C02876.000B,ALUM JAMB 1.75X4.5 DARK BRONZE 291 IN,LF,42.8,29.96,,,,
C02876.001A,TUBE; DOUBLE POCKET 1.75 IN X 4.5 IN JAMB S2021 / S2022 - CLEAR 291 IN,LF,28.6,20.02,,,,
C02876.001B,TUBE; DOUBLE POCKET 1.75 IN X 4.5 IN JAMB S2021 / S2022 - DARK BRONZE 2,LF,36.6,25.62,,,,
C02878.000A,ALUM WIDE DRUM POST GRD - CLEAR 288 IN,LF,47.6,33.32,,,,
C02878.000B,ALUM WIDE DRUM POST GRD DARK BRONZE 288 IN,LF,49.3,34.51,,,,
C02883.000A,ALUM BREAKOUT SUPPORT - CLEAR 288 IN,LF,123.0,86.1,,,,
C02883.000B,ALUM BREAKOUT SUPPORT BRONZE 288 IN,LF,126.0,88.2,,,,
C02884.001A,ALUM BREAKOUT TRACK - CLEAR 288 IN,LF,33.3,23.31,,,,
C02884.001B,ALUM BREAKOUT TRACK DARK BRONZE - 288 IN,LF,36.6,25.62,,,,
C02885.0000,ALUM EXTRU;THRESHOLD 310 TELE - MILL 288 IN,LF,68.0,47.6,,,,
C02885.000096,"ALUMINUM MILL FINISH 310 THRESHOLD FOR TELESCOPE APPLICATIONS 96""",EA,298.0,208.6,,,,
C02885.000B,ALUM EXTRU; THRESHOLD 310 TELE BRONZE 288 IN,LF,57.2,40.04,,,,
C02885.000B96,ALUMINUM DARK BRONZE FINISH 310 THRESHOLD FOR TELESCOPE APPLICATI,EA,373.0,261.1,,,,
C02886.0000,ALUM EXTRU;THRESHOLD 310 - MILL 288 IN,LF,25.1,17.57,,,,
C02886.0001,"ALUM EXTRU; THRESHOLD 310 MILL SERIES 2000, 2001 & 2003 - MILL 288 IN",LF,25.4,17.78,,,,
C02886.000B,ALUM EXTRUSION THRESHOLD 310 BRONZE 288 IN,LF,46.0,32.2,,,,
C02886.001B,"EXTRU; THRESHOLD 310 DARK BRONZE SERIES 2000, 2001 & 2003",LF,36.6,25.62,,,,
C02886.002A,"EXTRU; THRESHOLD 310 SERIES 2000, 2001 LEVEL E, - CLEAR ANNODIZED 288 I",LF,30.2,21.14,,,,
C02887.000A,"ALUM COV, SURFACE HEADER - CLEAR 288 IN",LF,60.2,42.14,,,,
C02887.000B,"ALUM COV, SURFACE HEADER - DARK BRONZE 288 IN",LF,61.8,43.26,,,,
C02888.000A,ALUM HOUSING COVER - CLEAR 288 IN,LF,8.0,5.6,,,,
C02888.000B,ALUM HUT 195 DARK BRONZE,LF,8.0,5.6,,,,
C02889.001A,ALUM EXTRU; 4 IN MUNTIN ONE PC - CLEAR 288 IN,LF,28.6,20.02,,,,
C02889.001B,"ALUM EXTRU;4"" MUNTIN ONE PC. BRONZE 288 IN",LF,54.0,37.8,,,,
C02890.0000,EXTRUSION CHANNEL 1/2 X 1 X .125 MILL 240 IN,LF,11.2,7.84,,,,
C02893.000A,ALUM TOP RAIL - CLEAR 288 IN,LF,101.0,70.7,,,,
C02893.000B,ALUM TOP RAIL - DARK BRONZE FINISH 288 IN,LF,28.6,20.02,,,,
C02894.000A,ALUM TOP RAIL - CLEAR FINISH 288 IN,LF,71.1,49.77,,,,
C02894.000B,ALUM HUT 210 - DARK BRONZE FINISH 288 IN,LF,25.4,17.78,,,,
C02902.000A,ALUM TUBE 2X6 - CLEAR 291 IN,LF,64.9,45.43,,,,
C02902.000B,ALUM TUBE 2X6 BRONZE 291 IN,LF,74.8,52.36,,,,
C02903.0RHA,LEVERDEADLOCK-A/R # 4550R-130 REHAND USING A/R'S INSTRUCTION,EA,788.0,551.6,,,,
C02906.0A21,ALUM EXTRU; SO PIVOT RAIL-NAR - CLEAR 258 IN,LF,27.0,18.9,,,,
C02906.0B21,"ALUM EXTRU;""SO"" PIVOT RAIL-NAR-BRONZE 258 IN",LF,31.8,22.26,,,,
C02907.000A,"ALUM EXT,MUNTIN 1 IN - CLEAR 291 IN",LF,22.3,15.61,,,,
C02907.000B,"ALUM EXT,MUNTIN 1 IN. BRONZE 291 IN",LF,11.2,7.84,,,,
C02908.000A,ALUM EXTRU;FACEPLATE- CLEAR 237 IN,LF,46.3,32.41,,,,
C02908.000B,ALUM EXTRU;FACEPLATE - DARK BRONZE 237 IN,LF,63.0,44.1,,,,
C02908.000C,EXTRUFACEPLATE-24' 6X6 BLK,LF,58.5,40.95,,,,
C02908.001A,ALUM EXTRU;FACEPLATE 252 IN WITH INTEGRAL - CLEAR 252 IN,LF,47.6,33.32,,,,
C02908.001B,ALUM EXTRU;FACEPLATE 21' W/INTEGRAL BRONZE 252 IN,LF,60.2,42.14,,,,
C02908.0A96,ALUM EXTRU; FACEPLATE - CLEAR 96 IN,EA,371.0,259.7,,,,
C02908.0B96,ALUM EXTRU; FACEPLATE - DARK BRONZE 96 IN,EA,504.0,352.8,,,,
C02909.000A,EXTRU; HDR BCKMBR W/INTEGRATED W.S.NOSING SWING DOOR - CLEAR 237,LF,56.0,39.2,,,,
C02909.000B,ALUM EXTRU;FACEPLATE - DARK BRONZE 237 IN,LF,70.2,49.14,,,,
C02909.000C,EXTRUHDR BCKMBR 24' 6X6 BLK,LF,68.0,47.6,,,,
C02909.001A,ALUM EXTRU;HDR BACKMBR WITH INTEGRAL - CLEAR 252 IN,LF,52.3,36.61,,,,
C02909.001B,ALUM EXTRU;HDR BACKMBR 21' W/INTGR BRONZE 252 IN,LF,64.9,45.43,,,,
C02909.0A96,EXTRU; HDR BCKMBR W/INTEGRATED W.S. NOISING SWING DOOR - CLEAR 96,EA,448.0,313.6,,,,
C02910.000A,ALUM HEADER BACKMEMBER - CLEAR 228 IN,LF,45.5,31.85,,,,
C02910.000B,ALUM HEADER BACKMEMBER - DARK BRONZE 228 IN,LF,56.0,39.2,,,,
C02910.000C,HEADER BACKMEMBER BLACK 228 IN,LF,57.0,39.9,,,,
C02911.000A,ALUM FACEPLATE - CLEAR 228 IN,LF,45.5,31.85,,,,
C02911.000B,ALUM FACEPLATE - DARK BRONZE 228 IN,LF,45.5,31.85,,,,
C02911.000C,FACEPLATE BLACK - 228 IN,LF,57.2,40.04,,,,
C02915.001A,ALUM EXTRU; SO PIVOT RAIL-MED - CLEAR 276 IN,LF,47.6,33.32,,,,
C02915.001B,"ALUM EXTRU;""SO"" PIVOT RAIL-MED-BRONZE 276 IN",LF,55.5,38.85,,,,
C02919.000A,COVER 8000 OPERATOR CLR,EA,118.0,82.6,,,,
C02920.001A,ALUM RAIL;TOP/BTTM RAIL-GRAND CORE - CLEAR 288 IN,LF,34.9,24.43,,,,
C02920.001B,ALUM RAIL;TOP/BTTM RAIL-GRAND CORE - DARK BRONZE 288 IN,LF,25.4,17.78,,,,
C02921.0000,ALUM EXTRU CHASSIS-8000 - MILL 291 IN,LF,20.7,14.49,,,,
C02924.000A,ALUM EXTR 4000 HDR - CLEAR 246 IN,LF,95.2,66.64,,,,
C02924.000B,ALUM EXTR 4000 HDR BRONZE 246 IN,LF,107.0,74.9,,,,
C02925.000A,ALUM EXTR COVER 4000 HDR - CLEAR 246 IN,LF,33.3,23.31,,,,
C02925.000B,ALUM EXTR COVER 4000 HDR BRONZE 246 IN,LF,38.1,26.67,,,,
C02926.000A,ALUM FACEPLATE EXTEND - BUY FROM TECNOGLASS ONLY - CLEAR 288 IN,LF,25.4,17.78,,,,
C02926.000B,ALUM FACEPLATE EXTEND BRONZE 288 IN,LF,28.6,20.02,,,,
C02926.001A,ALUM EXTRU;FACEPL W/EXT LWR LIP BUY FROM TECNOGLASS ONLY - CLEAR 2,LF,34.9,24.43,,,,
C02926.001B,ALUM EXTRU;FACEPL W/EXT LWR LIP BRONZE 288 IN,LF,39.7,27.79,,,,
C02927.000A,ALUM FACEPLATE ICU - CLEAR 288 IN,LF,12.8,8.96,,,,
C02927.000B,ALUM FACEPLATE ICU 24 FT BRONZE 288 IN,LF,15.9,11.13,,,,
C02928.000A,ALUM HDR ICU - CLEAR 294 IN,LF,46.0,32.2,,,,
C02928.0A19,ALUM EXTRU HEADER ICU - CLEAR 228 IN,LF,49.3,34.51,,,,
C02929.000A,ALUM TRACK HDR 7 CLEAR - 291 IN,LF,54.0,37.8,,,,
C02929.000B,ALUM TRACK HDR 7 DARK BRONZE - 291 IN,LF,68.2,47.74,,,,
C02930.000A,ALUM EXTR FACEPLATE SO - CLEAR 288 IN,LF,22.3,15.61,,,,
C02930.000B,ALUM EXTR FACEPLATE SO - DARK BRONZE 288 IN,LF,22.3,15.61,,,,
C02932.000A,ALUM RAIL VERT 15 DEGREE - CLEAR 288 IN,LF,20.7,14.49,,,,
C02932.000B,ALUM RAIL VERT 15 DEGREE- DARK BRONZE 288 IN,LF,20.7,14.49,,,,
C02934.000A,ALUM STOP GLASS REVOLVER - CLEAR 288 IN,LF,9.6,6.72,,,,
C02934.000B,ALUM STOP GLASS REVOLVER - DARK BRONZE 288 IN,LF,12.8,8.96,,,,
C02935.000A,ALUM RAIL VERT DRUM - CLEAR 291 IN,LF,27.0,18.9,,,,
C02935.000B,ALUM RAIL VERT DRUM - DARK BRONZE 291 IN,LF,28.6,20.02,,,,
C02938.000A,ALUM WX STRIP RETAIN 6063T5 CLEAR 288 IN,LF,6.4,4.48,,,,
C02938.000B,ALUM WX STRIP RETAIN 6063T5 - DARK BRONZE 288 IN,LF,8.0,5.6,,,,
C02939.000A,ALUM EXTRU BALL CATCH ARM - CLEAR 288 IN,LF,41.2,28.84,,,,
C02939.000B,ALUM EXTRU BALL CATCH ARM BRONZE 288 IN,LF,50.7,35.49,,,,
C02940.000A,ALUM EXTR NOSING ADPT REV - CLEAR 288 IN,LF,8.0,5.6,,,,
C02940.000B,ALUM EXTR NOSING ADPT REV - DARK BRONZE 288 IN,,9.6,6.72,,,,
C02941.000A,ALUM TUBE 1 5/8ODX.035WAL CLEAR 240 IN,,115.0,80.5,,,,
C02941.000B,ALUM TUBE 1 5/8ODX.035WAL BRONZE 240 IN,,113.0,79.1,,,,
C02944.0000,SHEET ALUM .063 MILL,,19.1,13.37,,,,
C02944.001A,ALUM SHT 4 X 8 .063 CLR,,874.0,611.8,,,,
C02944.001B,ALUM SHT 4 X 8 .063 DB,,46.0,32.2,,,,
C02945.0000,SHEET ALUM .125 X 48 X 120MIL,,20.7,14.49,,,,
C02945.0001,SHEET ALUM.125 X 4 X 8 MILL,,52.3,36.61,,,,
C02945.0005,SHEET ALUM.125 X 4 X 12 MIL,,43.8,30.66,,,,
C02945.001A,ALUM SHT 4 X 8 .125 CLR,,116.0,81.2,,,,
C02945.001B,ALUM SHT 4 X 8 .125 DB,,129.0,90.3,,,,
C02945.003A,ALUM SHT 5 X 12 .125 CLR,,64.9,45.43,,,,
C02945.005A,ALUM SHT 4 X 12 .125 CLR,,46.0,32.2,,,,
C02945.005B,SHEET ALUM 4 X 12 .125 DARK BRONZE,,61.8,43.26,,,,
C02946.0003,ALUM SHT.090X4X12 MILL,,25.4,17.78,,,,
C02946.003A,ALUM SHT 4 X 12 .090 CLR,,44.4,31.08,,,,
C02946.003B,ALUM SHT 4 X 12 .090 DB,,49.3,34.51,,,,
C02947.001A,SHEET ALUM .040 X 4 X 8 CLR,,23.8,16.66,,,,
C02948.000A,ALUM MUNTIN;GRAND CORE - CLEAR 288 IN,,15.9,11.13,,,,
C02948.000B,ALUM MUNTIN;GRAND CORE - DARK BRONZE 288 IN,,20.7,14.49,,,,
C02949.000A,ALUM JAMB;GRAND CORE 3W - CLEAR 288 IN,,31.8,22.26,,,,
C02949.000B,ALUM JAMB;GRAND CORE 3W - DARK BRONZE 288 IN,,41.2,28.84,,,,
C02950.000A,"ALUM NOSE RAIL,DRUM - CLEAR 288 IN",,47.6,33.32,,,,
C02950.000B,"ALUM NOSE RAIL,DRUM BRONZE 288 IN",,42.8,29.96,,,,
C02951.001A,ALUM NOSE RAIL DRUM S E - CLEAR 288 IN,,25.4,17.78,,,,
C02952.000A,ALUM RAIL BK DOOR HUT75 - CLEAR 258 IN,,23.8,16.66,,,,
C02952.000B,ALUM RAIL BK DOOR HUT75 DARK BRONZE 258 IN,,28.6,20.02,,,,
C02953.000A,ALUM RAIL BK PIVOT - CLEAR 288 IN,,27.0,18.9,,,,
C02953.000B,ALUM RAIL BK PIVOT DARK BRONZE 288 IN,,31.8,22.26,,,,
C02955.000A,ALUM WALL POST RD DRUM - CLEAR 288 IN,,49.3,34.51,,,,
C02955.000B,ALUM WALL POST RD DRUM DARK BRONZE 288 IN,,38.1,26.67,,,,
C02956.000A,ALUM BOTTOM RAIL RD DRUM - CLEAR 288 IN,,14.3,10.01,,,,
C02956.000B,ALUM BOTTOM RAIL RD DRUM BRONZE 288 IN,,17.5,12.25,,,,
C02957.000A,ALUM BOTTOM RAIL RD DRUM - CLEAR 288 IN,,15.9,11.13,,,,
C02957.000B,ALUM BOTTOM RAIL RD DRUM BRONZE 288 IN,,23.0,16.1,,,,
C02958.001A,ALUM 6063T1 HUT-55E - CLEAR 288 IN,,22.3,15.61,,,,
C02958.001B,ALUM 6063T1/T5 HUT-55E BRONZE 288 IN,,27.0,18.9,,,,
C02959.001A,ALUM CANODIZEPY CEILING SUPPORT RND REV - CLEAR 288 IN,,8.0,5.6,,,,
C02959.001B,ALUM CANOPY CEILING SUPPORT RND REV BRONZE 288 IN,,12.8,8.96,,,,
C02960.0001,ALUM-FILLER FINISH - MILL 288 IN,,9.6,6.72,,,,
C02961.000A,ALUM EXT 2X2X1/8 CHANNEL - CLEAR 288 IN,,22.3,15.61,,,,
C02961.000B,ALUM EXT 2X2X1/8 CHANNEL - DARK BRONZE 288 IN,,23.8,16.66,,,,
C02962.000A,ALUM EXT REVOLVER CANODIZEPY 4 IN - CLEAR 288 IN,,14.3,10.01,,,,
C02962.000B,ALUM EXT ROVOLVER CANOPY 4 IN BRONZE 288 IN,,20.7,14.49,,,,
C02963.000A,ALUM EXT FILLER BK/PIVOT - CLEAR 288 IN,,14.3,10.01,,,,
C02963.000B,ALUM EXT FILLER BK/PIVOT - DARK BRONZE 288 IN,,23.8,16.66,,,,
C02963.001A,ALUM EXTRU;BOTTOM FILLER-BKFLD - CLEAR 288 IN,,11.2,7.84,,,,C02966-1A
C02963.002A,ALUM EXTRU;TOP FILLER-BKFLD - CLEAR 288 IN,,8.0,5.6,,,,
C02965.000A,ALUM EXTR.FOR DOOR W/S - CLEAR 288 IN,,8.0,5.6,,,,
C02965.000B,ALUM EXTR.FOR DOOR W/S DARK - DARK BRONZE 288 IN,,8.0,5.6,,,,
C02966.003A,EXTRUSION.ALUMINUM.HORIZ,,43.3,30.31,,,,
C02966.003B,EXTRUSION.ALUMINUM.HORIZONTAL RAIL.BOTTOM RAIL.1.71 IN X 10 IN.192 I LF,,52.0,36.4,,,,
C02967.0003,EXTRU; BOTTOM RAIL 10 IN LEVEL E - MILL 192 IN,,93.4,65.38,,,,
C02967.003A,EXTRU; BOTTOM RAIL 10 IN LEVEL E - CLEAR ANODIZE D 192 IN,,102.0,71.4,,,,
C02971.000A,ALUM RAIL ALL GLS HUT 93 - CLEAR 288 IN,,57.2,40.04,,,,
C02971.000B,ALUM RAIL ALL GLS HUT 93 DARK BRONZE 288 IN,,54.0,37.8,,,,
C02971.001A,EXTRU; ELEG CLAMP BOTTOM RAIL 4-5/8 IN - CLEAR 288 IN,,64.9,45.43,,,,
C02971.001B,"EXTRU; ELEG CLAMP BTTM RAIL 4-5/8"" BRONZE 288 IN",,64.9,45.43,,,,
C02972.000A,ALUM RAIL ALL GLASS HUT 94 - CLEAR 288 IN,,49.3,34.51,,,,
C02972.000B,ALUM RAIL ALL GLASS HUT 94 DARK BRONZE - 288 IN,,60.2,42.14,,,,
C02972.002A,EXTRU; ELEG TOP RAIL - CLEAR 288 IN,,54.0,37.8,,,,
C02972.002B,EXTRU; ELEG TOP RAIL BRONZE 288 IN,,54.0,37.8,,,,
C02975.000A,ALUM END CAP ELG HUT 97 CLEAR 288 IN,,55.5,38.85,,,,
C02975.000B,ALUM END CAP ELG HUT 97 DARK BRONZE - 288 IN,,8.0,5.6,,,,
C02976.000A,ALUM END CAP ELG HUT 98 NG - CLEAR 288 IN,,8.0,5.6,,,,
C02976.000B,ALUM END CAP ELG HUT 97 NG BRONZE 288 IN,,9.6,6.72,,,,
C02978.000A,ALUM BOT RAIL CENTERED - CLEAR 288 IN,,55.5,38.85,,,,
C02978.000B,BOT RAIL CENTERED BRONZE 288 IN,,68.0,47.6,,,,
C02979.0001,NOSING-REVOLVER WING,,6.4,4.48,,,,
C02980.000A,ALUM END CAP REVOLVER - CLEAR 288 IN,,11.2,7.84,,,,
C02980.000B,ALUM END CAP REVOLVER - DARK BRONZE,,12.8,8.96,,,,
C02982.001A,ALUM NOSING VERT - CLEAR 288 IN,,11.2,7.84,,,,
C02982.001B,ALUM NOSING VERT. DARK BRONZE 288 IN,,12.8,8.96,,,,
C02983.001A,EXTRU ELEG CLAMP TOP & BTM RAIL 6-3/8 IN - CLEAR 288 IN,,69.9,48.93,,,,
C02983.001B,"EXTRU ELEG CLAMP TOP & BTM RAIL 6-3/8"" BRONZE 288 IN",,69.9,48.93,,,,
C02986.0001,ALUM SHT .188 X 4 X 12 MIL,,98.3,68.81,,,,
C02987.003A,ALUM EXTRU;CNTR B.O. PREVNTR - CLEAR 288 IN,,19.1,13.37,,,,
C02987.003B,ALUM EXTRU;CNTR B.O. PREVNTR-BRONZE 288 IN,,11.2,7.84,,,,
C02990.000A,ALUM EXTR. HORSEHAIR W/S CLEAR 288 IN,,11.2,7.84,,,,
C02990.000B,ALUM EXTR. HORSEHAIR W/S - DARK BRONZE 288 IN,,9.6,6.72,,,,
C02991.000A,ALUM EXTR. HORIZONTAL RAIL - CLEAR 288 IN,,64.9,45.43,,,,
C02991.000B,ALUM EXTR. HORIZONTAL RAIL DARK BRONZE - 288 IN,,68.0,47.6,,,,
C02994.000A,ALUM EXTR.1.5 GLASS STOP - CLEAR 288 IN,,4.8,3.36,,,,
C02994.000B,ALUM EXTR.1.5 GLASS STOP - DARK BRONZE 288 IN,,6.4,4.48,,,,
C03009.0000,S2001 HEADER SPLICE KIT,,1299.0,909.3,,,,
C03069.0000,S4000 VIBRATION ISOLATOR BUSHINGS-BOTTOM LOAD AND SIDE LOAD OPERA EA,,5.6,3.92,,,,
C03080.0014,ADAPTOR 60-14 TOOTH,,23.1,16.17,,,,
C03080.0048,ADAPTOR 60-48 TOOTH,,48.6,34.02,,,,
C03092.0000,BOLT 10-24 X 1/2 FHSCS,,1.7,1.19,,,,
C03093.0000,LOCKWASHER 1/2 INTERNAL,,3.3,2.31,,,,
C03144.0000,SCREW 10-24X3/4 SCS W/NYL,,15.9,11.13,,,,
C03145.000A,SCREW 10-24X7/8 FHMS PHILIPS CLR,,1.7,1.19,,,,
C03145.000C,SCREW/10-24X7/8 FHMSPHILIPS,,1.7,1.19,,,,
C03146.0000,SCREW5/16-18X3/8 SSS FPT,,1.7,1.19,,,,
C03147.0000,SCREW 10-24X 3/8 SSS SCUP,,1.7,1.19,,,,
C03150.0220,"CONTROL ASSY, COMMERCIAL SLIDE 220V CONFIGURATION",,804.0,562.8,,,,
C03150.0CON,CONVERSION KIT FOR C2150 OPERATORS TO C3150,,2318.0,1622.6,,,,
C03150.0SUG,RECEIVE UPDATED CONTROL WITH UPGRADED SOFTWARE RECEIVED,,1579.0,1105.3,,,,
C03150.1500,ASSEMBLY; SLIDE DOOR CONTROL W/VER. 15.04 SOFTWARE,,1809.0,1266.3,,,,C3150
C03150.2100,CONTROL.REWORKED.SLIDE.S2001,,353.0,247.1,,,,
C03150.3924,X-FORMER ASSEMBLY FOR C3150 CONTROL,,432.0,302.4,,,,C03150.3824
C03150.RSUG,RETURNED FOR SOFTWARE UPGRADE,,1579.0,1105.3,,,,
C03150.T220,TRANSFORMER ASSEMBLY C3150 220V APPLICATION,,495.0,346.5,,,,
C03156.0000,ASSEMBLY; AMPLIFIER & E6302 OPTEX BEAM CABLE,,215.0,150.5,,,,
C03183.0000,PLATE.CABLE CLAMP.HEADER MOUNTED.STEEL.1018.ZINC PLATED,,99.6,69.72,,,,
C03183.0001,HARDWARE.PLATE.CABLE CLAMP.FLOATING.STEEL.1018.ZINC PLATED,,97.4,68.18,,,,
C03184.0002,S2003T DRIVE BRACKET 310 UNITS,,221.0,154.7,,,,
C03184.0004,S2003T DRIVE BRACKET 110 UNITS,EA,242.0,169.4,,,,
C03185.0000,CABLE CLAMP FIXED,EA,183.0,128.1,,,,
C03187.0001,CONNECTORDOOR TO BELT-2003T,EA,207.0,144.9,,,,
C03188.001A,SHIELDPULLEY CLEAR (AL. SHEET .040),EA,27.0,18.9,,,,
C03190.002A,ASSYPOS LATCH-ICU BIPARTS,EA,617.0,431.9,,,,
C03191.0001,"SPRING, COMPRESSION ZINC PLATED 1/4"" OD",EA,9.6,6.72,,,,
C03192.0001,HANDLE ASSY,EA,129.0,90.3,,,,
C03192.0002,HANDLE-POSITIVE LATCH-MODIFIED,EA,95.2,66.64,,,,
C03193.0000,HANDLE STAINLESS STEEL AUSTIN HARDWARE #71,EA,55.7,38.99,,,,
C03193.0002,"PULL HANDLE; ALUM CLR 6"" CTC 3/4"" ROUND MMC # 1435A41",EA,134.0,93.8,,,,
C03193.0004,"BARN DOOR HANDLE 14"" O.A ROCKWOOD P/N RM3301 US32D CTC 12""",EA,1005.0,703.5,,,,
C03194.0001,CAM,EA,90.9,63.63,,,,
C03196.0002,ASSYPOS LATCH CABLE-STD ICU,EA,452.0,316.4,,,,
C03197.0002,ASSYPOSITIVE LATCH PIN-ICU,EA,89.1,62.37,,,,
C03198.0000,BOLT LATCH POSITIVE ICU - TUFRAM,EA,99.8,69.86,,,,
C03212.048A,"FILLER PLATE 2003T 48""",EA,119.0,83.3,,,,
C03212.048B,"FILLER PLATE 2003T 48"" BRZ",EA,82.2,57.54,,,,
C03212.060A,"FILLER PLATE 2003T 60"" CLR",EA,130.0,91.0,,,,
C03212.060B,"FILLER PLATE 2003T 60"" BRZ",EA,119.0,83.3,,,,
C03212.096A,FILLER PLATE.2003T.OVERSIZE BI-PART.96.CLEAR,EA,130.0,91.0,,,,
C03212.096B,FILLET PLATE.2003T.OVERSIZE BI-PART.96.BRONZE,EA,130.0,91.0,,,,
C03213.0000,WIRE ROPE TERMINAL CARLTON BATES P/N MS20664C3,EA,33.3,23.31,,,,
C03215.0000,"SHEET LEAD 4X8X1/16"" SEALED",SF,397.0,277.9,,,,
C03215.0001,"SHEET LEAD 5X8X1/16"" SEALED",SF,397.0,277.9,,,,
C03218.0000,HARDWARE.BRACKET.SOFT CLOSE.CATCH.10 GA.STEEL.GALVANIZED (GL. SHEE EA,,27.0,18.9,,,,
C03231.0000,BOLT-3/8-16 X 3/4 HHMB,EA,1.7,1.19,,,,
C03271.0000,SGL SLIDE 2WAY(STD)DECALS,EA,34.9,24.43,,,,
C03271.0001,KIT DECAL FOR SINGLE SLIDE 2 WAY(TELE),EA,59.9,41.93,,,,
C03272.0000,BPT SLIDE 2WAY(STD)DECALS,EA,60.2,42.14,,,,
C03272.0001,KIT FOR DECAL BIPART SLIDE 2WAY(TELE),EA,77.8,54.46,,,,
C03273.0000,SINGLE SLIDE 1 WAY DECALS,EA,34.9,24.43,,,,
C03274.0000,BIPART SLIDE 1 WAY DECALS,EA,54.3,38.01,,,,
C03275.0000,"DECAL KIT, SINGLE SWING FULL/LOW ENERGY",EA,15.9,11.13,,,,
C03276.0000,"DECAL KIT, BI-SWING SWING FULL/LOW ENERGY",EA,29.6,20.72,,,,
C03278.0000,FOLDING DOOR DECALS(1 SET/OPR),EA,47.6,33.32,,,,
C03283.00LH,ASSEMBLIES / KITS.ASSEMBLY.DAMPENER.SLIDE.SELF CLOSING ICU TELE IDS,EA,197.0,137.9,,,,
C03283.00RH,ASSEMBLIES / KITS.ASSEMBLY.DAMPENER.SLIDE.SELF CLOSING ICU TELE IDS,EA,198.0,138.6,,,,
C03285.0000,BRACKETBUMPER ICU SE SWING ACTIVE PANEL (SS. SHEET .125),EA,15.9,11.13,,,,
C03294.0000,ASSY CONICAL SPRING SELF CLOSING ICU,EA,102.0,71.4,,,,
C03297.000L,ASSY MECH HOLD OPEN SO-SX,EA,130.0,91.0,,,,
C03297.000R,ASSY MECH HOLD OPEN SX-SO,EA,143.0,100.1,,,,
C03297.001L,ASSEMBLIES / KITS.ASSEMBLY.MECHANICAL HOLD OPEN.SLIDE.SELF CLOSING I EA,,82.2,57.54,,,,
C03297.001R,ASSEMBLIES / KITS.ASSEMBLY.MECHANICAL HOLD OPEN.SLIDE.SELF CLOSING I EA,,82.2,57.54,,,,
C03299.0000,ASSY MAGNET TO LATCH SELF CLOSING ICU,EA,175.0,122.5,,,,
C03303.0000,ELECTROMAGNETSELF CLOSING ICU MAGNETECH RA1012-24,EA,228.0,159.6,,,,
C03304.0000,BRUSHHIGH TEMP SMOKE PEMCO P/N 45061CNB,LF,15.9,11.13,,,,
C03306.0000,ASSY ELECTROMAGNET BRACKET SELF CLOSING ICU,EA,397.0,277.9,,,,
C03306.001L,ASSEMBLIES / KITS.MAGNET.ELECTRIC.SELF CLOSING TELE.SLIDE,EA,21.7,15.19,,,,
C03306.001R,ASSEMBLIES / KITS.BRACKET.ELECTRIC.SELF CLOSING TELE.SLIDE,EA,21.7,15.19,,,,
C03309.0000,DECAL HYDRAULIC DAMPER,EA,4.8,3.36,,,,
C03310.0000,ASSYPC BOARD FIRE ALARM HOLD OPEN POWER SUPPLY,EA,422.0,295.4,,,,
C03310.0001,ASSYPC BOARD MAG HOLD-OPEN,EA,625.0,437.5,,,,
C03315.002A,SHAFT SLOT FILLERCLR,EA,23.8,16.66,,,,
C03316.002A,SURFACE HEADER ENDCAP,EA,28.6,20.02,,,,
C03319.0001,SUPPORT BRACKET (STL SHEET-0.078),EA,4.8,3.36,,,,
C03323.0000,ALUM BRACKET SUPPORT PLATE - MILL 288 IN,LF,61.9,43.33,,,,
C03510.0001,BRACKET.IDLER.C5600-1 S2001.STEEL.GALVANIZED,EA,5.3,3.71,,,,
C03577.0000,IDLER PULLEY ASSY,EA,392.0,274.4,,,,
C03599.0000,BUSHING-5/16ID X 3/8 OD X 3/8,EA,3.3,2.31,,,,
C03600.005A,ALUM EXTRU HEADER S2001 - CLEAR 288 IN,LF,116.0,81.2,,,,
C03600.005B,ALUM EXTRU HEADER S2001 BRONZE - 288 IN,LF,115.0,80.5,,,,
C03601.002A,ALUM EXTRU;FACEPLATE S2001 - CLEAR 288 IN,LF,49.3,34.51,,,,
C03601.002B,ALUM EXTRU;FACEPLATE S2001 BRONZE 288 IN,LF,52.3,36.61,,,,
C03605.002A,ALUM ELEGANT FACEPLATE 2001 - CLEAR 288 IN,LF,28.6,20.02,,,,
C03605.002B,ALUM ELEGANT FACEPLATE 2001 DARK BRONZE - 288 IN,LF,27.0,18.9,,,,
C03607.0000,STAMPING SUPPORT PULL (STL SHEET-0.141),EA,54.0,37.8,,,,
C03608.0000,BRACKET BELT CONNECTOR-2001 (STL SHEET-0.141),EA,44.4,31.08,,,,
C03608.0001,BELT SUPPORT CONNECTOR,EA,41.2,28.84,,,,
C03608.0002,BRACKET.WHEEL CARRIAGE.C5600-1 S2001.STEEL.ZINC,EA,9.1,6.37,,,,
C03609.0004,MOUNTBELT DRV OP.-S2001/S2500,EA,20.7,14.49,,,,
C03612.0000,STAMPING BKT HDR END,EA,38.1,26.67,,,,
C03612.00LH,BRACKET LH-2001 HDR END (STL SHEET-0.141),EA,46.0,32.2,,,,
C03612.00RH,BRACKET RH-2001 HDR END (SS SHEET-0.141),EA,46.0,32.2,,,,
C03613.002B,END CAP 2001 HEADER - BRZ,EA,19.3,13.51,,,,
C03613.002C,END CAP 2001 HEADER - BLK (SL. SHEET-0.125),EA,55.3,38.71,,,,
C03614.001C,END PLATE 2001 HEADER - BLK (SL. SHEET-0.125),EA,29.1,20.37,,,,
C03629.1000,"KIT, ENCODER 2001 BELT DRIVE MOTOR",EA,59.7,41.79,,,,
C03631.0000,ALUM DRIVE PULLEY (S2001) MECTROL #MP1816,EA,191.0,133.7,,,,
C03632.0005,WHEEL CARRIAGE BELT DRIVE,EA,401.0,280.7,,,,
C03633.0001,ROLLER-SPACER,EA,49.3,34.51,,,,
C03633.0002,SHAFT/ANTIRISE ROLLER ASSY,EA,20.7,14.49,,,,
C03634.0000,SPACER-ROLLER-2001,EA,15.9,11.13,,,,
C03636.0000,"ROLLER TIRE ASSY S2001 S2003 SLIDE, ACETAL KP-20 #6300 BEARING",EA,64.8,45.36,,,,
C03636.0003,ROLLER W/URETHANE. 2001 2003 SLIDE,EA,47.6,33.32,,,,
C03637.0004,BRACKET FACEPLATE 2001,EA,121.0,84.7,,,,
C03638.0001,BRACKET COVER SUPPORT,EA,84.9,59.43,,,,
C03641.0000,RUBBER BUMPER,EA,14.3,10.01,,,,
C03641.0002,BUMPERICU SMOKE SWING INACTIVE PANEL,EA,33.4,23.38,,,,
C03644.0000,BEARING (IAW DWG C03644.0000),EA,8.0,5.6,,,,
C03652.0000,SQ KEY 2455 3/16X1 1/4,EA,3.3,2.31,,,,
C03653.0000,RETAINING RING 5002-137,EA,3.3,2.31,,,,
C03656.0000,RETAINING RING 5304-62,EA,1.7,1.19,,,,
C03663.0000,BOLT 1/4-20X1SSS CONE PT,EA,1.7,1.19,,,,
C03664.0000,BOLT 1/4-20X 1 TRUSS PHL,EA,1.7,1.19,,,,
C03665.0000,BOLT 10-24X5/8 SCS PLT,EA,1.7,1.19,,,,
C03672.0000,"ASSY, BUMPER S2001 LH/RH",EA,39.7,27.79,,,,
C03672.0002,"ASSY, BUMPER 2003T LH/RH",EA,50.7,35.49,,,,
C03676.0003,ASSYBLT DRV OP1/4HP 2001ELEG,EA,2502.0,1751.4,,,,
C03678.0000,IDLER PULLEY LOCK ASSY,EA,60.2,42.14,,,,
C03681.0001,ASSY-IDLER WHEEL CARRIAGE,EA,247.0,172.9,,,,
C03681.0004,IDLER WHEEL CARRIAGE ASSY,EA,382.0,267.4,,,,
C03681.0006,ASSYIDLER WHEEL CARRIAGE,EA,381.0,266.7,,,,
C03681.07LH,ASSEMBLIES / KITS.ASSEMBLY.WHEEL CARRIAGE.SLIDE.SELF CLOSING ICU TELE,EA,483.0,338.1,,,,
C03681.07RH,ASSEMBLIES / KITS.ASSEMBLY.WHEEL CARRIAGE.SLIDE.SELF CLOSING ICU TELE,EA,483.0,338.1,,,,
C03682.0000,ROLLER CARRIAGE ASSY,EA,479.0,335.3,,,,
C03682.0003,ASSY DRIVE WHEEL CARRIAGE,EA,440.0,308.0,,,,
C03682.0005,ASSY-DRIVE WHEEL CARRIAGE,EA,382.0,267.4,,,,
C03682.0006,ASSYWHEEL CARRIAGE BELT BKT,EA,324.0,226.8,,,,
C03682.0011,ASSEMBLY.WHEEL CARRIAGE.S2001.1/8HP,EA,125.0,87.5,,,,
C03690.0003,BKT-SOLENOID-2001 AUTOLOCK (STL SHEET-0.141),EA,104.0,72.8,,,,
C03691.000A,ALUM ALUM TOP ALUM TRACK - CLEAR 192 IN,LF,14.5,10.15,,,,
C03699.0009,NON HANDED SPACER,EA,39.7,27.79,,,,
C03725.0000,ASSY-DOUBLE KEYSWITCH CONTROL,EA,187.0,130.9,,,,
C03725.0001,ASSY-SINGLE KEYSWITCH CONTROL,EA,128.0,89.6,,,,
C03725.1000,ASSEMBLY; DOUBLE KEY SWITCH COTROL W/O LACES,EA,170.0,119.0,,,,
C03725.1001,"ASSEMBLY; SINGLE KEY SWITCH CONTROL, W/O LACES",EA,93.4,65.38,,,,
C03725.7000,KIT; DOUBLE KEY SWITCH FOR PRE-WIRED JAMBS,EA,267.0,186.9,,,,
C03725.7001,KIT; SINGLE KEY SWITCH FOR PRE-WIRED JAMBS,EA,149.0,104.3,,,,
C03726.0000,DBL ROTARY SWITCH CONTROL ASSY,EA,204.0,142.8,,,,
C03726.0001,SINGLE ROTARY SWT CONTROL ASSY,EA,130.0,91.0,,,,
C03726.1000,ASSEMBLY; DOUBLE ROTARY SWITCH COTROL W/O LACES,EA,124.0,86.8,,,,
C03726.1001,"ASSEMBLY; SINGLE ROTARY SWITCH CONTROL, W/O LACES",EA,76.1,53.27,,,,
C03726.7000,KIT; DOUBLE ROTARY SWITCH FOR PRE-WIRED JAMBS,EA,149.0,104.3,,,,
C03726.7001,KIT; SINGLE ROTARY SWITCH FOR PRE-WIRED JAMBS,EA,49.3,34.51,,,,
C03733.0001,SW CLOSE MONITOR ASSY,EA,117.0,81.9,,,,
C03746.0000,BOLT 3/8-16X1 SQHMB,EA,3.3,2.31,,,,
C03749.0000,DECAL MOTOR/GEAR DIRECT,EA,1.7,1.19,,,,
C03751.0000,SPACER - ENCODER DISK,EA,6.4,4.48,,,,
C03751.0001,"SPACERALUM 1/4"" O.D.X1/8"" ABBATRON#8520 OR EQ",EA,3.3,2.31,,,,
C03752.0001,ENCODER DISK 8PPR,EA,46.0,32.2,,,,
C03753.0001,ENCODER COVER 8PPR,EA,121.0,84.7,,,,
C03754.0000,SPACER SMITH 8303 558-7903-02,EA,8.0,5.6,,,,
C03755.0001,GROMMET SMITH 2172 760-3003,EA,8.0,5.6,,,,
C03761.000A,ALUM KEEPER;BELT DR AUTOLOCK - CLEAR 291 IN,LF,23.0,16.1,,,,
C03773.0000,SHIM-AUTOLOK LOCKBOLT,EA,23.8,16.66,,,,
C03789.0000,KEEPER-AUTOLOK LOCK,EA,39.7,27.79,,,,
C03789.0001,AUTOLOCK KEEPER S2003T FAIL SAFE/FAIL SECURE,EA,41.2,28.84,,,,
C03803.0000,ASSY CLOSE DAMPNER BRACKET AND WHEEL CARRIAGE,EA,328.0,229.6,,,,
C03805.0001,SHIM.AUTOLOCK.2003T..125.ALUMINUM.CLEAR,EA,4.4,3.08,,,,
C03809.0000,"ASSY, POWER FAIL KIT W/WIRING HARNESS",EA,965.0,675.5,,,,
C03809.0001,BACKUP POWER FAIL MONITOR,EA,752.0,526.4,,,,
C03810.0000,CHASSIS BATTERY BACKUP (GL. SHEET .0785),EA,43.3,30.31,,,,
C03815.0000,CONNECTOR-6/C 5MM TERM STRIP,EA,20.7,14.49,,,,
C03849.0000,"INTERCONNECT CABLE 16"": C3809 POWER FAIL TO C3150 CONTROL",EA,153.0,107.1,,,,
C03850.0000,2 CONDUCTOR CABLE 5' - 24 AWG: C3809 POWER FAIL TO C3150 CONTROL,EA,23.6,16.52,,,,
C03850.0001,"CABLE, SYNC 4190 6FT",EA,33.8,23.66,,,,
C03851.0001,POWER CORD 120VAC,EA,25.5,17.85,,,,
C03876.0000,AUTOLOCK FAIL-SEC C2176.5 ASSY,EA,758.0,530.6,,,,
C03877.0000,AUTOLOCK FAILSAFE C2196.5 ASSY,EA,758.0,530.6,,,,
C03879.0000,"BOLT3/8X1/2""SHCS 18-8 SS",EA,8.0,5.6,,,,
C03880.0000,LW3/8 FOR SHCS 18-8 SS,EA,3.3,2.31,,,,
C03881.0000,LOCK-ADAPTER BOARD,EA,112.0,78.4,,,,
C03884.0000,PFC/PFO-US- S2000 CARSON P/N ED1339,EA,696.0,487.2,,,,
C03889.0000,"PFO/PFC 24""JUMPER LEADC2150",EA,12.8,8.96,,,,
C03890.0000,UNIVERSAL RETROFIT KIT ASSY,EA,642.0,449.4,,,,
C03892.00LH,ASSEMBLIES / KITS.ASSEMBLY.RETRACTOR.SLIDE.SELF CLOSING ICU TELE IDS,EA,1665.0,1165.5,,,,
C03892.00RH,ASSEMBLIES / KITS.ASSEMBLY.RETRACTOR.SLIDE.SELF CLOSING ICU TELE IDS,EA,1665.0,1165.5,,,,
C03892.01LH,ASSEMBLIES / KITS.ASSEMBLY.RETRACTOR.SLIDE.SELF CLOSING ICU TELE IDS,EA,1695.0,1186.5,,,,
C03892.01RH,ASSEMBLIES / KITS.ASSEMBLY.RETRACTOR.SLIDE.SELF CLOSING ICU TELE IDS,EA,1695.0,1186.5,,,,
C03892.02LH,ASSEMBLIES / KITS.ASSEMBLY.RETRACTOR.SLIDE.SELF CLOSING ICU TELE IDS,EA,1665.0,1165.5,,,,
C03892.02RH,ASSEMBLIES / KITS.ASSEMBLY.RETRACTOR.SLIDE.SELF CLOSING ICU TELE IDS,EA,1665.0,1165.5,,,,
C03895.0000,ASSY-PARTIAL OPEN RETROFIT,EA,79.2,55.44,,,,
C03897.0000,HARNESSPOWER FAIL UNIT HORTON UK P/N TO5037.0000,EA,87.2,61.04,,,,
C03905.0000,MPN Z86E6116PSC REV 10 PROG AG TECH P/N AG698151,EA,211.0,147.7,,,,
C03905.0311,"EPROM, VER. 3.11",EA,147.0,102.9,,,,
C03905.1103,"C03905.1103 – EPROM, COMMERCIAL SLIDE V1103",EA,168.0,117.6,,,,
C03905.V11.02,EPROM SOFTWARE FOR SLIDE NO/CM SWITCH,EA,217.0,151.9,,,,
C03911.0000,RC NETWORK 100K X .01MF X 4SIP AG608008,EA,6.4,4.48,,,,
C03913.0000,CONN ALTECH 30.316,EA,69.9,48.93,,,,
C03924.0002,TRANSFORMER TOROIDAL 120/230V,EA,440.0,308.0,,,,
C03925.0001,REGULATED POWER SUPPLY 120V CONFORMAL COAT PER IPC-CC-830B,EA,940.0,658.0,,,,
C03926.0001,POWER SUPPLY-240VAC BELT DRIVE CNFRMILLY COATED,EA,1121.0,784.7,,,,
C03930.0000,FUSE - 3.15A SLOW-BLOW GDC3.15 WK5124-ND,EA,9.1,6.37,,,,
C03931.0000,FUSE - 5A SLOW-BLOW GDC5 WK5063-ND,EA,6.4,4.48,,,,
C03941.0000,WORKORDERLESS RETURN C3851.1 CONN 3/C 5MM PCD ELFP03110 MSTB25/ EA,,25.4,17.78,,,,
C03942.0001,LOCK DRIVER BRD-SAFETY 48V LVM CONFORMAL COAT PER IPC-CC-830B,EA,293.0,205.1,,,,
C03955.0000,POWER SUPPLY,EA,423.0,296.1,,,,
C03955.0002,POWER SUPPLY (120V BELT DRIVE),EA,484.0,338.8,,,,
C03956.0001,POWER SUPPLY-240VAC LINEAR DRV,EA,784.0,548.8,,,,
C03956.0002,POWER SUPPLY.SURFACE APPLIED.SWING.2003 HEADER......240 VAC,EA,437.0,305.9,,,,
C03958.0000,BRKT-MOUNTING CONTROL P/N X590,EA,22.3,15.61,,,,
C03959.0000,POWER SUPPLY HARNESS 26IN.,EA,44.2,30.94,,,,
C03959.0001,POWER SUPPLY HARNESS 6 IN,EA,36.6,25.62,,,,
C03959.0002,POWER SUPPLY HARNESS 9 IN,EA,39.7,27.79,,,,
C03959.0004,POWER SUPPY HARNESS 56IN. FOR C4191,EA,24.0,16.8,,,,
C03959.0005,POWER SUPPLY HARNESS-10 FT,EA,93.4,65.38,,,,
C03959.0006,POWER SUPPLY HARNESS 12IN.,EA,41.2,28.84,,,,
C03960.0000,S2001 ENCODER HARNESS ASSY,EA,23.8,16.66,,,,
C03960.0002,HARNESS15' 4/C MTA100,EA,20.7,14.49,,,,
C03961.0000,TOGGLE SWITCH FOR C2150 ASSY,EA,117.0,81.9,,,,
C03964.0000,7PPR ENCODER CIRCUIT BRD ASSY,EA,246.0,172.2,,,,
C03976.0000,AUTOLOCK 2001 FAIL SEC C2150,EA,858.0,600.6,,,,
C03977.0000,AUTOLOCK 2001 FAIL SAFE C2150,EA,863.0,604.1,,,,
C03981.0000,ASSY-HARNESS-2000 AUTOLOCKS 3FT,EA,76.1,53.27,,,,
C03981.0001,ASSY HARNESS-10FT STRIKE INTERFACE 4000 OP FOR SWING DOORS,EA,76.1,53.27,,,,
C03981.0002,ASSYHARNESS-AUTOLOCK 2000B 7FT,EA,76.1,53.27,,,,
C03984.0002,POWER FAIL ASSY KIT-NON MONITR USA MDL-W/ CONTROL HARNESS,EA,543.0,380.1,,,,
C03984.0003,BACKUP POWER FAIL - NON MONITER W/BATTERIES,EA,454.0,317.8,,,,
C03989.0000,KITJUMPER HARNESS-PFO/PFC,EA,58.8,41.16,,,,
C03992.0000,HARNESS-S2000 MOTOR 7IN,EA,39.7,27.79,,,,
C03993.0001,CLOSE MONITOR SWITCH-2001-SNG,EA,60.1,42.07,,,,
C03995.0000,S2001 CLOSE SWTCH HARNESS,EA,22.3,15.61,,,,
C04003.000C,"HANDLE PUSH/PULL-BLK ROCKWOOD BF157A47-42""CTC",EA,479.0,335.3,,,,
C04004.095A,CONCEALED HINGE,EA,999.0,699.3,,,,
C04004.095B,CONCEALED HINGE,EA,999.0,699.3,,,,
C04004.120A,HINGECONCEALED FLUSH MT-CLR SELECT HINGES #SL11-120-HD-CL,EA,555.0,388.5,,,,
C04004.120B,HINGECONCEALED FLUSH MT-BNZ SELECT HINGES #SL11-120-HD-BR,EA,674.0,471.8,,,,
C04007.0CLH,"HANDLEPULL LH-BLK-1 3/4""-2"" ADAMS RITE # 4561-501-RC119",EA,151.0,105.7,,,,
C04007.0CRH,"HANDLEPULL RH-BLK-1 3/4""-2"" ADAMS RITE # 4561-601-RC119",EA,161.0,112.7,,,,
C04008.000B,WEATHERSTRIPBRUSH SWEEP,LF,54.0,37.8,,,,
C04008.001A,"WEATHERSTRIPBRUSH SWEEP REESE INDUSTRY #967C 184"" LG.",LF,25.4,17.78,,,,
C04010.0000,MOTOR-1/4HP 90VDC 1800RPM LITTON JDH-3150-AJ-1C,,1229.0,860.3,,,,
C04011.0002,MOTORLINEAR CLEAN RM SEALED DUNKER 88445.01989SEAL M3132,,327.0,228.9,,,,
C04011.0003,"MOTOR, 4000 HD SWING, W/ ENCODER (MERKLE-KORFF #S-9568)",,860.0,602.0,,,,
C04011.0005,"MOTOR, 4000 SERIES SWING 12 PPR ENCODER",,776.0,543.2,,,,
C04012.0002,GEAR TRAIN MOUNTING BRACKET (GALV STL SHEET-0.125),,76.1,53.27,,,,
C04013.0000,BKT OPER MOTOR SUPPORT (STL SHEET-0.125),,95.9,67.13,,,,
C04014.0000,GEAR MOTOR,,138.0,96.6,,,,
C04014.0001,GEAR MOTOR,,132.0,92.4,,,,
C04020.0024,OUTPUT SHAFT-4000 (IGTG) 14T,,87.2,61.04,,,,
C04024.0002,CAM SWITCH,,61.9,43.33,,,,
C04024.0003,CAMOPEN CHECK-SW/OHC,,8.0,5.6,,,,
C04024.0004,KIT-MOD-BACKCHECK-C4204-3 ASSY,,61.9,43.33,,,,
C04026.0001,ASSYMOTOR MOUNT BRACKET 4000 GEARTRAIN,,61.9,43.33,,,,
C04028.0000,BKT SPRING RETAINER,,28.6,20.02,,,,
C04029.0001,COLLAR SPRING MTG,,39.7,27.79,,,,
C04030.0003,ASSYUPPER BEARING PLATE 4000 GEARTRAIN,,426.0,298.2,,,,
C04032.0003,ASSYLOWER BEARING PLATE 4000 GEARTRAIN,,282.0,197.4,,,,
C04036.0000,GASKET FOR 4000 GEAR BOX,,20.7,14.49,,,,
C04037.0000,STOP CHASSIS-MTD,,27.0,18.9,,,,
C04042.0000,SHIM CHECK SWITCH CAM,,3.3,2.31,,,,
C04050.0000,ASSYHARNESS-BODYGAURD 4700HD SWING,,47.6,33.32,,,,
C04051.0001,SPRING CLOS W/HOUSING 4 LEAF,,487.0,340.9,,,,
C04053.0000,COVER UPPER SPRING PLATE (GALV STL SHEET-0.05),,20.7,14.49,,,,
C04054.0000,COVER LOWER SPRING PLATE (GALV STL SHEET-0.05),,6.5,4.55,,,,
C04056.0000,BOLT 5/16-18X1/2 HHMS WITH .085 HEAD THICKNESS,,4.8,3.36,,,,
C04058.0000,BOLT 1/4-20X3 HHMS,,3.3,2.31,,,,
C04058.0001,BOLT 1/4-20X4 HHMTB PLT GR5,,3.3,2.31,,,,
C04059.0000,BOLT 1/4-20X3 1/2 HHMS,,3.3,2.31,,,,
C04061.0000,BEARING (IAW DWG C04061.0000),,38.1,26.67,,,,
C04062.0000,BOLT 1/4-20X1 FHSCS,,1.7,1.19,,,,
C04071.0000,BOLT 1/4-20X3/8 SCS,,1.7,1.19,,,,
C04074.0000,BOLT 3/8-16X1 1/2 HHMB,,3.3,2.31,,,,
C04075.0000,NYLON INSERT,,15.4,10.78,,,,
C04076.0002,SPACER FOR MICROSWITCH,,15.0,10.5,,,,
C04076.0003,SWITCH PROTECTOR (GALV STL SHEET-0.05),,17.5,12.25,,,,
C04078.0000,WASHER 3/8 FLAT PLATED,,1.7,1.19,,,,
C04079.0000,PLATE GR TRN NYLON SUPRT,,30.2,21.14,,,,
C04081.0000,PIN GR TRN SUPPORT,,31.8,22.26,,,,
C04082.0000,BOLT 1/4-28X1/4 SSS,,1.7,1.19,,,,
C04083.0002,PLATE SIDE 4000 GEAR BOX,,27.0,18.9,,,,
C04085.0000,SPACER WASHER S4000 OPERATOR SWING DOOR PRODUCT LINE,,9.6,6.72,,,,
C04087.0000,SHFT SEAL 1 IDX1 1/4OD1/8 FEDERAL MOGUL # 240731,,25.4,17.78,,,,
C04088.0000,BEARING (IAW DWG C04088.0000),,64.9,45.43,,,,
C04100.01LH,GEAR TRAIN-4.5 X 6-LH-BL-14T,,1934.0,1353.8,,,,
C04100.01RH,GEAR TRAIN-4.5 X 6-RH-BL-14T,,1934.0,1353.8,,,,
C04100.02LH,GEAR TRAIN-6X6-LH-SL-14T,,1945.0,1361.5,,,,
C04100.02RH,GEAR TRAIN-6X6-RH-SL-14T,,1945.0,1361.5,,,,
C04100.04LH,GEAR TRAIN-LH-14T-BIFOLD,,2442.0,1709.4,,,,
C04100.04RH,GEAR TRAIN-RH-14T-BIFOLD,,2442.0,1709.4,,,,
C04100.05LH,GEAR TRAIN - 4.5 X 6 - LH - BL - 14T FOR 5190 CONTROLS,,2011.0,1407.7,,,,
C04100.05RH,GEAR TRAIN - 4.5 X 6 - RH - BL - 14T FOR C05190 CONTROLS,,2011.0,1407.7,,,,
C04100.06LH,GEAR TRAIN - 6 X 6 - LH - SL - 14T FOR 5190 CONTROLS,,2022.0,1415.4,,,,
C04100.06RH,GEAR TRAIN - 6 X 6 - RH - SL - 14T FOR C05190 CONTROLS,,2022.0,1415.4,,,,
C04100.07LH,GEAR TRAIN - 6 3/16 - LH - SL - 14T FOR C05190 CONTROLS,,2022.0,1415.4,,,,
C04100.07RH,GEAR TRAIN - 6 3/16 - RH - SL - 14T FOR C05190 CONTROLS,,2022.0,1415.4,,,,
C04100.08RH,GEAR TRAIN-4.5X6-BL-INTRNS-14T,,887.0,620.9,,,,
C04100.10LH,GEAR TRAIN-SL-1/4 HP W/ENCDR PWR OPN/PWR CLS SWING DOOR,,2456.0,1719.2,,,,
C04100.10LHR,GEAR TRAIN-SL-1/4 HP W/ENCDR PWR OPN/PWR CLS SWING DOOR,,2456.0,1719.2,,,,
C04100.10RH,GEAR TRAIN-SL-1/4 HP W/ENCDR PWR OPN/PWR CLS SWING DOOR,,2456.0,1719.2,,,,
C04100.10RHR,GEAR TRAIN-SL-1/4 HP W/ENCDR PWR OPN/PWR CLS SWING DOOR,,2456.0,1719.2,,,,
C04100.1LHR,GEAR TRAIN-4.5 X 6-LHR-BL-14T,,1934.0,1353.8,,,,
C04100.1RHR,GEAR TRAIN-4.5 X 6-RHR-BL-14T,,1934.0,1353.8,,,,
C04100.21LH,GEAR TRAIN BRGSLH-4000 IGTG,,1039.0,727.3,,,,
C04100.21RH,GEAR TRAIN BRGSRH-4000 IGTG,,1039.0,727.3,,,,
C04100.22LH,GEAR TRAIN BRGSLH-BFLD IGTG,,1039.0,727.3,,,,
C04100.22RH,GEAR TRAIN BRGSRH-BFLD IGTG,,1039.0,727.3,,,,
C04100.2LHR,GEAR TRAIN-6X6-LHR-SL-14T,,1945.0,1361.5,,,,
C04100.2RHR,GEAR TRAIN-6X6-RHR-SL-14T,,1945.0,1361.5,,,,
C04100.3LHR,GEAR TRAIN-6 3/16-LHR-SL-14,,1629.0,1140.3,,,,
C04100.4LHR,GEAR TRAIN-LHR-14T-BIFOLD,,2442.0,1709.4,,,,
C04100.4RHR,GEAR TRAIN-RHR-14T-BIFOLD,,2442.0,1709.4,,,,
C04100.5LHR,GEAR TRAIN - 4.5 X 6 - LHR - BL - 14T FOR 5190 CONTROLS,,2011.0,1407.7,,,,
C04100.5RHR,GEAR TRAIN - 4.5 X 6 - RHR - BL - 14T FOR 5190 CONTROLS,,2011.0,1407.7,,,,
C04100.6LHR,GEAR TRAIN - 6 X 6 - LHR - SL - 14T FOR 5190 CONTROLS,,2022.0,1415.4,,,,
C04100.6RHR,GEAR TRAIN - 6 X 6 - RHR - SL - 14T FOR 5190 CONTROLS,,2022.0,1415.4,,,,
C04100.7LHR,GEAR TRAIN - 6 3/16 - LHR - SL - 14T FOR 5190 CONTROLS,,2022.0,1415.4,,,,
C04100.7RHR,GEAR TRAIN - 6 3/16 - RHR - SL - 14T FOR 5190 CONTROLS,,2022.0,1415.4,,,,
C04101.000A,COVERARMATURE-BIFOLD,,49.0,34.3,,,,
C04101.001A,BIFOLD ARMATURE COVER CLR (AL. SHEET .040),,25.4,17.78,,,,
C04102.000A,COVERMAGNETIC LOCK-BIFOLD,,45.0,31.5,,,,
C04104.0001,ARMATURE BRACKET BIFOLD,,76.5,53.55,,,,
C04110.0000,CKT BREAKER FOR 4000 T11-2-1.25A-01-11AV,,88.1,61.67,,,,
C04115.0001,MOTOR ASSEMBLYS4000,,627.0,438.9,,,,
C04120.0000,ASSY GEAR TRAIN MT BKT,,167.0,116.9,,,,
C04126.0000,MNT BKT GEAR TRAIN ASSY,,165.0,115.5,,,,
C04130.0000,ACC PKG CTRL MT BKT/OP HN,,354.0,247.8,,,,
C04132.0001,"PLATE, CONTROL MNTG. FOR C5190/5191",,25.4,17.78,,,,
C04132.0002,"PLATE, CONTROL MNTG. FOR C5190 RETURN TO QTP REVOLVERS (GL SHEET .1 EA",,132.0,92.4,,,,
C04133.0000,PWR SUPPLY COMPONENT FOR C4190,,123.0,86.1,,,,
C04133.0002,ASSYPOWER SUPPLY-240V USED ON C04190.BL24 CONTROL,,77.9,54.53,,,,
C04139.0002,BRUSH MOTOR CLIFTO C4011,,116.0,81.2,,,,
C04141.0001,BKT SPRING END (STL SHEET-0.125),,57.2,40.04,,,,
C04142.0000,BKT OP MTG MOTOR END,,23.8,16.66,,,,
C04143.0000,BRACKET ENDCAP MTG (STL SHEET-0.125),,34.9,24.43,,,,
C04143.0001,BRACKET ENDCAP MTG 4600 DIRECT (STL SHEET-0.125),,38.1,26.67,,,,
C04144.0000,BRACKET SECONDARY (STL PLATE-0.188),,69.9,48.93,,,,
C04145.0000,BOLT 3/8-16X1 3/4SQ HMB ALLTHD,,1.7,1.19,,,,
C04146.0000,BOLT 3/8-16X.75 SQ HMB,,3.3,2.31,,,,
C04155.0000,CKT BREAKER LACE ASSY,,165.0,115.5,,,,
C04156.0001,OP WIRE HARNESS,,245.0,171.5,,,,
C04159.0000,BOLT 10-24X3/8 RHMS PHIL,,1.1,0.77,,,,
C04165.0000,POT 250 OHM 25W,,189.0,132.3,,,,
C04170.0000,BOX JUNCTION 103W APP 4CS-1/2 4X1-7/8 HANDY BOX,,9.6,6.72,,,,
C04179.0000,JUNCTION BOX ASSY,,20.3,14.21,,,,
C04189.0000,MOUNTING PLATE (SS. SHEET .125),,42.8,29.96,,,,
C04190.00BL,SWING DOOR CTRL BOTTOM LOAD,,1748.0,1223.6,,,,
C04190.00LH,SWING DOOR CTRL W/PWR SUPPLY,,1538.0,1076.6,,,,
C04190.00RH,SWING DOOR CTRL W/PWR SUPPLY,,1538.0,1076.6,,,,
C04190.L220,CONTROL SWING 220V,,2001.0,1400.7,,,,
C04190.R220,CONTROL SWING 220V,,1942.0,1359.4,,,,
C04191.00RH,SWING DOOR CTRL W/O PWR SUPPLY,,875.0,612.5,,,,
C04192.0000,POWER SUPPLY HARNESS FOR C4190 SERVICE PART ONLY,,30.6,21.42,,,,
C04192.0001,HARNESSPOWER SUPPLY-C4150,,42.8,29.96,,,,
C04192.0002,HARNESSPWR SPLY-8 HDRS LNGR,,64.9,45.43,,,,
C04195.004A,ARMOUTSWING-14 TOOTH SPLINE,,192.0,134.4,,,,
C04195.004B,ARMOUTSWING-14 TOOTH SPLINE,,195.0,136.5,,,,
C04196.0002,2' SYNCHRONIZATION CABLE,,107.0,74.9,,,,
C04196.0006,4' SYNCHRONIZATION CABLE,,44.2,30.94,,,,
C04196.0007,5' SYNCHRONIZATION CABLE,,36.6,25.62,,,,
C04196.0008,6' SYNCHRONIZATION CABLE,,44.4,31.08,,,,
C04197.0000,ADJUSTABLE PWR ARM 14T SPLINE - CASTING,,303.0,212.1,,,,
C04197.000C,SWING DOOR ARM - FINISHED GOOD,,212.0,148.4,,,,
C04198.0000,ARM.SWING DOOR.14 TOOTH.MILL,,229.0,160.3,,,,
C04198.000C,"SWING DOOR ARM, PAINTED BLACK",,230.0,161.0,,,,
C04198.002A,ARM 14T-BALANCED DOOR,,583.0,408.1,,,,
C04200.01LH.RHR,KIT4000 OPR 1LH/RHR OPERATOR HARNESS CONTROL,,1991.0,1393.7,,,,
C04200.01RH.LHR,KIT4000 OPR 1RH/LHR OPERATOR HARNESS CONTROL,,1991.0,1393.7,,,,
C04200.02LH,KIT4000 OPR 2LH OPERATOR HARNESS CONTROL,,2996.0,2097.2,,,,
C04200.02RH,KIT4000 OPR 2RH OPERATOR HARNESS CONTROL,,2996.0,2097.2,,,,
C04200.2LHR,KIT4000 OPR 2LHR OPERATOR HARNESS CONTROL,,2996.0,2097.2,,,,
C04200.2RHR,KIT4000 OPR 2RHR OPERATOR HARNESS CONTROL,,2996.0,2097.2,,,,
C04201.0001,ASSYHARNESS-C4204 TO C2150 4000 OP FOR SWING DOORS,,14.3,10.01,,,,
C04202.0001,ASSYHARNESS-CLS MODULE DATA 4000 OP FOR SWING DOORS,,15.9,11.13,,,,
C04203.04LH.RHR,LH RHR OPERATOR KIT.C5190.SWING.BOTTOM LOAD PRIMARY 2,,2094.0,1465.8,,,,
C04203.04RH.LHR,RH LHR OPERATOR KIT.C5190.SWING.BOTTOM LOAD PRIMARY 2,,2096.0,1467.2,,,,
C04203.05RH,RH OPERATOR KIT.C5190.SWING.SIDE LOAD PRIMARY 2,,2009.0,1406.3,,,,
C04203.06RH,RH OPERATOR KIT.C5190.SWING.FULL ACCESS PRIMARY 2,,2022.0,1415.4,,,,
C04203.5RHR,RHR OPERATOR KIT.C5190.SWING.SIDE LOAD PRIMARY 2,,1475.0,1032.5,,,,
C04203.6RHR,RHR OPERATOR KIT.C5190.SWING.FULL ACCESS PRIMARY 2,,1489.0,1042.3,,,,
C04208.0000,LACE FOR C4219.1,,49.3,34.51,,,,
C04215.0000,Y ADAPTER LACE ASSY,,52.3,36.61,,,,
C04225.0000,ACTUATOR FIREARM ASSY,,52.3,36.61,,,,
C04226.0000,ACT FOOT FOR FIRE ASSY,,47.6,33.32,,,,
C04230.0000,ACC PKG 4000 HDR ML ASSY,,31.8,22.26,,,,
C04231.000A,ACC PKG 4000 ENDCAP CLR ASSY,,86.0,60.2,,,,
C04231.000B,ACC PKG 4000 ENDCAP ASSY,,87.2,61.04,,,,
C04233.000C,ENDCAP SURFACE APPLIED (AL SHEET-0.125),,63.7,44.59,,,,
C04235.000A,SURFACE HDR ENDCAP ASSY,,116.0,81.2,,,,
C04235.000B,SURFACE HDR ENDCAP ASSY,,132.0,92.4,,,,
C04236.001A,ASSY14T EXTENDED ARM-INSWING,,310.0,217.0,,,,
C04238.001A,ASSY14T EXTENDED ARM-OUTWING,,629.0,440.3,,,,
C04238.001B,ASSY14T EXTENDED ARM-OUTWING,,629.0,440.3,,,,
C04241.014A,PARALLEL ARM/TRACK 14TOOTH ASY,,273.0,191.1,,,,
C04241.014B,PARALLEL ARM/TRACK 14TOOTH ASY,,273.0,191.1,,,,
C04241.048A,PARALLEL ARM/TRACK 48TOOTH ASY,,325.0,227.5,,,,
C04241.048B,PARALLEL ARM/TRACK 48TOOTH ASY,,336.0,235.2,,,,
C04242.002A,ACC HDR PKG ASSY - LOADED CLR,,38.1,26.67,,,,
C04242.002B,ACC HDR PKG ASSY - LOADED BRZ,,38.1,26.67,,,,
C04248.001Q,SUB ASSY ARM PARALLEL-#7SS,,77.9,54.53,,,,
C04248.014A,PARALLEL ARM 14 TOOTH ASSY,,219.0,153.3,,,,
C04248.014B,PARALLEL ARM 14 TOOTH ASSY,,219.0,153.3,,,,
C04248.048A,PARALLEL ARM 48 TOOTH ASSY,,219.0,153.3,,,,
C04248.048B,PARALLEL ARM 48 TOOTH ASSY,,219.0,153.3,,,,
C04250.001A,ASSYINSWING ARM 14TOOTH-CLEAR,,150.0,105.0,,,,
C04250.001B,ASSYINSWING ARM 14TOOTH-BRONZ,,139.0,97.3,,,,
C04250.001P,ASSYINSWING ARM 14TOOTH-#4 SS,,934.0,653.8,,,,
C04250.001R,ASSYINSWING ARM 14 T #4 MUNTZ,,934.0,653.8,,,,
C04250.048A,INSWING ARM 48 TOOTH ASSY,,176.0,123.2,,,,
C04250.048B,INSWING ARM 48 TOOTH ASSY,,228.0,159.6,,,,
C04252.001A,ASSYOUTSWING ARM 14 T CLEAR,,167.0,116.9,,,,
C04252.001B,ASSYOUTSWING ARM 14 T BRONZE,,200.0,140.0,,,,
C04252.001P,ASSYOUTSWING ARM 14 TOOTH STAINLESS,,934.0,653.8,,,,
C04252.048A,ASSY48 TOOTH OUTSWING ARM,,187.0,130.9,,,,
C04252.048B,ASSY48 TOOTH OUTSWING ARM,,178.0,124.6,,,,
C04253.0000,SCREW 10-24X1/4 SSS,,1.7,1.19,,,,
C04255.014A,ARMSWING-OHC OFFSET PIVOT 14T,,180.0,126.0,,,,
C04255.014B,ARMSWING-OHC OFFSET PIVOT 14T,,224.0,156.8,,,,
C04255.060A,ARMSWING-OHC W OFFSET PIVOT,,185.0,129.5,,,,
C04255.060B,ARMSWING-OHC W OFFSET PIVOT,,185.0,129.5,,,,
C04258.000C,ENDCAP SURFACE HDR BLK,,59.5,41.65,,,,
C04259.000A,BOLT #14X1 FHSMS CLR,,1.7,1.19,,,,
C04265.000A,TRACK ASSY,,135.0,94.5,,,,
C04265.000B,TRACK ASSY,,163.0,114.1,,,,
C04265.014A,ASSYARM TRK-OHC OFFSET PIVOT,,262.0,183.4,,,,
C04265.014B,ASSYARM TRK-OHC OFFSET PIVOT,,262.0,183.4,,,,
C04270.0000,NUT 10-32 HEX STOP,,3.3,2.31,,,,
C04272.000A,PKG 6 3/16 HDR ASSY,,297.0,207.9,,,,
C04279.000A,ENDCAP ASSEMBLY-6 3/16,,84.1,58.87,,,,
C04279.000B,ENDCAP ASSEMBLY-6 3/16,,71.1,49.77,,,,
C04279.001A,ASSYENDCAP-FULL ACCESS-CLR NOTCHED,,61.9,43.33,,,,
C04281.000A,COVER SURF ACCESS CLR,,49.0,34.3,,,,
C04281.000B,COVER SURF ACCESS BZ,,27.0,18.9,,,,
C04285.0000,CLOSE MONITOR SWITCH ASSY,,863.0,604.1,,,,
C04295.0000,ACC PKG MTG S7000 ASSY,,116.0,81.2,,,,
C04305.000A,ACCESSORIES INSWING ARM CLR,,591.0,413.7,,,,
C04305.000B,ACCESSORIES INSWING ARM BNZ,,591.0,413.7,,,,
C04306.000A,ACCESSORIES PARALLEL ARM CLR,,908.0,635.6,,,,
C04306.000B,ACCESSORIES PARALLEL ARM BNZ,,908.0,635.6,,,,
C04307.000A,ACCESSORIES OUTSWING ARM CLR,,591.0,413.7,,,,
C04307.000B,ACCESSORIES OUTSWING ARM BNZ,,591.0,413.7,,,,
C04307.000P,ACCESSORIES OUTSWING ARM #4 SS,,2731.0,1911.7,,,,
C04320.0000,"ASSEMBLY, ON-OFF-HOLD OPEN SWTICH",,13.0,9.1,,,,
C04320.0001,ROCKER SWT AUTO/OFF/HOLD OPEN,,109.0,76.3,,,,
C04350.0000,KIT; ASSY BOTTOM GUIDE 310 W/ROLLER WHEEL ASSY,,195.0,136.5,,,,
C04351.0000,KIT; ASSY BOTTOM GUIDE LOWER W/ROLLER WHEEL ASSY,,355.0,248.5,,,,
C04502.0RHA,ASSYPOS LATCH W/PADDLE-SW,,1728.0,1209.6,,,,
C04503.0LHA,DEADLATCHTOP LK W/PADDLE-LH ADAMS RITE P/N 4781T-021-628,,619.0,433.3,,,,
C04503.0RHA,DEADLATCHTOP LK W/PADDLE-RH ADAMS RITE P/N 4781T-041-628,,619.0,433.3,,,,
C04503.LPLA,PADDLE; SWING ICU LH PULL ADAMSRITE # 4591-01-00628,,324.0,226.8,,,,
C04503.LPSA,PADDLE; SWING ICU LH PUSH ADAMSRITE # 4591-02-00-628,,324.0,226.8,,,,
C04503.RPLA,PADDLE; SWING ICU RH PULL ADAMSRITE # 4591-03-00-628,,324.0,226.8,,,,
C04503.RPSA,PADDLE; SWING ICU RH PUSH ADAMSRITE # 4591-04-00-628,,324.0,226.8,,,,
C04504.0003,"SHIM; STRIKE 1/8"" (AL. SHEET .125)",,6.3,4.41,,,,
C04504.000P,HANDLE CURVED-EXIT DEVICE ADAMS RITE P/N 3080-01-96-32D,,1151.0,805.7,,,,
C04504.00LH,DEADLATCH; SWING ICU LH ADAMSRITE # 4511-35-202-628,,237.0,165.9,,,,
C04504.00RH,DEADLATCH; SWING ICU RH ADAMSRITE # 4511-36-202-628,,237.0,165.9,,,,
C04518.000A,"HINGE CONTINUOS GEARED 95"" CLR OR EQUIVALENT",,523.0,366.1,,,,
C04521.0000,"BRUSHW.S. LESS RETAINER.31""HT PEMKO P/N P14025",,8.0,5.6,,,,
C04527.000A,BREAKOUT STOP CLR ASSY,,556.0,389.2,,,,
C04527.000B,BREAKOUT STOP BZ ASSY,,634.0,443.8,,,,
C04529.000A,ASSY BKOUT STOP DIRECT DR,,1089.0,762.3,,,,
C04530.0000,DIRECT DRIVE PWR ARM ASSY,,201.0,140.7,,,,
C04537.0000,SA PIVOT,,506.0,354.2,,,,
C04541.0000,BKT PIVOT ROD MTG,,30.2,21.14,,,,
C04542.000A,DOOR/THRSHLD BOT PVT ASSY,,163.0,114.1,,,,
C04542.000B,DOOR/THRSHLD BOT PVT ASSY,,197.0,137.9,,,,
C04549.0000,PIVOT BKT,,60.2,42.14,,,,
C04552.0002,POWER ARM-ISOLATED PIVOT,,247.0,172.9,,,,
C04554.000A,ACC PKG INT HDR ENDCAPCLR ASSY,,147.0,102.9,,,,
C04554.000B,ACC PKG INT HDR ENDCAP BZ ASSY,,84.1,58.87,,,,
C04555.000C,ENDCAP INT HDR BLK,,65.2,45.64,,,,
C04556.0000,ASSY SLIDE BLOCK DELRIN,,109.0,76.3,,,,
C04556.0001,ASSYSLIDE BLK W/ PIN CLIP,,76.1,53.27,,,,
C04557.0000,BLOCK DRIVE 4500,,98.3,68.81,,,,
C04560.0000,PIN DRIVE 4500,,58.8,41.16,,,,
C04562.0000,BACKING PLATE (STL SHEET-0.125),,15.9,11.13,,,,
C04563.000C,ENDCAP INTRANSOM BLK,,16.8,11.76,,,,
C04565.000B,INTRANSOM ENDCAP ASSY,,118.0,82.6,,,,
C04566.0001,OPER ACCESSORY PKG S4000SL,,422.0,295.4,,,,
C04567.0000,OP.ACC PK S4000LE W/7160-3ASSY,,275.0,192.5,,,,
C04568.000A,ACC PKG 4800 HDR CLR ASSY,,90.3,63.21,,,,
C04568.000B,ACC PKG 4800 HDR BZ ASSY,,77.9,54.53,,,,
C04569.0001,ACC PKG OPERATOR ASSY,,310.0,217.0,,,,
C04569.0002,OPER ACCESSORY PKG S4000BL,,380.0,266.0,,,,
C04570.000A,ACC PKG 4500 FRAME CLR ASSY,,47.6,33.32,,,,
C04570.000B,ACC PKG 4500 FRAME BZ ASSY,,47.6,33.32,,,,
C04583.000A,COVER ACES STRIKE END CLR,,4.8,3.36,,,,
C04585.000A,COVER FOR BISWING CLR,,6.4,4.48,,,,
C04590.000A,COVER ACCESS END 4000 DIRECT DRIVE BL,,6.8,4.76,,,,
C04591.000A,MOUNTNG PLATE 4600 HDR W/C5591 CLOSER CLR (AL. SHEET .090),,42.9,30.03,,,,
C04606.000A,ARM COVER FOR BTM LOAD OFFSET PIVOT,,41.3,28.91,,,,
C05021.0000,PISTON,,11.2,7.84,,,,
C05023.0000,CUP FOR PISTON,,143.0,100.1,,,,
C05026.0000,CLOSE CHAMBER SEAL .75 X 1.25 X .25 BUNA 70,,28.6,20.02,,,,
C05033.000A,BOLT 3/8-24X1 1/4 HHMSCLR,,6.4,4.48,,,,
C05035.0000,1/2 PACKING REVERSE ASSY,,180.0,126.0,,,,
C05048.0000,VALVE FLOW CONTROL 1/8 FLAIRLINE RFC 1/8,,150.0,105.0,,,,
C05054.0000,"BOLT 5/16-18X5/8"" HHMB",,1.7,1.19,,,,
C05056.0000,WASHER 5/16ID FLAT,,1.7,1.19,,,,
C05083.0000,SW PUSH TO ACTIV ASSY,,253.0,177.1,,,,
C05090.0000,MICROSWITCH BZ2RW825A2,,144.0,100.8,,,,
C05093.0000,BOLT 8-32X1 1/4 SCS,,1.7,1.19,,,,
C05107.0000,BOLT 10-32X3/8 FH PSPL,,1.7,1.19,,,,
C05112.0000,HOSE 1/4 LOLA,,19.1,13.37,,,,
C05119.000R,SW DPDT 12TS115-1,,102.0,71.4,,,,
C05125.0000,SCREW; 10-24X3/8 SCS BLK,EA,3.3,2.31,,,,
C05127.0000,SOLENOID 24VDC W/BLACK LEADS PARKER # 71315SN1KVJ1N0L111C2,EA,455.0,318.5,,,,
C05131.0000,BOLT 1/4-20X1/2 CAP PL,EA,1.7,1.19,,,,
C05132.0000,RELAY KRPA11AG-24,EA,151.0,105.7,,,,
C05150.0004,PNEUMATIC EXPLOSION PROOF CTRL 4-PORT SLIDE/SWINGCOMPLETE,EA,4943.0,3460.1,,,,
C05185.0000,SPROCKET C5183,EA,236.0,165.2,,,,
C05190.00V1,SWING DOOR CONTROL ASSY W/ LATEST VERSION SOFTWARE,EA,1331.0,931.7,,,,
C05190.00V2,SWING DOOR CONTROL ASSY W/ LATEST EXTRA HEAVY DUTY VERSION SOFTW,EA,1538.0,1076.6,,,,
C05190.0500,ASSEMBLY C5190 & CHASSIS NO POWER SUPPLY FLASHED,EA,509.0,356.3,,,,
C05190.05BL,ASSEMBLY BOTTOM LOAD C5190 & CHASSIS NO POWER SUPPLY FLASHED,EA,670.0,469.0,,,,
C05190.1000,"ASSEMBLY, MASTER CONTROL SWING DOOR",EA,1331.0,931.7,,,,
C05190.10BL,"ASSEMBLY,MASTER CONTROL SWING DOOR BOTTOM LOAD",EA,1538.0,1076.6,,,,
C05190.2000,"ASSEMBLY, MASTER CONTROL FOR EXTRA HEAVY DUTY SWING DOOR",EA,1331.0,931.7,,,,
C05190.RTQP,MASTER PROGRAMMED.VERSION 1.0.1 REVOLVER.ELECTRONIC,EA,1538.0,1076.6,,,,
C05191.00V1,SWING CONTROL SECONDARY ASSY W/ LATEST VERSION SOFTWARE,EA,444.0,310.8,,,,
C05191.1000,"ASSEMBLY, SECONDARY CONTROL SWING DOOR",EA,459.0,321.3,,,,
C05191.10BL,"ASSEMBLY, SECONDARY CONTROL SWING DOOR BOTTOM LOAD",EA,444.0,310.8,,,,
C05192.0000,BOLT 10-24X3/16 SSS BLK,EA,1.7,1.19,,,,
C05192.000P,SSS 10-24X3/16 CUP PT 316 SS,EA,1.7,1.19,,,,
C05196.0000,NUT 5/16-18 PLATED,EA,1.7,1.19,,,,
C05196.0001,NUT 5/16-18 PL KEP NUT,EA,1.7,1.19,,,,
C05197.0000,CHAIN #40 RC,LF,161.0,112.7,,,,
C05208.0000,FITTING SPRING END,EA,20.7,14.49,,,,
C05216.0000,NUT 3/8 LOCK,EA,6.4,4.48,,,,
C05254.000A,CONNECTING ARM ASSY CLEAR ZINC FINISH,EA,193.0,135.1,,,,
C05254.000B,CONNECTING ARM ASSY BRONZE POWDERCOAT-SWING DOOR,EA,240.0,168.0,,,,
C05254.001P,CONNECTING ARM#4 STNLS STL,EA,2193.0,1535.1,,,,
C05254.001R,CNTRG ARM ASSY-#4MUNTZ,EA,606.0,424.2,,,,
C05254.003A,ASSY4 FT. CONNECTING ARM,EA,243.0,170.1,,,,
C05254.003B,ASSY4 FT. CONNECTING ARM,EA,264.0,184.8,,,,
C05263.0000,BOLT 1/4-20X2 1/4FH PS,EA,1.7,1.19,,,,
C05265.0002,BOLT 5/16-18 X 2 HHGR.5PLATED,EA,1.7,1.19,,,,
C05265.0003,"BOLT 5/16-18 X 2-1/4"" HHMB GRADE 8",EA,0.6,0.42,,,,
C05280.110A,"110V REMOTE MOUNTED POWER FAIL KIT, CLEAR ANNODIZED",EA,1508.0,1055.6,,,,
C05280.110B,"110V REMOTE MOUNTED POWER FAIL KIT, BRONZE",EA,1508.0,1055.6,,,,
C05280.220A,220V REMOTE MOUNTED POWER FAIL KIT CLEAR ANNODIZED,EA,1559.0,1091.3,,,,
C05280.220B,220V REMOTE MOUNTED POWER FAIL KIT BRONZE,EA,1559.0,1091.3,,,,
C05282.0000,ROD END3/8-24 MALEG TUTHILL,EA,47.6,33.32,,,,
C05284.0000,ROD FOR ADJ ARM,EA,102.0,71.4,,,,
C05285.0000,ROD END3/8-24 FEMALE TUTHILL,EA,47.6,33.32,,,,
C05287.0001,ACORN NUT 5/16-18,EA,4.8,3.36,,,,
C05288.0001,SHOULDER BOLT,EA,4.8,3.36,,,,
C05292.0000,ACCY PKG C5254.1 ASSY,EA,17.5,12.25,,,,
C05293.0000,LOCKWASHER 5/16 EXT TOOTH,EA,1.7,1.19,,,,
C05320.0006,SOLENOID TREE6-PORT,EA,2751.0,1925.7,,,,
C05518.001A,FIXED STOP CLR ASSY,EA,84.1,58.87,,,,
C05518.001B,FIXED STOP BRZ ASSY,EA,89.1,62.37,,,,
C05520.0000,BOLT 5/16-18X1 CAP PL,EA,17.5,12.25,,,,
C05521.0000,WASHER 5/16 LOCK,EA,1.7,1.19,,,,
C05541.0002,PVT DRIVE BOT BACKL ASSY,EA,92.1,64.47,,,,
C05542.001A,BOT THRES PVT CLR ASSY,EA,80.7,56.49,,,,
C05542.001B,BOT THRES PVT BZ ASSY,EA,95.2,66.64,,,,
C05544.0000,GUARD FINGER C1420/2836,EA,23.8,16.66,,,,
C05547.0001,BEARING 507 V NICE OR SST,,66.8,46.76,,,,
C05551.0001,BLC PIVOT THRESHOLD,,44.6,31.22,,,,
C05551.0002,PIVOT BLOCK,,37.0,25.9,,,,
C05552.0000,HARDWARE.THRESHOLD PIVOT.SO.STAINLESS STEEL,,3.0,2.1,,,,
C05552.0001,BOLT THRESHOLD PIVOT,,40.3,28.21,,,,
C05552.0004,PIVOTBOTTOM THRESHOLD,,48.8,34.16,,,,
C05586.0000,MNT BLOCK CLOSER 3/4 X1,,113.0,79.1,,,,
C05586.0001,MOUNTBLOCK-C5591 CLOSER,,43.8,30.66,,,,
C05587.0000,MNT ANGLE CLOSER,,22.3,15.61,,,,
C05591.0000,CLOSER MEDIUM DUTY CRL 7172,,582.0,407.4,,,,
C05592.001A,HANDLEWIRE PULL-9' C/C CLR #PH-4000-9-T6-AL,,232.0,162.4,,,,
C05592.001B,HANDLEWIRE PULL-9' C/C BRONZE #PH-4000-9-T6-DU,,232.0,162.4,,,,
C05595.0000,PVT BOT NO THRESH ASSY,,90.9,63.63,,,,
C05598.0000,PIVOT BOT DOOR ASSY SWING,,75.5,52.85,,,,
C05600.0001,"MOTOR, 2003 BELT/GEAR DRIVE SLIDE #96440.02299",,614.0,429.8,,,,
C05600.0006,MTR/GEAR DRIVE W/BKT 2003T,,1450.0,1015.0,,,,
C05600.0008,ASSYMOTOR/GEAR DRV MNT-S2003,,1443.0,1010.1,,,,
C05600.0009,ASSYMOTOR/GEAR DRIVE-2000B,,1458.0,1020.6,,,,
C05600.0010,ASSY; MOTOR GEAR DRIVE SERIES 2021,,1442.0,1009.4,,,,
C05600.0011,ASSEMBLY.MOTOR.S2001.1/8HP,,747.0,522.9,,,,
C05603.0001,VIBRATION INSULATION MOUNT,,13.8,9.66,,,,
C05605.0005,MOTOR MOUNTING BRACKET ASSY,,124.0,86.8,,,,
C05605.0008,BKT-SIDE GEAR MT TO 2003 HDR (STL SHEET-0.141),,38.1,26.67,,,,
C05605.0009,BKTTOP-GEAR MT TO 2003 HDR (STL SHEET-0.141),,38.1,26.67,,,,
C05605.0011,BRACKET.MOTOR.C5600-1 S2001.STEEL.GALVANIZED,,14.0,9.8,,,,
C05621.0000,ALUM DRIVE PULLEY (S2003) MECTROL #MP1814,,61.9,43.33,,,,
C05621.0001,ALUM DRIVE PULLEY (S2000B) 14H050 W/4MM THRU HOLE,,81.0,56.7,,,,
C05622.0001,PIN SPRING 5/32 X 1-1/2 LGCS SPIROL # - 19404000,,1.7,1.19,,,,
C05623.0000,IDLER PULLY ASSEMBLY,,200.0,140.0,,,,
C05623.0002,ASSYIDLER -2000B,,125.0,87.5,,,,
C05623.0003,ASSEMBLY.IDLER.S2001.1/8HP,,563.0,394.1,,,,
C05625.0000,ALUM IDLER PULLEY (S2003) 14H075M-6300RS,,96.5,67.55,,,,
C05625.0001,ALUM IDLER PULLEY (S2000B) 14H050 W/R6-2RS BRG,,90.3,63.21,,,,
C05626.0000,BOLT 5/16-18 X 1 SQ HMB,,3.3,2.31,,,,
C05627.0002,IDLER PULLY MOUNT,,14.3,10.01,,,,
C05627.0003,IDLER MOUNT (S2000B),,31.5,22.05,,,,
C05627.0004,IDLER MOUNT2000B (STL SHEET-0.141),,10.9,7.63,,,,
C05628.0000,DRIVE BELT IDLER 2003T ASSY,,152.0,106.4,,,,
C05629.0000,BELT CONNECTOR BKT(STAMPING) (STL SHEET-0.125),,32.7,22.89,,,,
C05630.0000,BELT CLAMP,,43.7,30.59,,,,
C05630.0005,CLAMP BELT-2000B,,22.8,15.96,,,,
C05631.0000,BRACKET WHEEL CARRIAGE TO BELT (STL SHEET-0.141),,31.8,22.26,,,,
C05633.0000,BRACKET BUMPER MOUNT S2003,,4.8,3.36,,,,
C05634.0000,BOLT 5/16-18 2 1/2 SQ HMB,,1.7,1.19,,,,
C05636.0000,BUMPER S2003 ASSY,,77.8,54.46,,,,
C05638.0000,CLOSE MONITOR SWT S2003 ASSY,,93.9,65.73,,,,
C05638.0002,ASSY-CLS SW MONITOR-S2000B SGL,,115.0,80.5,,,,
C05638.0005,ASSYEED LOCK MONITOR MHJIT,,233.0,163.1,,,,
C05638.0006,CLOSE MONITOR SWITCH S2021/2022,,172.0,120.4,,,,
C05638.0007,ASSY; CLOSE MONITOR SWITCH S2000B,,81.2,56.84,,,,
C05638.03LH,ASSYCLOSE MONITOR SW-2000B SO-SX O-X SX-O,,101.0,70.7,,,,
C05638.03RH,ASSYCLOSE MONITOR SW-2000B SX-SO X-O O-SX,,101.0,70.7,,,,
C05638.04LH,ASSYCLOSE MONITOR SW-2000B O-X SX-O SO-SX - NO A'LOCKS,,102.0,71.4,,,,
C05638.04RH,ASSYCLOSE MONITOR SW-2000B X-O O-SX SX-SO - NO A'LOCKS,,102.0,71.4,,,,
C05639.0002,"BELTCOG .50""X.50"" NEOPRENE, GLASS FIBER CORD",,11.2,7.84,,,,
C05639.0004,"GREEN' COGGED BELT .50"" PITCH X .50"" WIDE CLEAN ROOM",,11.2,7.84,,,,
C05641.0000,BRACKET ACCESS COVER SUPPORT (STL SHEET-0.125),,96.5,67.55,,,,
C05642.0000,BRACKET LH HEADER TO JAMB 2003 (STL SHEET-0.141),,31.8,22.26,,,,
C05643.0000,BRACKET RH HEADER TO JAMB 2003 (STL SHEET-0.141),,31.8,22.26,,,,
C05644.0000,EXTRUSION VINYL WIRE GUIDE RIGID PVC STANDARD COLOR,,7.3,5.11,,,,
C05646.0003,WHEEL CARRIAGE TO BELT ASSY (S2000B),,263.0,184.1,,,,
C05646.0004,WHEEL CARRIAGE TO BELT ASSY (S2000B),,198.0,138.6,,,,
C05646.0006,ASSYDRIVE WHEEL CARRIAGE 2003 SLIDE,,428.0,299.6,,,,
C05646.0007,ASSYWHEEL CRRG TO BEL 2000B BIPARTS,,153.0,107.1,,,,
C05646.0008,ASSYWHEEL CRRG TO BEL 2000B SX-SO X-O O-SX,,150.0,105.0,,,,
C05646.0009,ASSYWHEEL CRRG TO BEL 2000B SO-SX X-O SX-O,,113.0,79.1,,,,
C05646.0012,ASSY; WHEEL CARRIAGE 2000B BI-PART ISO 3 ATMOSPHERIC ONLY,,106.0,74.2,,,,
C05646.0013,ASSY; WHEEL CARRIAGE 2000B BI-PART ISO 3 ATMOSPHERIC ONLY,,106.0,74.2,,,,
C05646.0014,"ASSY; WHEEL CARRIAGE 2000B SX-O, SO-SX ISO 3 ATMOSPHERIC ONLY",,106.0,74.2,,,,
C05650.0000,"SENSOR, BEA LZR-MICROSCAN T",,2021.0,1414.7,,,,
C05651.0000,"SENSOR, BEA LZR-FLATSCAN SW",,2139.0,1497.3,,,,
C05652.000A,HEADER ENDCAP INFRAME MNT 2003 (AL SHEET-0.125),,36.4,25.48,,,,
C05653.000B,HEADER ENDCAP SURFACE MNT 2003,,26.2,18.34,,,,
C05654.0000,TAPPING PLATE HDR TO JAMB 2003 (STL SHEET-0.141),,27.0,18.9,,,,
C05655.0000,MOTOR HARNESS S2003,,30.2,21.14,,,,
C05656.0000,AUTOLOCK 2003 FAIL SEC C2150,,839.0,587.3,,,,
C05657.0000,AUTOLOCK 2003 FAIL SAFE C2150,,857.0,599.9,,,,
C05657.0002,AUTOLOCK 2003 FAIL SAF 70DUTY U.K. U.S. W/BATTERY BACK-UP,,914.0,639.8,,,,
C05662.0000,ON/OFF ROCKER SWITCH ASSY,,115.0,80.5,,,,
C05666.0000,BRACKET ACCESS PANEL HOLD OPEN,,89.1,62.37,,,,
C05667.0000,"SENSOR, BEA QUADSCAN",,848.0,593.6,,,,
C05668.0000,"SENSOR, OPTEX OA-EDGE T",,713.0,499.1,,,,
C05670.0000,THREE POSITION ROCKER SWITCH AUTOMATIC-OFF-CLOSE,,80.7,56.49,,,,
C05671.0000,"SCREW INDTD HEX UNSLTTD TY AB T/S 1/4-14X3/4""",,9.6,6.72,,,,
C05675.000A,SCREW ACCESSORY PKG S2203 CLR,,25.4,17.78,,,,
C05675.000B,SCREW ACCESSORY PKG S2203 BRZ,,27.0,18.9,,,,
C05676.0001,HANGER MACHINED 2003 SURF APP,,150.0,105.0,,,,
C05679.0000,ANTI RISE BRACKET,,39.7,27.79,,,,
C05686.0000,"KITANCHOR-CON ARM 1/2"" GLASS ALL GLASS SWING DOOR",,96.5,67.55,,,,
C05686.0001,"KITANCHOR-CON ARM 3/4"" GLASS ALL GLASS SWING DOOR",,96.5,67.55,,,,
C05690.000A,ALUM EXTRUSION ALUM HEADER S2003 - CLEAR 290 IN,,76.1,53.27,,,,
C05690.000B,ALUM EXTRUSION ALUM HEADER S2003 DARK BRONZE - 290 IN,,87.2,61.04,,,,
C05691.000A,ALUM EXTRUSION AL ACCESS COVER 2003 - CLEAR 290 IN,,23.8,16.66,,,,
C05691.000B,ALUM EXTRUSION AL ACCESS COVER 2003 BRONZE 290 IN,,30.2,21.14,,,,
C05700.0002,KIT2003 SRF APP 120VAC 16FTBP,,3669.0,2568.3,,,,
C05716.L1105691,HDRS2003SA 16FT LOADED BP110V W/ C5691 FACEPLATE SHORT LIP,,5244.0,3670.8,,,,
C05754.0000,CLAMP-CABLE TO HEADER TELE,,49.3,34.51,,,,
C05755.0000,CLAMP-CABLE TO HEADER TELE,,49.3,34.51,,,,
C05756.0000,HANGER-FAST DOOR,,422.0,295.4,,,,
C05759.0000,SPACER BLOCK-BOTTOM GUIDE TELE,,36.6,25.62,,,,
C05760.0000,BOTTOM GUIDE-TELESCOPING,,183.0,128.1,,,,
C05761.0000,BRKT-MT-CLOSE MONITOR SWITCH,,8.8,6.16,,,,
C05835.0000,AUXILIARY RELAY MODULE,,745.0,521.5,,,,
C05952.0001,SOLENOID FIRE REL GW LISK # S-2713-21,,2372.0,1660.4,,,,
C05961.0000,TRIP FT FOR C95456-1,,31.8,22.26,,,,
C05970.0000,ARM SURFACE C5946-1,,49.3,34.51,,,,
C05972.0001,ASSY DRIVE ARM 5900,,243.0,170.1,,,,
C06050.0000,ASSY; BOTTOM GUIDE IND,,2046.0,1432.2,,,,
C06055.0000,FLUSH PULL SS P62-1010 NOCOVER,,38.1,26.67,,,,
C06068.0000,PULLEY RALMARK MS20220-2,,156.0,109.2,,,,
C06072.0000,"BULB; ULTRACLEAN NOSING E1011040 .25"" DIA KERF",,3.2,2.24,,,,
C06111.0000,MOTOR-1/4 HP-DC-1725 RPM A05 GRAHAM P/N MD0339X,,2285.0,1599.5,,,,
C06115.0003,SPROCKET DR 20H100SH,,271.0,189.7,,,,
C06149.0001,BUSHING MARTIN SH5/8,,228.0,159.6,,,,
C06152.0001,GEAR DRIVE 101 BOSTON F713-10-B5,,2774.0,1941.8,,,,
C06167.0000,SPACERHEX 6-32X.94-SMITH 9297,,3.3,2.31,,,,
C06167.0001,STANDOFF.812X6-32 FM ABBATRON 9296 OR EQ,,2.9,2.03,,,,
C06203.0000,FITTING CYL END IND,,125.0,87.5,,,,
C06205.0000,CYL 1 1/2 PVC IND,,320.0,224.0,,,,
C06209.0000,LOCKWASHER 7/16 INT PL,,0.3,0.21,,,,
C06231.0001,CHECK SW IND RH - ASSY,,58.8,41.16,,,,
C06314.0000,SCREWM6X10MMHSSSSCUP PTBLK,,1.7,1.19,,,,
C06316.000R,BKT OPER TO DOOR,,115.0,80.5,,,,
C06326.0000,BOLT 1/4-20X 3/8 SSS,,1.7,1.19,,,,
C06417.0000,FIT 1/8 NPT/1/4NPT S/S,,52.3,36.61,,,,
C06447.0000,BRACKET-FOR REED SWITCH MAGNET,,74.8,52.36,,,,
C06540.0000,SEVR KIT ENCODER PKG-S6000,,232.0,162.4,,,,
C07015.0001,GEAR60T- 1ST TRANSFER,,185.0,129.5,,,,
C07020.0006,OUTPUT SHAFT-S7000 SWING ASSY,,498.0,348.6,,,,
C07024.0002,CAMCHECK SWITCH-S7000,,64.9,45.43,,,,
C07025.0000,BOLT 1/4-20X3/4 SSS BLK,,1.7,1.19,,,,
C07027.0000,BKT MOUNT SW (STL SHEET-0.078),,22.3,15.61,,,,
C07029.0001,SPACER BTWN BEARING PL,,14.3,10.01,,,,
C07035.0000,WASHER 1/4 SAE,,3.3,2.31,,,,
C07037.0001,STOP CHASSIS MOUNTED 7000,,19.0,13.3,,,,
C07039.0000,SHAFT-RETAINING WASHER .625X.387X.093 304 STAINLESS,,3.3,2.31,,,,
C07043.0001,SPACER BTWN BEARING PL,,17.5,12.25,,,,
C07044.0000,NUT 1/4-28 REVERSE LOCK,,3.3,2.31,,,,
C07050.0000,SPRING CLOSING #230 D,,141.0,98.7,,,,
C07051.0000,SPRING CLOSING #230 E/F,,143.0,100.1,,,,
C07062.0000,BEARING (IAW DWG C07062.0000),,81.0,56.7,,,,
C07063.0000,BEARING (IAW DWG C07063.0000),,92.1,64.47,,,,
C07065.0000,BOLT 1/4-20X2 SSS BLK,,4.8,3.36,,,,
C07066.0001,BOLT 1/4-20X1 3/4FH PS,,1.7,1.19,,,,
C07072.0001,OPER/HEADER ACC. PACKAGE ASSY,,17.5,12.25,,,,
C07072.0003,OPR/HD ACC PACKAGE FOR C7200.1,,357.0,249.9,,,,
C07075.0000,BOLT 1/4-20X1 HH GR5,,1.7,1.19,,,,
C07078.0000,BOLT 1/4-20X4 FH PH STV,,6.4,4.48,,,,
C07079.0000,BOLT 1/4-20X4 1/2 FHPHSTV,,9.6,6.72,,,,
C07081.0000,BOLT 4-40X1 1/4 BH PS,,1.7,1.19,,,,
C07082.0000,SPACER HH SMITH #8708 OR R.A.F. #11258B OR EQUAL,,12.8,8.96,,,,
C07083.0001,GUIDE WIRE NONHANDED,,11.2,7.84,,,,
C07089.0000,BOLT 5/16-18X1/2 FHSCS BLK,,1.7,1.19,,,,
C07098.0000,SCREW 1/4-20 X 1/2 FHSCS,,1.7,1.19,,,,
C07100.0002,GEAR TRAIN W/SPLINE ASSY,,1429.0,1000.3,,,,
C07111.0000,1ST TRANSFER SHAFT ASSY,,314.0,219.8,,,,
C07113.0002,2ND TRANSFER SHAFT ASSY,,389.0,272.3,,,,
C07116.0001,MOTORS7000 W/ GEAR 7000 SWING,,521.0,364.7,,,,
C07116.0004,MOTORS7000 W/ GEAR 7000 SWING,,348.0,243.6,,,,
C07117.0000,BKT C7116 MTG,,81.0,56.7,,,,
C07119.0000,DOOR CORD END FITTING,,9.6,6.72,,,,
C07130.0003,ASSY-BRG. AND EXT.BRKT S7000,,390.0,273.0,,,,
C07132.0003,ASSY-LOWER BRG. PL. S7000,,260.0,182.0,,,,
C07134.0000,BOLT 6-32X3/8 PHMS PHIL,,1.7,1.19,,,,
C07141.0000,BOLT 10-24X1 FHPHMS PL,,1.7,1.19,,,,
C07145.0001,ACC PKG DOOR CORD,,60.2,42.14,,,,
C07145.0002,ASSY DOOR CORD,,40.0,28.0,,,,
C07153.0000,SOCKET AMP 613141,,11.2,7.84,,,,
C07155.0000,CIRCUIT BKR LACE ASSY,,132.0,92.4,,,,
C07162.0001,CIRCUIT BREAKER ETA 45-700-IG1-P10-DD 2.0A,,119.0,83.3,,,,
C07173.0000,SOCKETS AMP 61117-1,,1.7,1.19,,,,
C07180.0001,ASSY PWR LACE (7000 CSA),,19.5,13.65,,,,
C07200.01LH,LOW ENERGY OPR W/C4190 CONTROL,,1852.0,1296.4,,,,
C07200.01RH,LOW ENERGY OPR W/C4190 CONTROL,,1852.0,1296.4,,,,
C07200.02LH,LOW ENERGY OPERATOR W/C4190 FOR S7900,,1919.0,1343.3,,,,
C07200.04LH,LOW ENERGY OPR W/C5190 CONTROL LEFT HAND,,1930.0,1351.0,,,,
C07200.04RH,LOW ENERGY OPR W/C5190 CONTROL RIGHT HAND,,1930.0,1351.0,,,,
C07200.05LH,LOW ENERGY OPR W/C5190 S7900 LEFT HAND,,1965.0,1375.5,,,,
C07200.05RH,LOW ENERGY OPR W/C5190 S7900 RIGHT HAND,,1965.0,1375.5,,,,
C07200.1LHR,LOW ENERGY OPR W/C4190 CONTROL,,1852.0,1296.4,,,,
C07200.1RHR,LOW ENERGY OPR W/C4190 CONTROL,,1852.0,1296.4,,,,
C07200.2LHR,LOW ENERGY OPR W/C4190-S7900,,1977.0,1383.9,,,,
C07200.2RHR,LOW ENERGY OPR W/C4190-S7900,,1977.0,1383.9,,,,
C07200.4LHR,LOW ENERGY OPR W/C5190 CONTROL LEFT HAND REVERSE,,1930.0,1351.0,,,,
C07200.4RHR,LOW ENERGY OPR W/C5190 CONTROL RIGHT HAND REVERSE,,1930.0,1351.0,,,,
C07200.5LHR,LOW ENERGY OPR W/C5190 S7900 LEFT HAND REVERSE,,1965.0,1375.5,,,,
C07200.5RHR,LOW ENERGY OPR W/C5190 S7900 RIGHT HAND REVERSE,,1351.0,945.7,,,,
C07201.01RH,LOW ENERGY OPR W/C4191 CONTROL,,1785.0,1249.5,,,,
C07201.02RH,LOW ENERGY OPR W/C4191-S7900,,1878.0,1314.6,,,,
C07201.1RHR,LOW ENERGY OPR W/C4191 CONTROL,,1785.0,1249.5,,,,
C07201.2RHR,LOW ENERGY OPR W/C4191-S7900,,1878.0,1314.6,,,,
C07204.0000,ASSYTOP PIVOTMANUAL BIFOLD,,405.0,283.5,,,,
C07220.0001,STRIKE INTERFACE MOD ASSY,,180.0,126.0,,,,
C07245.0000,ADAPTER BRACKET-S7000 (STL SHEET-0.109),,95.2,66.64,,,,
C07247.0000,NUT #3/8-16 HEX JAM,,1.7,1.19,,,,
C07272.0002,ACCY HDY PKG ASSEMBLY - LOADED,,190.0,133.0,,,,
C07280.0000,DECAL AUTO DOOR ACTIVATE SWITCH TO OPERATE DOUBLE SIDED,,17.5,12.25,,,,
C07281.0000,DECAL CAUTION-AUTOMATIC DOOR,,36.6,25.62,,,,
C07282.0000,LABEL; CAUTION AUTOMATIC DOOR,,36.6,25.62,,,,
C07305.000A,ACCESSORIES INSWING ARM CLR,,591.0,413.7,,,,
C07305.000B,ACCESSORIES INSWING ARM BNZ,,591.0,413.7,,,,
C07306.000A,ACCESSORIES PARALLEL ARM CLR,,908.0,635.6,,,,
C07306.000B,ACCESSORIES PARALLEL ARM BNZ,,908.0,635.6,,,,
C07307.000A,ACCESSORIES OUTSWING ARM CLR,,591.0,413.7,,,,
C07307.000B,ACCESSORIES OUTSWING ARM BNZ,,591.0,413.7,,,,
C07308.000A,ACCESSORIES INSWING AND OUTSWING NHO ARM KIT CLEAR,,495.0,346.5,,,,
C07308.000B,ACCESSORIES INSWING AND OUTSWING NHO ARM KIT BRONZE,,580.0,406.0,,,,
C07309.000A,ACCESSORIES PARALLEL NHO ARM KIT CLR,,726.0,508.2,,,,
C07309.000B,ACCESSORIES PARALLEL NHO ARM KIT BRZ,,765.0,535.5,,,,
C07439.0000,SCREWM6X18MM SCS CL12.9 (GR8),,3.3,2.31,,,,
C07442.0000,SCREWM6X12MM HHMB,,1.7,1.19,,,,
C07498.0000,BOLT SQ HEAD 5/16-18 X5/8,,1.7,1.19,,,,
C07498.0001,T-BOLT 5/16-18 X 5/8 MAKE FROM C7498,EA,6.4,4.48,,,,
C07601.0000,SHIM BRK/OUT SHAFT BIFOLD,EA,6.5,4.55,,,,
C07606.0000,BOTTOM PIVOT(.25) ASSY,EA,207.0,144.9,,,,
C07606.0001,BOTTOM PIVOT ASSY,EA,167.0,116.9,,,,
C07607.0000,BOTTOM PIVOT(1.75) ASSY,EA,223.0,156.1,,,,
C07608.0000,BOTTOM PIVOT(1.75) ASSY,EA,223.0,156.1,,,,
C07609.0000,ASSYPIVOT-DOOR PORTION SWING BIFOLD DOORS,EA,61.4,42.98,,,,
C07610.0000,PIVOT FLOOR ASSY,EA,113.0,79.1,,,,
C07611.0000,PIVOT FLOOR ASSY,EA,111.0,77.7,,,,
C07612.0000,PIVOT FLOOR ASSY,EA,177.0,123.9,,,,
C07613.0000,PIVOT BOTTOM DOOR PORTION JACKSON 20-647,EA,73.0,51.1,,,,
C07614.0000,PIVOT BOTTOM FLOOR PORTION JACKSON 20-1062,EA,97.2,68.04,,,,
C07615.0000,PLATE PIVOT THRESHOLD,EA,111.0,77.7,,,,
C07631.0000,BREAKOUT SHAFT ADAPTER,EA,124.0,86.8,,,,
C07632.0000,BREAKOUT FILLER BLOCK,EA,41.8,29.26,,,,
C07633.001A,PLATE-COVER LH S4-4200,EA,77.9,54.53,,,,
C07633.001B,PLATE-COVER LH S4-4200,EA,77.9,54.53,,,,
C07636.0000,GASKET NEOPRENE 1/32,EA,3.9,2.73,,,,
C07637.0001,BUMPER-EDPM-MOLDED-BLACK,EA,23.8,16.66,,,,
C07638.0001,LABEL LOCATION LHR/RH,EA,11.2,7.84,,,,
C07639.0001,LABEL LOCATION RHR/LH,EA,11.2,7.84,,,,
C07641.000A,PULL HANDLE BIFOLD,EA,75.8,53.06,,,,
C07641.000B,PULL HANDLE BIFOLD BNZ,EA,75.8,53.06,,,,
C07641.001A,PULL HANDLE BIFOLD ASSY,EA,71.8,50.26,,,,
C07641.001B,PULL HANDLE BIFOLD ASSY,EA,120.0,84.0,,,,
C07642.0000,BIFOLD BOTTOM PIVOT,EA,36.6,25.62,,,,
C07642.0001,"BIFOLD BOT PIVOT SHIM10"" BR",EA,12.8,8.96,,,,
C07642.00WS,SHIM-BOTTOM-DD-4510 WS,EA,28.6,20.02,,,,
C07651.0000,CIRCUIT BKR LACE 38IN ASSY,EA,459.0,321.3,,,,
C07656.0002,CLOSE MONT REED SWTH ASSY,EA,125.0,87.5,,,,
C07662.0000,POWER CORD LACE26 ASSY,EA,34.9,24.43,,,,
C07685.0000,"ASSYTOP RLLR GUIDE-STD.BFLD W/TOP RAILS 12.5"" OVER",EA,90.3,63.21,,,,
C07686.0001,ROLLER DELRIN,EA,48.6,34.02,,,,
C07687.0000,PIN SS 1/4 DIA PIC,EA,34.9,24.43,,,,
C07688.0000,SNAP RING 5103-25,EA,3.3,2.31,,,,
C07689.0000,PLATE ROLLER GUIDE BASE,EA,22.8,15.96,,,,
C07698.0000,ALUM ALUM EXT 4 IN THRESHOLD - MILL 288 IN,LF,36.6,25.62,,,,
C07699.0000,AL EXT PEMKO 276A SPECIAL,LF,89.1,62.37,,,,
C07699.0010,ALUM EXTRU THRESH MILL PEMKO 2550A,LF,178.0,124.6,,,,
C07700.001C,ASSY-HINGEBUMPER LHR/RH BFLD,EA,187.0,130.9,,,,
C07702.001C,ASSY-HINGEBUMPER RHR/LH BFLD,EA,187.0,130.9,,,,
C07705.0001,PIN DOWEL 3/8 X 1 1/4 SS-RC,EA,11.2,7.84,,,,
C07734.0001,DIRECT DRIVE POWER ARM-ADJUSTABLE OVERHEAD CONCEALED-NO HARDWA,EA,232.0,162.4,,,,
C07735.014A,ASSYDIRECT DRIVE ADJ.-14T,EA,371.0,259.7,,,,
C07739.014C,TOP PIVOT ARM ASSY,EA,321.0,224.7,,,,
C07775.0000,OPTEX SAFETY BEAM ASSY,EA,328.0,229.6,,,,
C07776.0000,"TRANSMITTER W/5"" LACE OPTEX #SHTXCELL",EA,47.6,33.32,,,,
C07777.0000,RECEIVER W/5 LACE OPTEX #SHRXCELL,EA,54.0,37.8,,,,
C07778.0000,10' TRANSMITTER EXTENSION LACE OPTEX #SHTXEXT,EA,57.2,40.04,,,,
C07779.0000,10' RECEIVER EXTENSION LACE OPTEX #SHRXEXT,EA,54.0,37.8,,,,
C07780.0000,15' TRANSMITTER HEADER LACE OPTEX #SHTXHEADER,EA,60.2,42.14,,,,
C07781.0000,15' RECEIVER HEADER LACE OPTEC #SHTRHEADER,EA,60.2,42.14,,,,
C07782.0000,"AMPLIFIER W/18"" CONNECTOR LACE OPTEX #OS-12CHORTON",EA,248.0,173.6,,,,
C07783.0000,ASSY-OPTEX SINGLE BEAM SYSTEM,,349.0,244.3,,,,
C07784.0000,ASSY-OPTEX TRANSMITTER LACE,,101.0,70.7,,,,
C07785.0000,ASSY-OPTEX RECEIVER LACE,,101.0,70.7,,,,
C08003.0000,WHEEL CARRIAGE PROJECTED LEFT,,158.0,110.6,,,,
C08004.0000,WHEEL CARRIAGE PROJECTED RIGHT,,86.0,60.2,,,,
C08106.0000,BEARING (IAW DWG C08106.0000),,23.8,16.66,,,,
C08110.0000,CIRCUIT BREAKER 0.5A ETA# 5700-IG1-P10-DD-0.5A,,125.0,87.5,,,,
C08112.4550L,ASSY8100 CHAS/OP LOCK 45.5 O-X UNIT,,2014.0,1409.8,,,,
C08112.4550R,ASSY8100 CHAS/OP LOCK 45.5 X-O UNIT,,2014.0,1409.8,,,,
C08112.4750L,ASSY8100 CHAS/OP LOCK 47.5 O-X UNIT,,2014.0,1409.8,,,,
C08112.4750R,ASSY8100 CHAS/OP LOCK 47.5 X-O UNIT,,2014.0,1409.8,,,,
C08112.4800L,ASSY8100 CHAS/OP LOCK 48.0 O-X UNIT,,2014.0,1409.8,,,,
C08112.4800R,ASSY8100 CHAS/OP LOCK 48.0 X-O UNIT,,2014.0,1409.8,,,,
C08112.5000L,ASSY8100 CHAS/OP LOCK 50.0 O-X UNIT,,2014.0,1409.8,,,,
C08112.5000R,ASSY8100 CHAS/OP LOCK 50.0 X-O UNIT,,2014.0,1409.8,,,,
C08112.5025L,ASSY8100 CHAS/OP LOCK 50.25 O-X UNIT,,2014.0,1409.8,,,,
C08112.5025R,ASSY8100 CHAS/OP LOCK 50.25 X-O UNIT,,2014.0,1409.8,,,,
C08113.4550L,ASSY8100 CHAS/OP 45.5 O-X UNIT NO AUTOLOCK,,1837.0,1285.9,,,,
C08113.4550R,ASSY8100 CHAS/OP 45.5 X-O UNIT NO AUTOLOCK,,1837.0,1285.9,,,,
C08113.4750L,ASSY8100 CHAS/OP 47.5 O-X UNIT NO AUTOLOCK,,1837.0,1285.9,,,,
C08113.4750R,ASSY8100 CHAS/OP 47.5 X-O UNIT NO AUTOLOCK,,1837.0,1285.9,,,,
C08113.4800L,ASSY8100 CHAS/OP 48.0 O-X UNIT NO AUTOLOCK,,1837.0,1285.9,,,,
C08113.4800R,ASSY8100 CHAS/OP 48.0 X-O UNIT NO AUTOLOCK,,1837.0,1285.9,,,,
C08113.5000L,ASSY8100 CHAS/OP 50.0 O-X UNIT NO AUTOLOCK,,1837.0,1285.9,,,,
C08113.5000R,ASSY8100 CHAS/OP 50.0 X-O UNIT NO AUTOLOCK,,1837.0,1285.9,,,,
C08113.5025L,ASSY8100 CHAS/OP 50.25 O-X UNIT NO AUTOLOCK,,1837.0,1285.9,,,,
C08113.5025R,ASSY8100 CHAS/OP 50.25 X-O UNIT NO AUTOLOCK,,1837.0,1285.9,,,,
C08129.0000,BOLT 8-32X3/4 CAP PL,,6.4,4.48,,,,
C08136.0000,WASHER 3/16 SAE PL,,4.8,3.36,,,,
C08139.0000,TOUCHLESS SWITCH WALL MOUNT,,868.0,607.6,,,,
C08140.0000,TOUCHLESS SWITCH JAMB MOUNT,,868.0,607.6,,,,
C08140.0001,"ASSEMBLY; SWITCH TOUCHLESS, FRAME MS SEDCO 216-N",,714.0,499.8,,,,
C08141.0000,BOLT 1/4-20X3/4 SCS BK,,1.7,1.19,,,,
C08143.0000,WAVE SWITCH TOUCHLESS EXIT SWITCH,,57.4,40.18,,,,
C08143.0001,WAVE SWITCH,,28.2,19.74,,,,
C08145.0000,BOLT 1/4-20X2 SCS BK,,0.3,0.21,,,,
C08147.0000,SWITCHTOUCHLESS BEA MS08 SNGL GANGBLACK 2.75 X 4.5,,868.0,607.6,,,,
C08148.0000,"SWITCHTOUCHLESS MS SEDCO 216 4.5""X4.5""FACESNGL/DBL GANG",,638.0,446.6,,,,
C08149.0000,PUSH PLATE JAMB MOUNT,,143.0,100.1,,,,
C08150.0000,BOLT; HEX HEAD 1/4-20X3/4 CAP PL,,1.7,1.19,,,,
C08151.0000,BOLT 1/4-20X1 FH PS PL,,1.7,1.19,,,,
C08153.4550,"DRIVE ROD 8100 45.5 UNITS X 23.38"" LONG",,224.0,156.8,,,,
C08153.4750,"DRIVE ROD 8100 47.5 UNITS X 25.38"" LONG",,224.0,156.8,,,,
C08153.4800,"DRIVE ROD 8100 48.0 UNITS X 25.88"" LONG",,224.0,156.8,,,,
C08153.5000,"DRIVE ROD 8100 50.0 UNITS X 27.88"" LONG",,224.0,156.8,,,,
C08153.5025,"DRIVE ROD 8100 50.25UNITS X 28.13"" LONG",,224.0,156.8,,,,
C08153.5350,"DRIVE ROD 8200 53.5 UNITS X 17.56"" LONG",,224.0,156.8,,,,
C08159.0000,"SWITCHPUSH PLATE 1-3/4"" ADA SS JAMB STYLEBEA 10PBJL",,143.0,100.1,,,,
C08160.0004,CONTROLLER.WINDOWS 8000.AUTOMATICS,,614.0,429.8,,,,
C08160.04V1,VER 1.01 CONTROLLER.WITH SOFTWARE.WD 8000.AUTOMATICS,,682.0,477.4,,,,
C08166.0000,OMRON MY4-DC-24 HC4-H-DC24V 1315-4C-24D,,119.0,83.3,,,,
C08194.0000,CABLE ASSLY.MOTOR EXTENSION.WINDOWS 8000.AUTOMATICS,,36.2,25.34,,,,
C08204.0000,CLIP TIE MOUNT #08461,,3.3,2.31,,,,
C08207.0002,"MOTOR, WINDOW PRODUCTS (MERKLE-KORFF #S-9564, OR EQUIVALENT)",EA,310.0,217.0,,,,
C08209.0002,MOTOR AND BRKT ASSYWINDOW,EA,618.0,432.6,,,,
C08210.0001,DRIVE ROD SADJ BKT ASSY,EA,70.5,49.35,,,,
C08213.0001,"ADAPTOR, MOTOR LACE ASSEMBLY, WINDOW O-X & X-O",EA,94.9,66.43,,,,
C08213.0002,"ADAPTOR, MOTOR LACE ASSEMBLY, WINDOW O-X-XO",EA,104.0,72.8,,,,
C08213.0003,PARTIAL OPEN CUTOFF ASSEMBLY - PATIO,EA,101.0,70.7,,,,
C08215.0001,MOTOR BRACKET ASSY,EA,79.2,55.44,,,,
C08217.0000,ADPT SHAFT MOTOR,EA,38.0,26.6,,,,
C08221.0001,FELT WIPER/OILER,EA,14.3,10.01,,,,
C08222.0000,COUPLING 1/2X1/2 5803,EA,80.7,56.49,,,,
C08231.0001,8000 SINGLE WIRE HARNESS ASSY,EA,260.0,182.0,,,,
C08231.0011,WIRING HARNESS.ASSEMBLY.WINDOWS 8000.AUTOMATICS,EA,236.0,165.2,,,,
C08231.0012,"WIRING HARNESS.ASSEMBLY.WINDOWS.8000 AUTOMATICS.60"" TO 72""",EA,132.0,92.4,,,,
C08231.0013,WIRING HARNESS ASSEMBLY WINDOWS BIPART OPERATOR,EA,117.0,81.9,,,,
C08231.4600,"WIRE HARNESS ASSEMBLY 46""",EA,46.0,32.2,,,,
C08232.3600,HARNESS.PARTIAL CUT OUT.WINDOW,EA,129.0,90.3,,,,
C08233.0002,ASSY TRAVEL BLOCK-8000 SINGLE,EA,357.0,249.9,,,,
C08233.0003,ASSYTRAVEL BLOCK-8000 BIPART,EA,331.0,231.7,,,,
C08235.001L,SWITCH ASSY,EA,50.7,35.49,,,,
C08235.001R,SWITCH ASSY,EA,50.7,35.49,,,,
C08237.0000,ASSY PWR CORD,EA,52.3,36.61,,,,
C08237.0003,POWER CORD-PROJECT WINDOW ASSY,EA,84.1,58.87,,,,
C08240.0002,BKT MTG OPERATOR,EA,29.0,20.3,,,,
C08241.0002,BKT DRIVE,EA,47.6,33.32,,,,
C08242.0002,ARM POWER 8000,EA,42.8,29.96,,,,
C08243.0000,CKT BKR LACE 8 5A ASSY,EA,147.0,102.9,,,,
C08243.0002,CIRCUIT BREAKER ASSY,EA,150.0,105.0,,,,
C08249.0001,BOTTON GUIDE SERIES 8000 ASSY,EA,30.2,21.14,,,,
C08256.0000,BOLT 8X1/2 FHSMS UND,EA,1.7,1.19,,,,
C08258.0000,SWITCH WITH BENT ARM,EA,135.0,94.5,,,,
C08258.0001,SWNON-VITAL CLM W/CURLED ARM,EA,20.7,14.49,,,,
C08260.0001,ACC PKG 8200/8700 ASSY,EA,318.0,222.6,,,,
C08272.0000,END CAP RIGHT HAND,EA,63.7,44.59,,,,
C08273.0000,END CAP LEFT HAND,EA,57.2,40.04,,,,
C08277.0000,SWITCH ACTUATOR,EA,19.1,13.37,,,,
C08280.0000,BKT MOTOR/BUSHING MT (STL PLATE-0.188),EA,42.8,29.96,,,,
C08280.0001,BKT MOTOR/BUSHING MT MOD,EA,111.0,77.7,,,,
C08294.0000,BOLT 10-24X3/4 RHMS,EA,1.7,1.19,,,,
C08295.0000,POTENTIOMETER 1K OHM 1/2 WATT BOURNS 3352-T-1-102-LF,EA,17.5,12.25,,,,
C08297.0000,ASSY - GROUND WIRE,EA,4.8,3.36,,,,
C08297.0001,ASSYGROUNDING WIRE,EA,4.8,3.36,,,,
C08301.0000,AUTOLOCK ASSY,EA,166.0,116.2,,,,
C08301.0001,AUTOLOCK ASSY,EA,289.0,202.3,,,,
C08308.0001,SPRING 8300 AUTOLOCK,EA,17.5,12.25,,,,
C08309.0000,BKT BEARING BLC TO DOOR,EA,28.6,20.02,,,,
C08310.0000,KEEPER FOR AUTOLOCK,EA,28.6,20.02,,,,
C08311.0000,RELEASE MANUAL AUTOLOCK (AL SHEET-0.09),EA,60.2,42.14,,,,
C08320.0000,AUTOLOCK-8000-ASSY,EA,241.0,168.7,,,,
C08323.0000,RETAINER MANUAL RELEASE,EA,38.1,26.67,,,,
C08340.0000,120 VAC TRIAC SWITCH ASSY,EA,158.0,110.6,,,,
C08342.000A,LOCK TURN -8000 BI-PART,EA,66.8,46.76,,,,
C08342.000B,LOCK TURN 8000 BI-PART,EA,64.9,45.43,,,,
C08343.0000,KNOB-LOCK S8100 TS MILL FINISH,EA,19.5,13.65,,,,
C08343.000C,KNOB -LOCK S8100 TS,EA,34.9,24.43,,,,
C08344.0000,SPINDLE AR 220042-20,EA,6.4,4.48,,,,
C08345.0000,NYLON WASHER AR 25-0014,EA,1.7,1.19,,,,
C08346.000A,ESCUTHEON AR 22-0043-652 CLR,EA,12.8,8.96,,,,
C08346.000B,ESCUTHEON AR 22-0043-121 BRZ,EA,14.3,10.01,,,,
C08347.0000,PUSH NUT AR N350-24,EA,1.7,1.19,,,,
C08352.0000,ACTUATING LACE S8000 STD ACCY,EA,36.6,25.62,,,,
C08356.0000,CONN SPLICE AMP 327638,EA,9.6,6.72,,,,
C08369.0000,BOT GUIDE PIN PROJ WINDOW,EA,23.8,16.66,,,,
C08370.0000,BASE WHEEL CARRIAGE,EA,20.7,14.49,,,,
C08375.0000,WHEEL CARRIAGE ASSY,EA,77.9,54.53,,,,
C08382.0000,LOCK MS-1847-06 ADAMS RIT,EA,113.0,79.1,,,,
C08384.0000,ARM PWR SLAVE SIDE,EA,42.8,29.96,,,,
C08385.0000,BKT DRIVE SLAVE SIDE,EA,36.6,25.62,,,,
C08386.0000,CLAMP CABLE SLAVE SIDE,EA,28.6,20.02,,,,
C08387.0000,CLAMP CABLE DRIVE SIDE,EA,28.6,20.02,,,,
C08388.0000,BKT DRIVE DRIVE SIDE,EA,76.1,53.27,,,,
C08391.0000,BKT HANGER PANEL BI PART,EA,30.7,21.49,,,,
C08411.0000,DETECTORPRESENCE WINSCAN W/(2) MTG CLIPS-BEA#10 WINSCAN,EA,606.0,424.2,,,,
C08412.0000,WINSCAN PRESENCE SENSOR-HARNES BEA P/N 70.0068,EA,23.8,16.66,,,,
C08413.0000,ASSY-WINSCAN-HARNESS,EA,38.8,27.16,,,,
C08415.0000,WINSCAN-LENS,EA,30.2,21.14,,,,
C08417.0000,WIRE RETAINER-WINSCAN (AL. SHEET .063),EA,40.8,28.56,,,,
C08420.0000,WINSCAN SENSOR ACTUATOR SYSTEM,EA,903.0,632.1,,,,
C08423.0000,ASSY-STOPGUARD SYSTEM-12/3WING,EA,6682.0,4677.4,,,,
C08442.000L,"ARM, STOP ICU 310 MAX STROKE LH (SS. SHEET 0.125)",EA,58.8,41.16,,,,
C08442.000R,"ARM, STOP ICU 310 MAX STROKE RH (SS. SHEET 0.125)",EA,64.9,45.43,,,,
C08442.001L,"ARM, STOP ICU 310 MAX STROKE TELE LH (SS. SHEET .125)",EA,22.3,15.61,,,,
C08442.001R,"ARM, STOP ICU 310 MAX STROKE TELE RH (SS. SHEET .125)",EA,22.3,15.61,,,,
C08443.0000,STOPGUARD SYSTEM 14'3W ASSY,EA,7689.0,5382.3,,,,
C08444.0000,STOPGUARD SYSTEM 14' 4 WING,EA,9847.0,6892.9,,,,
C08447.0000,HANGER BRACKET/TAP PLT 8000 (STL.SHEET.0250),EA,95.9,67.13,,,,
C08464.0000,ASSY-STOPGUARD SYSTEM 16 4WING,EA,10444.0,7310.8,,,,
C08783.0000,COLLECTOR RING-4C-9600 ASSY,EA,713.0,499.1,,,,
C08797.0000,GEAR DRIVE GRAND REVOLVER KAF77R37AM56 4851 RATIO,EA,11095.0,7766.5,,,,
C08910.0000,GEAR DRIVE-4161 1.50-KAZ 67R42LP56C-EURODRIVE,EA,11752.0,8226.4,,,,
C08940.0000,SLIP RING REVOLVER MOOG # 459806X284,EA,2544.0,1780.8,,,,
C08940.0001,SLIP RING,EA,2306.0,1614.2,,,,
C08941.0000,SLIP RING-KIT-9000,EA,2726.0,1908.2,,,,
C08941.0001,SLIP RING KIT(SECURITY),EA,2656.0,1859.2,,,,
C08941.0002,SLIP RING KIT (AUTO),EA,2994.0,2095.8,,,,
C08941.0004,"AUTO REVOLVER SLIP RING KIT-REVOLVER 1.5"" SHAFT-WITH CONNECTORS AN",EA,2708.0,1895.6,,,,
C09001.0000,LOCAL CONTROL PANEL KIT,EA,706.0,494.2,,,,
C09001.0001,KITREMOTE CNTRL W/BATTERIES,EA,258.0,180.6,,,,
C09001.0002,"KIT, C09001-1 BEA INFRARED REMOTE CONTROL AND E1756-0U25 CHIP FOR N",EA,274.0,191.8,,,,
C09002.0000,ELECTRICAL ACCESSORY-SECURITY,EA,3491.0,2443.7,,,,
C09002.0001,ELECTRICAL ACCESORY-AUTO/GRAND,EA,2867.0,2006.9,,,,
C09005.0000,3 POSITION KEYSWITCH KIT,EA,256.0,179.2,,,,
C09005.0001,4 POSITION KEYSWITCH KIT FOR RTQP REVOLVERS,EA,426.0,298.2,,,,
C09007.0000,MOTOR/ENDCODER REVOLVER ASSY,EA,2470.0,1729.0,,,,
C09007.0001,MOTOR/BRAKE/ENCODER 500RPM ASY,EA,5731.0,4011.7,,,,
C09007.0002,ASSYMOTOR/ENCODER-GRAND,EA,3305.0,2313.5,,,,
C09007.0003,ASSYMOTOR/ENCODER-LP GRAND,EA,3595.0,2516.5,,,,
C09007.0004,ASSYMTR/ENCDR/BRAKE GRAND,EA,7212.0,5048.4,,,,
C09007.0006,ASSY; MOTOR/BRAKE/ENCODER 500RPM RETURN TO QTP REVOLVERS 1/13 HP,EA,7336.0,5135.2,,,,
C09011.0000,MOTOR REV 500 RPM 1/13 HP SCOTT MOTOR P/N 2BB4280,EA,2116.0,1481.2,,,,
C09014.0000,ASSY-AUTO INDEX -3W/4W/MAN REV,EA,10271.0,7189.7,,,,
C09017.0000,GEARBOX 601-SIPCO VW 297 60 FRT050-56-25-N56C,EA,3199.0,2239.3,,,,
C09025.000C,ENDCAP7000 HEADER BLK (AL SHEET-0.125),EA,19.8,13.86,,,,
C09026.0000,ON/OFF TOGGLE LACE ASSY,EA,77.9,54.53,,,,
C09027.0000,ACTUATING SWITCH HARNESS,EA,89.0,62.3,,,,
C09029.000A,BOLT #6X3/4 FHSMS CLR,EA,1.7,1.19,,,,
C09029.000B,BOLT #6X3/4 FHSMS BZ,EA,1.7,1.19,,,,
C09030.002A,HEADER ENDCAP C2910 ASSY,EA,92.1,64.47,,,,
C09030.002B,HEADER ENDCAP C2910 ASSY,EA,87.2,61.04,,,,
C09030.002C,HEADER ENDCAP C2910 ASSY,EA,90.3,63.21,,,,
C09031.0000,LOCKWASHER SPLIT #10,EA,1.7,1.19,,,,
C09031.000P,LOCKWASHER SPLIT #10 SS,EA,1.7,1.19,,,,
C09032.0001,BKT HOLDS LOWER CHASIS (STL SHEET-0.109),EA,30.3,21.21,,,,
C09032.1BKT,BRACKET RTNG LOWER CHASIS (STEEL SHEET 0.109),EA,19.5,13.65,,,,
C09036.0000,4 COND SPLICE SET ASSY (C09027.0001 C09037.0000),EA,53.7,37.59,,,,
C09036.0001,"HARNESS SPLICE4 COND.5"" PLUG",EA,27.0,18.9,,,,
C09042.000A,COVER TRACK CLR,EA,36.6,25.62,,,,
C09042.000B,COVER TRACK BZ,EA,36.6,25.62,,,,
C09047.0001,TRACK LINER,EA,31.8,22.26,,,,
C09052.0001,BOLT 5/16-18X1 1/4 SCS,EA,1.7,1.19,,,,
C09053.0003,BRACKETMNTG-FRONT C09102.0002 GEARBOX,EA,116.0,81.2,,,,
C09062.0000,"SHIM-BEARING-1/8"" THK-9600 (AL. SHEET .125)",EA,20.1,14.07,,,,
C09062.0001,"SHIMBEARING-1/4""THK-9600",EA,60.1,42.07,,,,
C09080.3375,TOEGUARD 12'GRAND TG3375,EA,1217.0,851.9,,,,
C09080.3950,TOEGUARD 14'GRAND TG3950,EA,1110.0,777.0,,,,
C09080.4450,TOEGUARD 16'GRAND TG4450,EA,1650.0,1155.0,,,,
C09080.4750,TOEGUARD 16'GRAND TG4750,EA,1294.0,905.8,,,,
C09080.4900,TOEGUARD 16'GRAND TG4900,EA,1925.0,1347.5,,,,
C09080.5050,TOEGUARD 10' AUTOMATIC TG5050,EA,1606.0,1124.2,,,,
C09080.5150,TOEGUARD 16'GRAND TG5150,EA,1559.0,1091.3,,,,
C09080.5450,TOEGUARD 11' MINIGRAND TG5450,EA,2168.0,1517.6,,,,
C09080.5850,TOEGUARD 16'GRAND TG5850,EA,3257.0,2279.9,,,,
C09080.6050,TOEGUARD 12' MINIGRAND TG6050,EA,2991.0,2093.7,,,,
C09080.6150,TOEGUARD 12' MINIGRAND TG6150,EA,3158.0,2210.6,,,,
C09090.0001,TRIPP LITE UPS INTERNET750U 120V 750VA/450W BATTERY BACKUP,EA,1702.0,1191.4,,,,
C09097.0000,ACC PKG-FRAME-ROUND DRUM-REV,EA,1073.0,751.1,,,,
C09097.0001,ACC PKG-FRAME-ROUND DRUM-MANUAL REV,EA,1208.0,845.6,,,,
C09098.0000,ALUM ALUM TUBE 2 X 8 X 1/8 - MILL 240 IN,LF,157.0,109.9,,,,
C09102.0003,GEAR BOXMOTOVARIO PB063 RATIO 77.48 AUTOSEC REV DOORS,EA,6480.0,4536.0,,,,
C09103.0002,KITRETRO GEARBOX W/ QTR POINT,EA,6735.0,4714.5,,,,
C09110.0000,CIR BKR .8A AG438006 ETA# 5700-IG1-P10-DD-0.8A,EA,110.0,77.0,,,,
C09113.3375,ASSYFOOTGUARD W/CONECTOR,EA,1486.0,1040.2,,,,
C09113.3950,ASSYFOOTGUARD W/CONECTOR,EA,1389.0,972.3,,,,
C09114.0000,ASSYLACE-FOOTGUARD,EA,15.2,10.64,,,,
C09114.0001,ASSYLACE-FOOTGUARD-REVOLVER,EA,42.2,29.54,,,,
C09115.0004,ASSYLACE-REED SWITCH W.O.P. 3 4 WING AUTOMATIC REVOLVERS,EA,101.0,70.7,,,,
C09118.0000,ASSYLACE-VISTA-REVOLVER,EA,12.8,8.96,,,,
C09118.0002,ASSYLACE-VISTA REV 3 FT,EA,41.2,28.84,,,,
C09118.0003,ASSYLACE-VISTA REV 6 FT,EA,52.3,36.61,,,,
C09119.0000,HEATER MAGNETIC KAT'S HEATERS MFG P/N 1155-CSA,EA,403.0,282.1,,,,
C09156.00LH,HARNESS WIRING-LH,,245.0,171.5,,,,
C09156.00RH,HARNESS WIRING-RH,,245.0,171.5,,,,
C09162.0000,RELAY K10P11D15 24V,,47.6,33.32,,,,
C09165.0000,PLUG 2 CKT AMP 2-4803180 NAT,,1.7,1.19,,,,
C09185.0000,ASSY GLASS BREAK SW,,2027.0,1418.9,,,,
C09186.0000,SW GL BKR GRAINGER #2EL29,,913.0,639.1,,,,
C09190.0000,ASSY EMERGENCY STOP SW,,1076.0,753.2,,,,
C09211.0000,90 V INSIDE MT MAG BOX,,3715.0,2600.5,,,,
C09213.0001,BUSHING 1 1/2 #1615,,159.0,111.3,,,,
C09217.0000,ARMATURE BRAKE FOR C09211,,3301.0,2310.7,,,,
C09219.0002,SPLINED HUB W/RING,,2648.0,1853.6,,,,
C09233.003A,ASSY -CNTR SHAFT 3-W B/OM,,5875.0,4112.5,,,,
C09233.003B,ASSY -CNTR SHAFT 3-W B/OM,,5875.0,4112.5,,,,
C09234.004A,CTR SHAFT 4WMAN MECH SPEED CTL,,5847.0,4092.9,,,,
C09234.006A,CENTER SHAFTMECHANICAL MAN3W,,5452.0,3816.4,,,,
C09234.006B,CENTER SHAFTMECHANICAL MAN3W,,5452.0,3816.4,,,,
C09236.0005,"MECH-SPEED CNTRL MNT-4""CNPY",,11647.0,8152.9,,,,
C09239.005A,DRIVE TRAIN ACCY MECH MANUAL 3W,,728.0,509.6,,,,
C09241.0000,BEARING FAFNIR W208PPB23,,472.0,330.4,,,,
C09242.0000,FLANGETTE FAFNIR RR1 1/2,,28.6,20.02,,,,
C09244.0001,ENCODER DISK (AL. SHEET .125),,540.0,378.0,,,,
C09246.0002,CNTRSHFT MAN REVOLVER,,593.0,415.1,,,,
C09246.0004,MAN REV SHAFT EXTMECHANICAL,,665.0,465.5,,,,
C09246.0007,CNTRSHFTMAN RVLVR W/MAG B.O.,,490.0,343.0,,,,
C09246.0008,THREADED SHAFT EXT. MANUAL REVOLVER,,273.0,191.1,,,,
C09248.0000,LOCKWASHER 1/2 SLPT RING,,1.7,1.19,,,,
C09249.0000,BRAKE SUPPORT MNT BKT (STL PLATE-0.25),,39.7,27.79,,,,
C09250.0001,BRACKET-CORNER (STL PLATE-0.188),,39.4,27.58,,,,
C09255.0002,MOUNT BAR,,93.4,65.38,,,,
C09255.0003,MOUNT INTERFACE BRACKET,,34.9,24.43,,,,
C09259.0002,FRONT HOLDER FOR MANUAL REVOLVER,,34.7,24.29,,,,
C09259.0003,STEEL PLATE BRACKET FOR MANUAL REVOLVER,,26.0,18.2,,,,
C09263.0000,BOLT 1/2-13X1 BUTTON HSCS,,2.4,1.68,,,,
C09265.0000,WASHER BEV 3/8 ID STRU CH,,1.3,0.91,,,,
C09266.0001,BRAKE SETTING COLLAR,,41.8,29.26,,,,
C09273.001A,SPIDER TOP 3W (MACH) CLEAR,,2377.0,1663.9,,,,
C09274.000A,SPIDER TOP 4W MANUAL CLR,,4434.0,3103.8,,,,
C09274.000B,SPIDER TOP 4W MANUAL BNZ,,4434.0,3103.8,,,,
C09275.002A,CNTR SHAFT-3W-NON BO-9500-ASSY,,3619.0,2533.3,,,,
C09275.002B,CNTR SHAFT-3W-NON BO-9500-ASSY,,3619.0,2533.3,,,,
C09281.0000,C10-1.5 HH TRIM BRUSH ONLY BR-412387,,25.4,17.78,,,,
C09282.0000,C10-2.5 HH TRIM BRUSH ONLY BR-412388,,33.4,23.38,,,,
C09288.000A,CENTER HATCH ROUND REVOLVER (AL. SHEET .125),,87.2,61.04,,,,
C09288.000B,CENTER HATCH ROUND REVOLVER,,87.2,61.04,,,,
C09294.0000,"BRACKETSPLICE FOR 4"" CANOPY",,42.8,29.96,,,,
C09301.000A,"TRIM RING 6.25"" CEILING LIGHT (AL. SHEET .063)",,19.2,13.44,,,,
C09309.001L,"PIVOT SUPPORT.RAIL.HARDWARE.4"".ALUM..MILL...",,28.6,20.02,,,,
C09309.001R,"SUPPORT, PIVOT ""SO"" 310 MED STILE W/ 4"" BOTTOM RAIL",,28.6,20.02,,,,
C09313.0000,SPACER SHAFT REV,,57.2,40.04,,,,
C09318.0000,CPLG(HUBSHSSSPIDERKEY)EURO 16574451045741657291806993X,,373.0,261.1,,,,
C09318.0001,SPIDERFITS C9318 CPLG-GRAND EURO P/N 01657291,,152.0,106.4,,,,
C09326.0000,PLATE GEAR BOX MNT,,457.0,319.9,,,,
C09330.0000,SUPPORT DISTRIBUTOR PLT (ST. SHEET .1046),,23.8,16.66,,,,
C09333.0000,STUBDORMA TOP,,116.0,81.2,,,,
C09334.002C,COVERCLOSER-TOP (FIN) GRAND,,89.1,62.37,,,,
C09355.0000,SHAFT TOP PIVOT,,87.2,61.04,,,,
C09356.0000,BLOCK TOP PIVOT,,251.0,175.7,,,,
C09364.0001,BUSHING TAPER 119124,,206.0,144.2,,,,
C09368.0000,BOLT 1/2-13X1.5 HHMB,,1.7,1.19,,,,
C09371.0000,BEARING 4 BOLT W/SPEC FITTING F4B SC200 FLANGE W/ SPEC FTNG,,768.0,537.6,,,,
C09372.0001,KEY SQ 1/2 X 1 1/4,,33.6,23.52,,,,
C09373.0001,KITFLEX COUPLING-9000 (FOR FIELD USE ONLY),,4189.0,2932.3,,,,
C09378.0004,ASSY KIT; COLL RING/BRUSH-9600,,9802.0,6861.4,,,,
C09381.0002,ASSYQTR.PT ALUM DISC-GRAND,,333.0,233.1,,,,
C09384.0000,BUSHING - POWER LOCK US TSUBAKI PL 2,,459.0,321.3,,,,
C09385.0000,SNAP RING 5103-200 WALD,,23.8,16.66,,,,
C09388.0000,REED SWITCH GRI 4040-12-W OR GENERAL ELECTRIC 1070-N,,113.0,79.1,,,,
C09388.0001,REED SWTCH 1 1/4 GAP CLSD BRWN SENTROL P/N 1075W#-MBC,,21.0,14.7,,,,
C09388.0003,REED SWTCH DPDT GRI 4545-12-W,,158.0,110.6,,,,
C09390.0000,CLOSER CLR 8540=DORMA BTS-80-3 DORMA BTS 80 W/ # 3 SPRING,,2047.0,1432.9,,,,
C09391.0001,DORMA 7421 CLOSER ARM,,218.0,152.6,,,,
C09391.0002,ARM-BOTTOM-MOD-9300 .,,242.0,169.4,,,,
C09392.0000,INSERTSPINDLE 5/16 74003,,203.0,142.1,,,,
C09394.0000,ARM CLOSER 8530 OR 8831,,203.0,142.1,,,,
C09404.0000,MAGNET 3/8 RECESS 1 IN.GAP GRI P/N PS-M5-W,,31.8,22.26,,,,
C09405.0000,SNAP RING WALDES 5160-200,,11.2,7.84,,,,
C09409.0001,PUSHNUT RETAINER FOR LOCK,,4.8,3.36,,,,
C09410.000Q,ASSYLOCK RECEIVER-GRAND,,129.0,90.3,,,,
C09419.002Q,ASSYLOCK RECV MONIT SW-GRND,,420.0,294.0,,,,
C09419.002S,ASSYLOCK RECV MONIT SW-GRND,,298.0,208.6,,,,
C09423.0000,C04-1.38 QUILL TRIM BRUSH ONLY BR-412394,,8.0,5.6,,,,
C09424.000B,RC 390.B 90 MNT,,9.6,6.72,,,,
C09424.000C,RC 390.B 90 MNT,,9.6,6.72,,,,
C09425.000A,STRAIGHT MOUNT CLEAR,,25.9,18.13,,,,
C09433.000A,STRIKEDUST PROOF-CLEAR CR LAURENCE # AMR209BN,,126.0,88.2,,,,
C09433.000B,STRIKEDUST PROOF- CR LAURENCE # AMR209BR,,125.0,87.5,,,,
C09433.000S,STRIKEDUST PROOF-BRASS CR LAURENCE # AMR209BR,,48.7,34.09,,,,
C09451.0000,WEATHER SEAL TEE VERTICAL,,44.2,30.94,,,,
C09452.0000,WEATHER SEAL TEE TOP R/F,,29.3,20.51,,,,
C09474.0000,PIVOT BAR EURO 4W,,23.8,16.66,,,,
C09482.000A,BRUSH HOLDERRT ANGL FLG-CLR SEALEZE P/N XTD490CLA,,8.0,5.6,,,,
C09482.000B,BRUSH HOLDERRT ANGL FLG-BRZ SEALEZE P/N XTD490DUR,,22.3,15.61,,,,
C09487.001A,"COVER PLATE 9"" CEILING LIGHT GRAND REVOLVER",,204.0,142.8,,,,
C09488.0000,"KIT, DECAL REVOLVER, STANDARD AUTOMATIC",,155.0,108.5,,,,
C09488.0001,"KIT, DECAL REVOLVER, 1-WAY & 1-WAY AIR PORT SECURITY",,168.0,117.6,,,,
C09488.0002,"KIT, DECAL REVOLVER, 2-WAY SECURITY",,139.0,97.3,,,,
C09488.0003,"KIT, DECAL REVOLVER, AUTOMATIC GRAND & MINI-GRAND",,126.0,88.2,,,,
C09492.0000,ASSYBALL CATCH-MEDIUM DUTY,,63.7,44.59,,,,
C09500.0000,ASSYSHAFT CPL. FLG-TOP GRND,,2075.0,1452.5,,,,
C09522.000A,ASSY -NON LOCKING STRIKE,,122.0,85.4,,,,
C09522.000B,ASSY -NON LOCKING STRIKE,,139.0,97.3,,,,
C09525.0000,BRACKET HEAD TO JAMB,,14.3,10.01,,,,
C09527.001A,BREAKAWAY STOP ASSY,,1011.0,707.7,,,,
C09527.001B,BREAKAWAY STOP ASSY,,1011.0,707.7,,,,
C09529.0000,FHSMS#10X1 3/4 T-A CROSSPL,,1.7,1.19,,,,
C09535.0000,TP PVT DR PORTION ASSY,,90.9,63.63,,,,
C09540.0000,PIVOT-TOP-9000,EA,46.0,32.2,,,,
C09541.0000,BOTTOM PIVOT DOOR ASSY,EA,72.7,50.89,,,,
C09541.0001,BOT PIVOT-DR PORTION-TOP LOAD,EA,126.0,88.2,,,,
C09542.0000,BRKT-PIVOT-TOP-9000,EA,34.0,23.8,,,,
C09543.0000,BOLT 5/16X1SCS BLK UBRAKO,EA,0.5,0.35,,,,
C09558.0000,BEARING (IAW DWG C09558.0000),EA,30.8,21.56,,,,
C09581.0002,PIVOT-BOTTOM-DOOR-CAST-9000,EA,90.3,63.21,,,,
C09590.001A,HSG-LOCK-LG CLR,EA,200.0,140.0,,,,
C09596.002Q,ASSY-SURF-LOCK-SQUARE- REVOLVERS,EA,1981.0,1386.7,,,,
C09597.000A,SURF LOCK(VR) CLR ASSY,EA,926.0,648.2,,,,
C09597.000B,SURF LOCK(VR) BZ ASSY,EA,926.0,648.2,,,,
C09597.000P,SURF LOCK(VR) #4 SS ASSY,EA,1510.0,1057.0,,,,
C09597.000Q,SURF LOCK(VR) #7 SS ASSY,EA,1188.0,831.6,,,,
C09597.000S,SURF LOCK(VR) #7 MUNTZ ASSY,EA,618.0,432.6,,,,
C09601.0000,BOOT REVOLVING WIRING,EA,54.0,37.8,,,,
C09603.0000,"GASKETPUSHIN VINYL-7/16""GLASS YKK P/N E2-0171",LF,5.3,3.71,,,,
C09604.0000,BOLT M10-1.5X20 HWHMB,EA,4.8,3.36,,,,
C09610.001A,ASSY BUMPER,EA,57.2,40.04,,,,
C09610.001C,BUMPER ASSY-BLACK,EA,50.7,35.49,,,,
C09610.002B,BUMPER ASSYMANDISK BOOKFOLD,EA,60.2,42.14,,,,
C09621.000A,ASSEMBLY CEILING 204R1 ANODIZE,EA,18803.0,13162.1,,,,
C09621.000B,ASSEMBLY CEILING 313R1 ANODIZE,EA,19858.0,13900.6,,,,
C09621.000G,ASSEMBLY CEILING SPECIAL FINISH PAINT OR ANODIZE,EA,24000.0,16800.0,,,,
C09621.000P,ASSEMBLY CEILING #4 SS BRUSH,EA,21952.0,15366.4,,,,
C09622.0000,COUPLING-CENTERSHAFT-9000-ASSY,EA,314.0,219.8,,,,
C09623.002A,ASSY -3W CENTER SHAFT B/O,EA,5950.0,4165.0,,,,
C09624.002A,ASSY -4W CENTER SHAFT B/O,EA,6438.0,4506.6,,,,
C09624.002B,ASSY -4W CENTER SHAFT B/O,EA,6533.0,4573.1,,,,
C09628.000A,ENDCAP CANOPY VERT CLR ASSY,EA,22.3,15.61,,,,
C09630.0000,WEATHERSEALSTRIKE RAIL 8' IAW DWG C09630.0000,EA,221.0,154.7,,,,
C09630.000X,"WEATHERSTRIP, STRIKE RAIL SEGMENTED FOR REVOLVERS UP TO 10' CLG HEIG",EA,466.0,326.2,,,,
C09630.0RND,ASSYWEATHERSTRIPPING-ROUND,EA,390.0,273.0,,,,
C09630.0SEG,ASSYWEATHERSTRIPPING-SEG,EA,383.0,268.1,,,,
C09630.RNDX,ASSYWEATHERSTRIPPING-ROUND DOORS OVER 8' TALL,EA,395.0,276.5,,,,
C09630.SEGX,ASSYWEATHERSTRIPPING-SEG-DOORS OVER 8' TALL,EA,450.0,315.0,,,,
C09636.0001,QUARTERPOINT INDICATOR ASSY,EA,49.8,34.86,,,,
C09641.0000,ACC PKG FOR INSTALLATION ASSY,EA,132.0,92.4,,,,
C09649.0000,BALL CATCH ASSY,EA,50.7,35.49,,,,
C09650.002A,ASSY CARRIER ARM-3W STD B.O. ANSI (REF DWG 9.0248D),EA,667.0,466.9,,,,
C09651.0000,BOLT 3/8-16X1 1/2 FHSCS,EA,1.7,1.19,,,,
C09654.0000,WASHER 3/8 SAE,EA,1.7,1.19,,,,
C09655.0000,NUT 3/8-16 HEX PLT,EA,1.7,1.19,,,,
C09656.0000,BOLT 3/8-16X1 1/4 HH PLT,EA,1.7,1.19,,,,
C09659.0000,"PIN SPRING SLOTTED 1/4"" X 1-1/2"" 1050-1095 STEEL",EA,3.3,2.31,,,,
C09661.0000,SCREW #14X 2-1/2 FHSMS SS,EA,3.3,2.31,,,,
C09664.0000,BOLT M12X20 HH (METRIC),EA,6.4,4.48,,,,
C09665.0000,BEARING (IAW DWG C09665.0000),EA,99.7,69.79,,,,
C09666.0000,BOLT 10-24X 1/2 SCS,EA,1.7,1.19,,,,
C09670.0002,"PO2-8-2 95 3/4"" SWITCH-SAFETY-DRUM EDGE",EA,1978.0,1384.6,,,,
C09670.0003,"PO2-8-3 AT 83 11/16"" SWITCH-SAFETY-DRUM EDGE",EA,1521.0,1064.7,,,,
C09672.002C,SPIDER-BTTM 3-WING,EA,1084.0,758.8,,,,
C09672.004C,ASSYSPIDER BOTTOM 3 WING,EA,1053.0,737.1,,,,
C09673.001A,SPIDER 3W TOP CLR,EA,2448.0,1713.6,,,,
C09675.002C,SPIDER-BTTM 4-WING,EA,1314.0,919.8,,,,
C09675.004C,ASSYSPIDER BOTTOM 4 WING,EA,810.0,567.0,,,,
C09676.0000,PIVOT BTM POST-MILL,EA,41.2,28.84,,,,
C09676.001C,BOTTOM PIVOT POST,EA,88.2,61.74,,,,
C09677.0001,SHIM BOTTOM PIVOT,EA,52.3,36.61,,,,
C09677.001C,BOTTOM PIVOT SHIM,EA,331.0,231.7,,,,
C09678.0001,KEY SQ 3/8 X 1 1/4,EA,3.6,2.52,,,,
C09678.0002,"KEYGEAR DRIVE 3/8X5/16X2.88""",EA,21.2,14.84,,,,
C09679.0001,FELT RING WEATHER SEAL,EA,15.9,11.13,,,,
C09679.0002,FELT RING WEATHER SEAL,EA,17.5,12.25,,,,
C09680.0002,QUARTER POINT DISK (AL. SHEET .125),EA,74.8,52.36,,,,
C09681.0004,QUARTERPOINT ADAPTER,EA,36.6,25.62,,,,
C09683.0004,CASTINGBRKT QTR PNT INDICATOR,EA,19.1,13.37,,,,
C09688.0000,SETTING BLC SB575 NEOPREM,EA,1.4,0.98,,,,
C09689.0000,BKT-SW MTG-9000,EA,54.0,37.8,,,,
C09689.0007,BRACKETSWITCH-QTR.PT-GRAND (AL. SHEET .125),EA,18.8,13.16,,,,
C09689.0008,BRACKETSWITCH-QTR.PT AUTO/SEC REVOLVERS (AL. SHEET .125),EA,54.0,37.8,,,,
C09690.0000,BKT-SW MT-PROXIMITY-9000,EA,31.8,22.26,,,,
C09698.0000,SUPPORT-GEAR DRIVE-9300,EA,535.0,374.5,,,,
C09698.0004,SUPPORT-GEAR DRIVE-S9300,EA,473.0,331.1,,,,
C09700.0050,BUTTON HEAD SNAP,EA,3.3,2.31,,,,
C09701.0000,SPRINGSHAFT EXTENSION .85OD 3.5L .062WIRE PN06813067,EA,34.9,24.43,,,,
C09702.0000,DOWEL PIN 1/4X2 1/2 RC60 HARDNESS STEEL MFG PN 06024251,EA,9.6,6.72,,,,
C09703.0000,SPEED CONTROL OVERHEAD (SET TO 10 RPM),EA,8237.0,5765.9,,,,
C09703.00KT,ACC FOR ALTERNATE SPEED CONTROL,EA,405.0,283.5,,,,
C09710.0002,KITCEILING LIGHT-STANDARD,EA,777.0,543.9,,,,
C09710.0005,ASSYCEILING LIGHT-STANDARD,EA,718.0,502.6,,,,
C09713.0004,BULBFLUORESCENT 13W 2 PIN GRAINGER # 6V712,EA,38.6,27.02,,,,
C09714.0001,FIXTURE RETAINING BKT,EA,74.8,52.36,,,,
C09722.0001,KEY STUB SHAFT 9600,EA,4.6,3.22,,,,
C09723.0000,ADP- SHAFT/COUPLER-9000,EA,163.0,114.1,,,,
C09725.0006,ASSYSHAFT GEAR DRIVE 9300,EA,357.0,249.9,,,,
C09726.0001,ARM UPPER NONBREAKOUT,EA,408.0,285.6,,,,
C09727.0000,ARM-LWR-NOT B/O-9000,EA,395.0,276.5,,,,
C09731.001A,BRKT-BALL CATCH-3W - 9000,EA,107.0,74.9,,,,
C09732.0000,PIVOT TOP POST,EA,61.9,43.33,,,,
C09732.0001,PIVOT TOP POST,EA,49.3,34.51,,,,
C09733.0000,PIVOT BOTTOM POST,EA,51.9,36.33,,,,
C09735.0000,PIVOT-BOTTOM-DOOR-9000 3W,EA,112.0,78.4,,,,
C09735.0001,PIVOT BOT DOOR ASSY 900-3W,EA,150.0,105.0,,,,
C09736.0001,BKT MTG FOR W/S RETAINER,EA,31.8,22.26,,,,
C09737.001A,RETAINER STRIKE RAIL W/S-CLR,EA,30.2,21.14,,,,
C09744.0005,PIVOT TOP DR PORTION MED MACH,EA,90.9,63.63,,,,
C09744.0007,ASSYPIVOT-TOP DOOR 310 ELEGANT SO PANEL,EA,111.0,77.7,,,,
C09746.0000,SHIM-BOT PIVOT-MED STILE-9000,EA,93.4,65.38,,,,
C09752.0001,SWITCH MOUNTING PLATE FOR 9150,EA,147.0,102.9,,,,
C09753.0001,ACCYENTRY GUARD W/ WIRE AURO GRAND REVOLVERS,EA,827.0,578.9,,,,
C09753.0002,ACCYENTRY GUARD CROP SEG USES C01703.0001,EA,1850.0,1295.0,,,,
C09753.0003,"ASSEMBLY, SENSOR BIRCHER SPOTSCAN FOR AUTOMATIC REVOLVING DOORS",EA,1624.0,1136.8,,,,
C09760.0000,BUSHING 35566 FB610-4 BUNTING BEARING FFB610-4,EA,9.6,6.72,,,,
C09762.0001,BLOCK-BALL CATCH-9000,EA,359.0,251.3,,,,
C09766.001A,BRKT-BALL CATCH-9000,EA,113.0,79.1,,,,
C09775.0000,WEATHERSTRIP BOTTOM1.65 LONG .09 THICK36 WIDE X .1THICK T,LF,14.3,10.01,,,,
C09777.0001,CATCH - BALL - 4W BOOKFOLD REVOLVERS,,371.0,259.7,,,,
C09778.001A,HOOK - BALLCATCH - 4W - 9300,,424.0,296.8,,,,
C09780.0002,SPACERBTTM-ANSI BKFLD ARM,,769.0,538.3,,,,
C09783.0000,PIVOT UPPER BKFLD,,33.3,23.31,,,,
C09784.0000,PIVOT LONG BKFOLD,,14.3,10.01,,,,
C09784.0001,PIVOTBOOKFOLD BOTTOM,,58.8,41.16,,,,
C09786.003A,FILLER BOTTOM BKFLD REVOLVER,,30.2,21.14,,,,
C09786.003B,FILLER BOTTOM BKFLD REVOLVER,,27.0,18.9,,,,
C09789.004A,FILLER TOP BKFLD REVOLVER,,36.6,25.62,,,,
C09789.004B,FILLER TOP BKFLD REVOLVER,,36.6,25.62,,,,
C09790.0000,REVOLVER MAT AS SPECIFIED SPECIAL ORDER ONLY,,2088.0,1461.6,,,,
C09793.0000,RFN 7012-IN 1.5,,490.0,343.0,,,,
C09794.000A,SPIDER TOP 4W MAG BO,,2900.0,2030.0,,,,
C09794.000B,SPIDER TOP 4W MAG BO,,2900.0,2030.0,,,,
C09794.000Q,SPIDER TOP 4W MAG B/O,,3057.0,2139.9,,,,
C09794.001A,SPIDERTOP 4W MAG B/O (ANSI),,2753.0,1927.1,,,,
C09794.001B,SPIDERTOP 4W MAG B/O (ANSI),,2753.0,1927.1,,,,
C09796.0000,BOLT 3/8-16X2 1/2 SCS SS,,6.4,4.48,,,,
C09796.000A,SCS3/8-16X2.5GR8 PL,,6.4,4.48,,,,
C09797.000C,"SPIDER, BOTTOM 4W FIXED BLACK",,614.0,429.8,,,,
C09798.0003,PINSPRING 5/32 DIA X 7/8 PL,,1.7,1.19,,,,
C09855.0000,MEMORY EEPROM 2732A-35 M2732A2F1,,413.0,289.1,,,,
C09872.0001,SPACER WALDON 60605,,1.7,1.19,,,,
C09879.0000,CAM SWITCH,,72.8,50.96,,,,
C09881.0000,BRUSH ASSY 2 RING 1 3/4 H,,871.0,609.7,,,,
C09883.0000,COLLECTOR RING-9600 GRAND,,8983.0,6288.1,,,,
C09883.0001,ASSYCOIL.RING W/CONNS-GRAND,,10963.0,7674.1,,,,
C09885.0000,"SWITCH, ROCKER SPDT 6A 2-POSITION",,47.2,33.04,,,,
C09889.0004,MAG LOCK MINI SHEAR LOCK ROFU PN 8035-0,,2545.0,1781.5,,,,
C09889.0006,PLATESTRIKE MAG LOCK PART OF C09889.0004,,177.0,123.9,,,,
C09889.0007,ASSY MAGLOCK,,2457.0,1719.9,,,,
C09891.0000,COLLECTOR RING ASSY,,413.0,289.1,,,,
C09896.0000,MOUNT-BRUSH ASSY-9000,,36.6,25.62,,,,
C09898.0000,FLANGE-COUPLING DODGE 010605 PX-90TL2517 FLANGE ASSY,,1760.0,1232.0,,,,
C09900.0004,"BUSHING2"" TAPERED BORE 2012 PART OF C09900.0000 CPLG ASSY",,149.0,104.3,,,,
C09910.0000,BRAKE WARNER EM 100 20 90V WARNER P/N 5370-169-041,,5034.0,3523.8,,,,
C09910.0001,NO LONGER IN USE ELECTRIC BRAKE 90VDC 34LB-FT DODGE #028-920,,5547.0,3882.9,,,,
C09923.0002,MOTOR DRIVE BD CARSON ED1272,,763.0,534.1,,,,
C09937.0000,SCREW #4-40 X 1/2 FHMS,,1.7,1.19,,,,
C09948.0000,CIR BRK ETA 45-700-IG1-P10-DD,,96.5,67.55,,,,
C09950.0000,MICRO PROCESSOR CARD,,2635.0,1844.5,,,,
C09951.0001,ASSY-1 WAY INPUT CARD S9100 CARSON ED1274,,5356.0,3749.2,,,,
C09953.0001,OUTPUT CARD CARSON ED1276,,540.0,378.0,,,,
C09954.0001,MISC FUNCTION CARD CARSON ED1277,,953.0,667.1,,,,
C09957.0000,SCREW-SPINDLE FOR 74003 DORMA,,31.8,22.26,,,,
C09979.0001,CK W/ ENGINEERING BEFORE ORDER CARSON P/N ED1345,,740.0,518.0,,,,
C09980.0000,SPEAKER REVOLVER SB-200(ALTEX) - 1 PAIR,,200.0,140.0,,,,
C09981.0000,PROXIMITY SENSOR0 P F # NBN-4-12GM40-Z0,,519.0,363.3,,,,
C09981.0001,ASSYPROX SW QTR PT-AUTO RELVR,,521.0,364.7,,,,
C09982.0000,LED BICOLOR L57EGW CMD5491A,,44.4,31.08,,,,
C09991.0004,BLOCKMTNG-PROX SENSOR AUTO/SEC REVOLVERS,,10.4,7.28,,,,
C09992.0003,SWITCH ASSYPROXIMITY QUARTER POINT,,172.0,120.4,,,,
C09995.0006,9200 CARDREADER MOUNT-SEG,,167.0,116.9,,,,
C09996.0000,ENDCAP FOR S9000 CARDREADER MOUNT SEGMENTED DOOR,EA,22.3,15.61,,,,
C09996.001C,ENDCAP MNT ANGLE-ROUND,EA,111.0,77.7,,,,
C09997.0002,CARD READER MOUNT SEGMENTED,EA,675.0,472.5,,,,
C09997.0004,CARD READER STATUS SEG,EA,599.0,419.3,,,,
C09997.0005,CARD READER STATUS RND,EA,614.0,429.8,,,,
C10011.0000,STRIKE AND STOP FBO ICU (ST. SHEET .109),EA,17.2,12.04,,,,
C10015.0000,BOTTOM GUIDE SX PIVOT RAIL FULL BREAKOUT,EA,81.6,57.12,,,,
C10037.0000,UPS TRIPPLITE INTERNET350U,EA,566.0,396.2,,,,
C10038.0000,KIT; BATTERY BACKUP,EA,957.0,669.9,,,,
C10038.0001,"BBU INSTALL KIT (2001, 2003, 4000) WITHOUT RETAIL PKG",EA,413.0,289.1,,,,
C10041.0000,BRACKETBBU MOUNT (GL. SHEET .0635),EA,57.2,40.04,,,,
C10042.0000,ASSEMBLY;POWER CORD,EA,108.0,75.6,,,,
C10043.0000,"TERMINAL STRIP - SHEATHED 5/16"" 20A, 12-22AWG - 3/COND",EA,9.6,6.72,,,,
C10057.000P,SHROUD; STAINLESS STEEL 2001/2003 HEADER COVER 6X6X45,LF,321.0,224.7,,,,
C10057.001P,SHROUD; STAINLESS STEEL 2001/2003 HEADER COVER 4X4X45,LF,143.0,100.1,,,,
C10072.0000,MAGNET 7/8OD 1/8 THK#8 CS KJ MAGNETICS PN RE22CS-P,EA,44.4,31.08,,,,
C10089.0000,PICKIT 3 ELECTRONIC MICROCHIP PROGRAMMER,EA,426.0,298.2,,,,
C10089.00PR,PROGRAMMER.PICKIT 3.C5190.CONTROL LATEST VERSION,EA,125.0,87.5,,,,
C10089.00SC,PROGRAMMER.PICKIT 3.C5191.CONTROL LATEST VERSION,EA,125.0,87.5,,,,
C10097.000A,"SEAL, STC PERIMETER, 96"" MINIMUM LENGTH",LF,195.0,136.5,,,,
C10097.000B,"SEAL, STC PERIMETER",LF,195.0,136.5,,,,
C10098.0000,TAPE DOUBLE SIDED CIRCLE,EA,1.8,1.26,,,,
C10109.001A,"SEAL, PEMKO 314_N REPLACEMENT RUBBER ONLY CLR",LF,23.8,16.66,,,,
C10109.001B,"SEAL, PEMKO 314_N REPLACEMENT RUBBER BRZ",LF,23.8,16.66,,,,
C10165.0000,BOTTOM GUIDE PIN 310T UHMW,EA,23.8,16.66,,,,C10165
C10165.0001,"PIN, PIVOT PLATE 310T ICU MODIFIED",EA,76.1,53.27,,,,
C10182.000A,ALUM EXTRUSION ALUM JAMB FILLER 1/2 IN CHRIST ORTHO - CLEAR 288 IN,LF,11.2,7.84,,,,
C10183.000A,ALUM EXTRUSION JAMB 4 X 1 3/4 ALM 1/2 IN GLASS CLEAR CHRIST ORTHO - C,LF,77.9,54.53,,,,
C10218.0000,BUMPER; SX PANEL DOOR STOP,EA,4.4,3.08,,,,
C10227.0000,ICU MAX STROKE BREAKOUT PIVOT PLATE ASSEMBLY,EA,92.1,64.47,,,,
C10233.0000,SX-PANEL PIVOT ASSEMBLY,EA,92.1,64.47,,,,
C10462.0006,FB CONSTANT LATCH W/O LEVER OR FACEPLATE,EA,308.0,215.6,,,,
C10462.0007,FB CONSTANT LATCH W/O LEVER W/FACEPLATE & SCREWS,EA,271.0,189.7,,,,
C10462.0008,"ASSEMBLY; CONSTANT LATCH SO PANEL, ICU TELE MAX",EA,399.0,279.3,,,,
C10552.0000,SHIM; JACK SCREW,EA,15.9,11.13,,,,
C10693.0000,ELECTRIC STRIKE PC BOARD MOUNTING ASSEMBLY,EA,573.0,401.1,,,,
C10865.AM0A,ANTIMICROBIAL LEVER HANDLE SO BREAKOUT,EA,436.0,305.2,,,,
C10866.AM0A,ANTIMICROBIAL LEVER HANDLE HOUSING SO BREAKOUT,EA,125.0,87.5,,,,
C10890.0000,"CABLE, CAT 5, 6FT ELECTRIC STRIKE ICU",EA,434.0,303.8,,,,
C10892.0000,ELECTRIC STRIKE JAMB ASSEMBLY ICU SX-SX-SO,EA,1108.0,775.6,,,,
C11001.00FR,DECAL TO ACTIVATE-PUSH/PULL (FRENCH),EA,19.1,13.37,,,,
C12079.0000,HEX HEAD NYLON BOLT: 1/4-20 X 1/2,EA,1.5,1.05,,,,
C12158.0000,NAMEPLATE HORTON,EA,4.8,3.36,,,,
C12170.0000,"SHEET, BULLET RESISTANT KEVLAR 4 X 8 X 1/2""",SF,105.0,73.5,,,,
C12945.0000,SHEET ALUM .25X4'X4' MILL,SF,167.0,116.9,,,,
C14039.LHA,"ASSYS4 HEADER LH 39"" CLR",EA,432.0,302.4,,,,
C14039.LHB,"ASSYS4 HEADER LH 39"" BRZ",EA,432.0,302.4,,,,
C14039.RHA,"ASSYS4 HEADER RH 39"" CLR",EA,432.0,302.4,,,,
C14039.RHB,"ASSYS4 HEADER RH 39"" BRZ",EA,432.0,302.4,,,,
C14051.LHA,"ASSYS4 HEADER LH 51"" CLR",EA,547.0,382.9,,,,
C14051.LHB,"ASSYS4 HEADER LH 51"" BRZ",EA,547.0,382.9,,,,
C14051.RHA,"ASSYS4 HEADER RH 51"" CLR",EA,547.0,382.9,,,,
C14051.RHB,"ASSYS4 HEADER RH 51"" BRZ",EA,547.0,382.9,,,,
C14075.LHRHA,"ASSYS4 HEADER LH-RH 75"" CLR",,893.0,625.1,,,,
C14075.LHRHB,"ASSYS4 HEADER LH-RH 75"" BRZ",,893.0,625.1,,,,
C14091.LHRHA,"ASSYS4 HEADER LH-RH 91"" CLR",,1014.0,709.8,,,,
C14095.LHRHA,"ASSYS4 HEADER LH-RH 95"" CLR",,1039.0,727.3,,,,
C14099.LHRHA,"ASSYS4 HEADER LH-RH 99"" CLR",,1073.0,751.1,,,,
C14099.LHRHB,"ASSYS4 HEADER LH-RH 99"" BRZ",,1073.0,751.1,,,,
C14139.1LHA,"ASSY;S4 HDR/OPR LH 39"" CLR W/ C5190",,3210.0,2247.0,,,,
C14139.1LHB,"ASSY;S4 HDR/OPR LH 39"" BNZ W/ C5190",,3210.0,2247.0,,,,
C14139.1LHRA,"ASSY;S4 HDR/OPR LHR 39"" CLR W/ C5190",,3210.0,2247.0,,,,
C14139.1LHRB,"ASSY;S4 HDR/OPR LHR 39"" BNZ W/ C5190",,3210.0,2247.0,,,,
C14139.1RHA,"ASSY;S4 HDR/OPR RH 39"" CLR W/ C5190",,3210.0,2247.0,,,,
C14139.1RHB,"ASSY;S4 HDR/OPR RH 39"" BNZ W/ C5190",,3210.0,2247.0,,,,
C14139.1RHRA,"ASSY;S4 HDR/OPR RHR 39"" CLR W/ C5190",,3210.0,2247.0,,,,
C14139.1RHRB,"ASSY;S4 HDR/OPR RHR 39"" BNZ W/ C5190",,3210.0,2247.0,,,,
C14139.LHA,"ASSYS4 HDR/OPR LH 39"" CLR",,3210.0,2247.0,,,,
C14139.LHB,"ASSYS4 HDR/OPR LH 39"" BRZ",,3210.0,2247.0,,,,
C14139.LHRA,"ASSYS4 HDR/OPR LHR 39"" CLR",,3210.0,2247.0,,,,
C14139.LHRB,"ASSYS4 HDR/OPR LHR 39"" BRZ",,3210.0,2247.0,,,,
C14139.RHA,"ASSYS4 HDR/OPR RH 39"" CLR",,3210.0,2247.0,,,,
C14139.RHB,"ASSYS4 HDR/OPR RH 39"" BRZ",,3210.0,2247.0,,,,
C14139.RHRA,"ASSYS4 HDR/OPR RHR 39"" CLR",,3210.0,2247.0,,,,
C14139.RHRB,"ASSYS4 HDR/OPR RHR 39"" BRZ",,3210.0,2247.0,,,,
C14151.1LHA,"ASSY;S4 HDR/OPR LH 51"" CLR W/C5190",,3282.0,2297.4,,,,
C14151.1LHB,"ASSY;S4 HDR/OPR LH 51"" BNZ W/C5190",,3282.0,2297.4,,,,
C14151.1LHRA,"ASSY;S4 HDR/OPR LHR 51"" CLR W/C5190",,3282.0,2297.4,,,,
C14151.1LHRB,"ASSY;S4 HDR/OPR LHR 51"" BNZ W/C5190",,3282.0,2297.4,,,,
C14151.1RHA,"ASSY;S4 HDR/OPR RH 51"" CLR W/C5190",,3282.0,2297.4,,,,
C14151.1RHB,"ASSY;S4 HDR/OPR RH 51"" BNZ W/C5190",,3282.0,2297.4,,,,
C14151.1RHRA,"ASSY;S4 HDR/OPR RHR 51"" CLR W/C5190",,3282.0,2297.4,,,,
C14151.1RHRB,"ASSY;S4 HDR/OPR RHR 51"" BRZ W/C5190",,3282.0,2297.4,,,,
C14151.LHA,"ASSYS4 HDR/OPR LH 51"" CLR",,3282.0,2297.4,,,,
C14151.LHB,"ASSYS4 HDR/OPR LH 51"" BRZ",,3282.0,2297.4,,,,
C14151.LHRA,"ASSYS4 HDR/OPR LHR 51"" CLR",,3282.0,2297.4,,,,
C14151.LHRB,"ASSYS4 HDR/OPR LHR 51"" BRZ",,3282.0,2297.4,,,,
C14151.RHA,"ASSYS4 HDR/OPR RH 51"" CLR",,3282.0,2297.4,,,,
C14151.RHB,"ASSYS4 HDR/OPR RH 51"" BRZ",,3282.0,2297.4,,,,
C14151.RHRA,"ASSYS4 HDR/OPR RHR 51"" CLR",,3282.0,2297.4,,,,
C14151.RHRB,"ASSYS4 HDR/OPR RHR 51"" BRZ",,3282.0,2297.4,,,,
C14175.1LHRRHRA,"ASSY;S4 HDR/OPR LHR-RHR 75""CLR W/C5190",,6649.0,4654.3,,,,
C14175.1LHRRHRB,"ASSY;S4 HDR/OPR LHR-RHR 75""BNZ W/C5190",,6649.0,4654.3,,,,
C14175.LHRRHRA,"ASSYS4 HDR/OPR LHR-RHR 75""CLR",,6649.0,4654.3,,,,
C14175.LHRRHRB,"ASSYS4 HDR/OPR LHR-RHR 75""BRZ",,6649.0,4654.3,,,,
C14187.LHRRHRA,"ASSYS4 HDR/OPR LHR-RHR 87""CLR",,6649.0,4654.3,,,,
C14187.LHRRHRB,"ASSYS4 HDR/OPR LHR-RHR 87""BRZ",,6649.0,4654.3,,,,
C14191.1LHRRHA,"ASSY;S4 HDR/OPR LHR-RH 91""CLR W/C5190",,6693.0,4685.1,,,,
C14191.1LHRRHB,"ASSY;S4 HDR/OPR LHR-RH 91""BNZ W/C5190",,6693.0,4685.1,,,,
C14191.LHRRHA,"ASSYS4 HDR/OPR LHR-RH 91""CLR",,6693.0,4685.1,,,,
C14191.LHRRHB,"ASSYS4 HDR/OPR LHR-RH 91""BRZ",,6693.0,4685.1,,,,
C14191.LHRRHRA,"ASSYS4 HDR/OPR LHR-RHR 91""CLR",,6693.0,4685.1,,,,
C14191.LHRRHRB,"ASSYS4 HDR/OPR LHR-RHR 91""BRZ",,6693.0,4685.1,,,,
C14195.1LHRRHA,"ASSY;S4 HDR/OPR LHR-RH 95""CLR W/C5190",,6693.0,4685.1,,,,
C14195.1LHRRHB,"ASSY;S4 HDR/OPR LHR-RH 95""BNZ W/C5190",,6693.0,4685.1,,,,
C14195.1LHRRHRA,"ASSY;S4 HDR/OPR LHR-RHR 95""CLR W/C5190",,6693.0,4685.1,,,,
C14195.1LHRRHRB,"ASSY;S4 HDR/OPR LHR-RHR 95""BNZ W/C5190",EA,6693.0,4685.1,,,,
C14195.LHRRHA,"ASSYS4 HDR/OPR LHR-RH 95""CLR",EA,6693.0,4685.1,,,,
C14195.LHRRHB,"ASSYS4 HDR/OPR LHR-RH 95""BRZ",EA,6693.0,4685.1,,,,
C14195.LHRRHRA,"ASSYS4 HDR/OPR LHR-RHR 95""CLR",EA,6693.0,4685.1,,,,
C14195.LHRRHRB,"ASSYS4 HDR/OPR LHR-RHR 95""BRZ",EA,6693.0,4685.1,,,,
C14199.1LHRRHRA,"ASSY;S4 HDR/OPR LHR-RHR 99""CLR W/C5190",EA,6693.0,4685.1,,,,
C14199.1LHRRHRB,"ASSY;S4 HDR/OPR LHR-RHR 99""BNZ W/C5190",EA,6693.0,4685.1,,,,
C14199.LHRRHRA,"ASSYS4 HDR/OPR LHR-RHR 99""CLR",EA,6693.0,4685.1,,,,
C14199.LHRRHRB,"ASSYS4 HDR/OPR LHR-RHR 99""BRZ",EA,6693.0,4685.1,,,,
C14202.001A,"EXTRUSION, FRAME FOR DOORS 204R1 - CLEAR ANODIZE 288 IN",LF,14.9,10.43,,,,
C14216.0002,RETRACTOR: NK (MODEL #PS-04A) FLEX BARN,EA,233.0,163.1,,,,
C14219.0000,CL100 LEVER ONLY - CL100B5050 FOR BARN DOORSN DOORS,EA,970.0,679.0,,,,
C14221.0000,CL100 LEVER – KEY/TURN - CL100A7010 FOR BARN DOORS,EA,1375.0,962.5,,,,
C14222.0000,CL100 LEVER – KEY ONE SIDE - CL100A7004 FOR BARN DOORS,EA,1142.0,799.4,,,,
C14223.0000,CL100 ADA LEVER – TURN/KEY - CL100A7050 FOR BARN DOORS,EA,1334.0,933.8,,,,
C14233.0000,"PLATE, MOUNTING M6/M8 BY CAVITY SLIDERS USED ON BARN DOORS",EA,23.8,16.66,,,,
C14234.0000,"PLATE, MOUNTING W/STOP M6/M8 BY CAVITY SLIDERS USED ON BARN DOORS",EA,53.1,37.17,,,,
C14235.0000,"STOP, TRACK BY CAVTIY SLIDERS USED ON BARN DOORS",EA,29.7,20.79,,,,
C14236.0000,"ACTIVATOR, SOFSTOP BY CAVITY SLIDERS USED ON BARN DOORS",EA,14.9,10.43,,,,
C14242.0000,"KIT, SOFSTOP SINGLE ACTION(176-264LB) WITH 1 STOP BY CAVITY SLIDERS USE",EA,719.0,503.3,,,,
C14243.0000,"KIT, SOFSTOP TWIN DOUBLE A",E A,579.0,405.3,,,,
C14246.0000,"KIT, SOFSTOP DOUBLE ACTION W/JOCKEY WHEEL(0-176LB) BY CAVITY SLIDERS",EA,335.0,234.5,,,,
C14249.0002,BRACKET; NK RETRACTOR FLEX BARN,EA,18.4,12.88,,,,
C14255.0000,ACCY'S FRAME FOR SINGLE PACKAGE BARN DOORS,EA,265.0,185.5,,,,
C14256.0000,"KIT, BOTTOM DOOR GUIDE WITH BRACKET AND GUIDE PIN BARN DOORS",EA,31.8,22.26,,,,
C14271.0000,"FLEXBARN DOOR HANDLE 16"" O.A ROCKWOOD P/N RM3301 US32D CTC 14""",EA,1005.0,703.5,,,,
C14272.36LH,"FLEXBARN, PLANET SN DROP SEAL SN-RD-A-914.4LH (36"" LENGTH) LEFT HAND",EA,495.0,346.5,,,,
C14272.36RH,"FLEXBARN, PLANET SN DROP SEAL SN-RD-A-914.4RH (36"" LENGTH) RIGHT HAN",EA,495.0,346.5,,,,
C14272.42LH,"FLEXBARN, PLANET SN DROP SEAL SN-RD-A-1066.8LH (42"" LENGTH) LEFT HAN",EA,495.0,346.5,,,,
C14272.42RH,"FLEXBARN, PLANET SN DROP SEAL SN-RD-A-1066.8RH (42"" LENGTH) RIGHT HA",EA,495.0,346.5,,,,
C14272.48LH,"FLEXBARN, PLANET SN DROP SEAL SN-RD-A-1219.2LH (48"" LENGTH) LEFT HAN",EA,495.0,346.5,,,,
C14272.48RH,"FLEXBARN, PLANET SN DROP SEAL SN-RD-A-1219.2RH (48"" LENGTH) RIGHT HA",EA,495.0,346.5,,,,
C15280.BBUB,ASSEMBLIES / KITS.REMOTE BATTERY BACKUP.DARK BRONZE ANODIZE,EA,1388.0,971.6,,,,
C16110.0000,"EXTRU, ACRYLIC IR LENS FLAT, SEL LIGHT CURTAIN 8 FT.",LF,8.0,5.6,,,,
C16163.0000,"DECAL, RND MOTHER AND CHILD- SEL",EA,4.8,3.36,,,,
C16200.0001,"ACCESSORIES, ELECTRICAL KIT SEL DOUBLE LANE",EA,163632.0,114542.4,,,,
C16210.0001,"ACCESSORIES, KIT FRAME SEL DOUBLE LANE",EA,1665.0,1165.5,,,,
C16402.0000,"SHAFT, ASSEMBLY RETURN TO QTP REVOLVERS",EA,864.0,604.8,,,,
C16403.0000,"BOLT, SHOULDER 5/16-18 THREAD X 5/16"" SHOULDER DIA. 1/2"" SHOULDER LE",EA,22.2,15.54,,,,
C16409.0000,"BUSHING, SLIP RING TO SHAFT FOR RETURN TO QTP REVOLVERS",EA,161.0,112.7,,,,
C16410.0000,"GEAR DRIVE, MOTOVARIO (MV PT# 4087720) FOR RETURN TO QTP. REVOLVER",EA,2403.0,1682.1,,,,
C16412.0000,"BOLT, M8X20MM",EA,3.3,2.31,,,,
C16414.0000,"HARNESS, MOTOR/BRAKE TO E6319 MOTOR EXTENSION RETURN TO QTP REVO EA",,185.0,129.5,,,,
C16415.0000,"ACCESSORIES, ELECTRICAL RETURN TO QUARTERPOINT",EA,5763.0,4034.1,,,,
C16420.0000,"ASSEMBLY, CONTROLS ENCLOSURE FOR RETURN TO QTP REVOLVERS",EA,4725.0,3307.5,,,,
C16421.000A,"HEADER, NON-LOADED CONTROLS ENCLOSURE RETURN TO QTP REVOLVERS",EA,243.0,170.1,,,,
C17039.LHA,"ASSYS7 HEADER LH 39"" CLR",EA,263.0,184.1,,,,
C17039.LHB,"ASSYS7 HEADER LH 39"" BRZ",EA,263.0,184.1,,,,
C17039.RHA,"ASSYS7 HEADER RH 39"" CLR",EA,263.0,184.1,,,,
C17039.RHB,"ASSYS7 HEADER RH 39"" BRZ",EA,263.0,184.1,,,,
C17051.LHA,"ASSYS7 HEADER LH 51"" CLR",EA,333.0,233.1,,,,
C17051.LHB,"ASSYS7 HEADER LH 51"" BRZ",EA,333.0,233.1,,,,
C17051.RHA,"ASSYS7 HEADER RH 51"" CLR",EA,333.0,233.1,,,,
C17051.RHB,"ASSYS7 HEADER RH 51"" BRZ",EA,333.0,233.1,,,,
C17075.LHRHA,"ASSYS7 HEADER LH-RH 75"" CLR",EA,326.0,228.2,,,,
C17139.1LHA,"ASSY;S7 D HDR/OPR LH 39"" CLR W/C5190",EA,2552.0,1786.4,,,,
C17139.1LHB,ASSY S7 HDR/OPR.39 INCH LEFT HAND BRONZE.C5190.SWING,EA,2552.0,1786.4,,,,
C17139.1LHRA,"ASSY;S7 D HDR/OPR LHR 39"" CLR W/C5190",EA,2552.0,1786.4,,,,
C17139.1LHRB,ASSY S7 HDR/OPR.39 INCH LEFT HAND REVERSBRONZE.C5190.SWING,EA,2552.0,1786.4,,,,
C17139.1RHA,"ASSY;S7 D HDR/OPR RH 39"" CLR W/C5190",EA,2552.0,1786.4,,,,
C17139.1RHB,ASSY S7 HDR/OPR.39 INCH RIGHT HAND BRONZE.C5190.SWING,EA,2552.0,1786.4,,,,
C17139.1RHRA,"ASSY;S7 D HDR/OPR RHR 39"" CLR W/C5190",EA,2552.0,1786.4,,,,
C17139.1RHRB,"ASSY;S7 D HDR/OPR RHR 39"" BNZ W/C5190",EA,2552.0,1786.4,,,,
C17139.LHA,"ASSYS7 D HDR/OPR LH 39"" CLR",EA,2552.0,1786.4,,,,
C17139.LHB,"ASSYS7 D HDR/OPR LH 39"" BRZ",EA,2552.0,1786.4,,,,
C17139.LHRA,"ASSYS7 D HDR/OPR LHR 39"" CLR",EA,2552.0,1786.4,,,,
C17139.LHRB,"ASSYS7 D HDR/OPR LHR 39"" BRZ",EA,2552.0,1786.4,,,,
C17139.RHA,"ASSYS7 D HDR/OPR RH 39"" CLR",EA,2552.0,1786.4,,,,
C17139.RHB,"ASSYS7 D HDR/OPR RH 39"" BRZ",EA,2552.0,1786.4,,,,
C17139.RHRA,"ASSYS7 D HDR/OPR RHR 39"" CLR",EA,2552.0,1786.4,,,,
C17139.RHRB,"ASSYS7 D HDR/OPR RHR 39"" BRZ",EA,2552.0,1786.4,,,,
C17151.1LHB,ASSY S7 HDR/OPR.51 INCH LEFT HAND BRONZE.C5190.SWING,EA,2737.0,1915.9,,,,
C17151.1LHRA,"ASSY;S7 D HDR/OPR LHR 51"" CLR W/C5190",EA,2627.0,1838.9,,,,
C17151.1LHRB,"ASSY;S7 D HDR/OPR LHR 51"" BNZ W/C5190",EA,2627.0,1838.9,,,,
C17151.1RHA,"ASSY;S7 D HDR/OPR RH 51"" CLR W/C5190",EA,2627.0,1838.9,,,,
C17151.1RHB,ASSY S7 HDR/OPR.51 INCH RIGHT HAND BRONZE.C5190.SWING,EA,2627.0,1838.9,,,,
C17151.1RHRA,"ASSY;S7 D HDR/OPR RHR 51"" CLR W/C5190",EA,2627.0,1838.9,,,,
C17151.1RHRB,"ASSY;S7 D HDR/OPR RHR 51"" BRZ W/C5190",EA,2627.0,1838.9,,,,
C17151.LHA,"ASSYS7 D HDR/OPR LH 51"" CLR",EA,2627.0,1838.9,,,,
C17151.LHB,"ASSYS7 D HDR/OPR LH 51"" BRZ",EA,2627.0,1838.9,,,,
C17151.LHRA,"ASSYS7 D HDR/OPR LHR 51"" CLR",EA,2627.0,1838.9,,,,
C17151.LHRB,"ASSYS7 D HDR/OPR LHR 51"" BRZ",EA,2627.0,1838.9,,,,
C17151.RHA,"ASSYS7 D HDR/OPR RH 51"" CLR",EA,2627.0,1838.9,,,,
C17151.RHB,"ASSYS7 D HDR/OPR RH 51"" BRZ",EA,2627.0,1838.9,,,,
C17151.RHRA,"ASSYS7 D HDR/OPR RHR 51"" CLR",EA,2627.0,1838.9,,,,
C17151.RHRB,"ASSYS7 D HDR/OPR RHR 51"" BRZ",EA,2627.0,1838.9,,,,
C17175.1LHRRHRA,"ASSY;S7 HDR/OPR LHR-RHR 75""CLR W/C5190",EA,6693.0,4685.1,,,,
C17175.1LHRRHRB,ASSY S7 HDR/OPR.75 INCH LHR RHR BRONZE.C5190.SWING,EA,6693.0,4685.1,,,,
C17175.LHRRHRA,"ASSYS7 HDR/OPR LHR-RHR 75""CLR",EA,6693.0,4685.1,,,,
C17175.LHRRHRB,"ASSYS7 HDR/OPR LHR-RHR 75""BRZ",EA,6693.0,4685.1,,,,
C17239.LHRA,"ASSYS7 E HDR/OPR LHR 39"" CLR",EA,1753.0,1227.1,,,,
C17250.1000,ALUM EXTRU;BKMBR W/INTEGRAL MILL - 237 IN,LF,30.3,21.21,,,,
C17250.100A,ALUM EXTRU;BKMBR W/INTEGRAL CLEAR-237 IN,LF,34.7,24.29,,,,
C17250.100B,ALUM EXTRU;BKMBR W/INTEGRAL DARK BRONZE - 237 IN,LF,34.7,24.29,,,,
C17251.1000,ALUM EXTRU;FACEPLATE W/INTEGRAL MILL - 237 IN,LF,13.0,9.1,,,,
C17251.100A,ALUM EXTRU;FACEPLATE W/INTEGRAL CLEAR - 237 IN,LF,15.2,10.64,,,,
C17251.100B,ALUM EXTRU;FACEPLATE W/INTEGRAL DARK BRONZE - 237 IN,LF,15.2,10.64,,,,
C17251.RHRA,"ASSYS7 E HDR/OPR RHR 51"" CLR",EA,1911.0,1337.7,,,,
C17417.0000,"ADAPTER; SWING ARM 14T SPLINE, S7000",EA,25.4,17.78,,,,
C17440.0001,"SPRING DIE, YELLOW 362 LB/IN 1"" OD X 1/2"" ID X 6"" L",EA,39.7,27.79,,,,
C17444.0000,"FASTENERS.BOLT SOCKET HEAD CAP SCREW.5/16.18.7/8"".UNC. LOW PROFILE A",EA,20.7,14.49,,,,
C17458.0000,ASSY-ADAPTER HARD STOP S7000 NHO,EA,28.6,20.02,,,,
C17462.0000,HEADER FLAT ENDCAP S7000-NHO RADIUS CORNER,EA,36.6,25.62,,,,
C17462.000C,HEADER FLAT ENDCAP S7000-NHO RADIUS CORNER BLACK (SL. SHEET-0.125),EA,20.7,14.49,,,,
C17478.0000,"ACCESS-HOLE PLUG, COVER HARD-STOP SIDE S7000-NHO",EA,47.6,33.32,,,,
C17478.0001,CAP.COVER CLEAN ROOM,EA,37.1,25.97,,,,
C17485.000A,EXTRU; TOP COVER S7000-NHO RADIUS CORNER - CLEAR 237 IN,,34.9,24.43,,,,
C17485.000B,EXTRU; TOP COVER S7000-NHO RADIUS CORNER - DARK BRONZE 237 IN,,36.6,25.62,,,,
C17500.039A,ASSY; S7000 NHO SURFACE MOUNT 39 IN HEADER CLR,,2552.0,1786.4,,,,
C17500.039B,ASSY; S7000 NHO SURFACE MOUNT 39 IN HEADER BRZ,,2552.0,1786.4,,,,
C17500.051A,ASSY; S7000 NHO SURFACE MOUNT 51 IN HEADER CLR,,2627.0,1838.9,,,,
C17500.051B,ASSY; S7000 NHO SURFACE MOUNT 51 IN HEADER BRZ,,2627.0,1838.9,,,,
C17500.075A,ASSY; S7000 NHO PAIR SURFACE MOUNT 75 IN HEADER CLR,,6089.0,4262.3,,,,
C17500.075B,ASSY; S7000 NHO PAIR SURFACE MOUNT 75 IN HEADER BRZ,,6089.0,4262.3,,,,
C17509.0000,HEADER FLAT ENDCAP S7000-NHO SHARP CORNER,,34.9,24.43,,,,
C17511.0000,"ACCESS-HOLE PLUG, COVER SWING-ARM S7000 NHO",,42.8,29.96,,,,
C17511.0001,CAP.COVER CLEAN ROOM.WITH SHAFT'S NOTCH,,28.7,20.09,,,,
C17513.0000,CONTROL-TRILOCK INSTALL BLOCK S7000-NHO,,27.0,18.9,,,,
C17527.0000,"FASTENERS.BOLT FLAT HEAD SOCKET SCREW. 5/16.18.2.1/4"".UNC. ALLOY",,20.7,14.49,,,,
C17528.0000,WASHER 9/16 ID X 1-1/4 OD X .094 THK STAINLESS,,20.7,14.49,,,,
C17550.0000,ASSY-LOW ENERY OPERATOR S7000 INTELLISWING W/ MOTOR,,961.0,672.7,,,,
C18010.000C,"UNIVERSAL THIN END CAPS FOR CONSOLIDATED HEADER, BLACK",,184.0,128.8,,,,
C18010.001A,"UNIVERSAL THIN END CAPS FOR CONSOLIDATED HEADER, CLEAR",,26.0,18.2,,,,
C18015.0000,OUTPUT SHAFT COLLAR.ADAPTOR C4051 SPRING.4000 NHO.ALUM.MILL,,4.4,3.08,,,,
C19056.0001,MATACTIVE-SEC W/LT CRTN PREP 3W 12' RND MG,,2023.0,1416.1,,,,
C19057.01LH,MATACTIVE-SECUITY LH PLAIN 3W 12' RND MG,,2023.0,1416.1,,,,
C19057.01RH,MATACTIVE-SECUITY RH PLAIN 3W 12' RND MG,,2023.0,1416.1,,,,
C19063.0001,ASSYLT CURTAIN EMITTER/RECEIVER FLR W/1 WAY SEC PREPS MG,,9276.0,6493.2,,,,
C19065.0001,ASSYREED SW/ LIGHT CURTAIN 3W 12FT RND MINI GRND 1WAY APS,,214.0,149.8,,,,
C19071.0000,HARNESS8' 12/C MATLESS SENSOR,,187.0,130.9,,,,
C19074.0000,KITACCY QUARTER POINT,,674.0,471.8,,,,
C19083.0000,ASSY; QUARTER POINT WHEEL AUTOMATIC,,464.0,324.8,,,,
C19107.0000,ASSYCABLE-ENCDR 4 CONN ADVANCED INTERCONNECT AGT,,28.6,20.02,,,,
C19121.0000,SENSORMODULE-VISTA SCAN BERCHER # S-TS B511.00.1099,,484.0,338.8,,,,
C19122.000C,EXTRUALUM-BLACK 9.85 FT BERCHER # S-TS K7103.034,,134.0,93.8,,,,
C19123.0000,"SENSOR BEA SUPERSCAN 10SSI CUSTOM+REQ'D SIZE-REV (<36"" DR",,1031.0,721.7,,,,
C19123.0001,"SENSORBEA SUPERSCAN 10SSII REVOLVER 36-41.9"" DOOR",,1219.0,853.3,,,,
C19123.0002,"SENSORBEA SUPERSCAN 10SSIII REVOLVER 42-51.9"" DOOR",,1427.0,998.9,,,,
C19123.0003,"SENSORBEA SUPERSCAN 10SSIV REVOLVER 52-60.4"" DOOR",,804.0,562.8,,,,
C19124.0000,"COVERFRONT-SENSOR-BLK BIRCHER PART # S-US 225452, 10.99 FT LONG",,637.0,445.9,,,,
C19125.0000,ENDCAP SET W/MNTG SCREWS LR BIRCHER # S-TS B515.01.0003,,19.1,13.37,,,,
C19127.0000,"CABLE FLAT-12"" BERCHER # S-TS K5752.005",,61.9,43.33,,,,
C19130.0000,ASSYVISTASCAN SYSTEM-9' 3W,,7370.0,5159.0,,,,
C19130.0001,ASSYVISTASCAN SYSTEM-9' 4W (KIT 4 PIECES),,10116.0,7081.2,,,,
C19131.0000,ASSYVISTASCAN SYSTEM-10'3W (KIT 3 PIECES),,7837.0,5485.9,,,,
C19131.0001,ASSY VISTASCAN SYSTEM-10'4W (KIT 4 PIECES),,10116.0,7081.2,,,,
C19132.0000,ASSY VISTASCAN SYSTEM-11'3W MG (KIT 3 PIECES),,7837.0,5485.9,,,,
C19133.0000,ASSY VISTASCAN SYSTEM-12'3W (KIT 3 PIECES),,7355.0,5148.5,,,,
C19133.0001,ASSY VISTASCAN SYSTEM-12'4W (KIT 4 PIECES),,10116.0,7081.2,,,,
C19134.0000,ASSY VISTASCAN SYSTEM-12'3W MG (KIT 3 PIECES),,7837.0,5485.9,,,,
C19135.0000,ASSY VISTASCAN SYSTEM-14'3W (KIT 3 PIECES),,9596.0,6717.2,,,,
C19135.0001,ASSY VISTASCAN SYSTEM-14'4W (KIT 4 PIECES),,12458.0,8720.6,,,,
C19136.0000,ASSY VISTASCAN SYSTEM-16'3W (KIT 3 PIECES),,11322.0,7925.4,,,,
C19136.0001,ASSY VISTASCAN SYSTEM-16'4W (KIT 4 PIECES),,14766.0,10336.2,,,,
C19209.0000,CONTROL PNL PUSH BUTTON,,158.0,110.6,,,,
C19210.0000,PLC WITH SOFTWARE,,6957.0,4869.9,,,,
C19212.0000,STATIONARY EDGE BUMPER,,1387.0,970.9,,,,
C19213.0000,24 CHANNEL SLIP RING,,10023.0,7016.1,,,,
C19215.0000,FREQUENCY CONTROLLER,,7305.0,5113.5,,,,
C19219.0000,LIGHT CONTROLLER,EA,740.0,518.0,,,,
C19220.0000,LIGHT,EA,163.0,114.1,,,,
C19221.0000,LIGHT FIXTURE,EA,68.0,47.6,,,,
C19222.0000,DRIVE BELT,EA,105.0,73.5,,,,
C19300.0000,VISDOM SENSOR KIT; VISDOM ELITE,EA,29614.0,20729.8,,,,
C19300.0001,1/2 VISDOM ELITE KIT SYSTEM,EA,15330.0,10731.0,,,,
C19337.0000,REVOLVER REMEDIATION - BOTTOM BEARING,EA,1469.0,1028.3,,,,
C19400.2000RA,"PUSHBAR, 1"" ROUND 215 CLEAR ANODIZE BY ROCKWOOD WITH CTC OF 20"" FO",EA,605.0,423.5,,,,
C19400.2000RB,"PUSHBAR, 1"" ROUND 313R1 D",EA,636.0,445.2,,,,
C19400.2000RP,"PUSHBAR, 1"" ROUND #4 SS BY ROCKWOOD WITH CTC OF 20"" FOR 10' RTQP RE",EA,980.0,686.0,,,,
C19400.2000RQ,"PUSHBAR, 1"" ROUND #7 SS BY",EA,1076.0,753.2,,,,
C19400.3043FP,"FLAT, #4 SS PUSHBAR FOR 72"" DIAMETER REVOLVERS",EA,728.0,509.6,,,,
C19400.3325RC,"ROUND, 315R1 BLACK ANODIZE ROUND PUSHBAR FOR 78"" DIAMETER REVOLV",EA,455.0,318.5,,,,
C19400.3356FR,"FLAT, #4 MUNTZ PUSHBAR FOR 80"" DIAMETER REVOLVERS CTC DIMENSION OF",EA,890.0,623.0,,,,
C19400.3950FB,"PUSHBAR, FLAT 313R1 DARK BRONZE FOR 96"" I.D. REVOLVERS",EA,629.0,440.3,,,,
C19400.3950RB,"PUSHBAR, ROUND 313R1 DARK BRONZE FOR 96"" I.D. REVOLVERS",EA,519.0,363.3,,,,
C19400.3993RQ,"PUSHBAR, ROUND #7 SS FINISH WITH CTC OF 39.9375""",EA,959.0,671.3,,,,
C19405.0000,KIT; LOCK W/KEYS FOR KBB'S 2-WING REVOLVER.,EA,82.2,57.54,,,,
C19410.0000,LCP ENCLOSURE ASSEMBLY FOR C19800 REVOLVER MASTER CONTROL,EA,1019.0,713.3,,,,
C19507.0000,ELECTRICAL COMPONENTS.SURGE PROTECTOR.3 OUTLET.REVOLVER.1050 JOU,EA,195.0,136.5,,,,
C19759.0000,HINGEBOOKFOLD 3MM ARMS3.5 MM SPACERS,EA,281.0,196.7,,,,
C19800.0000,"CONTROL, MASTER FOR REVOLVING DOORS",EA,3298.0,2308.6,,,,
C19800.0001,REVOLVER MASTER CONTROL FOR 1-WAY 3 WING SECURITY-AIRPORT SECURIT,EA,3282.0,2297.4,,,,
C19800.0003,REVOLVER MASTER CONTROL FOR RETURN TO QUARTERPOINT REVOLVING D,EA,2800.0,1960.0,,,,
C19800.0004,MSTR CNTRL-2WAY 4W SECUR,E A,2996.0,2097.2,,,,
C19800.0005,REVOLVER MASTER CONTROL-AUTOMATIC/GRAND 3 OR 4 WING APPLICATION,EA,6299.0,4409.3,,,,
C19991.0004,ASSYSWITCH MNTG-QTR PT PROX AUTO/SEC REVOLVERS,EA,229.0,160.3,,,,
C20164.0000,ASSY; TRANSFORMER 120V PRIMARY UNIVERSAL CONTROL S2021,EA,98.9,69.23,,,,
C20164.0220,TRANSFORMER.LAMINATED.SLIDE.S2021/2022.220V,EA,98.9,69.23,,,,
C20200.000A,EXTRU; 2021 HEADER EXTRUSION 7 IN X 4.5 IN - CLEAR ANNODIZED 288 IN,LF,74.8,52.36,,,,
C20200.000B,"EXTRU; 2021 HEADER EXTRUSION 7"" X 4.5"" DARK BRONZE 204 IN",LF,82.2,57.54,,,,
C20225.0000,"BRACKET; WHEEL CARRIAGE PLATE, HD HURRICANE DOOR",EA,165.0,115.5,,,,
C20249.000A,INTERLOCK CLIP. FEMALE CLEAR,EA,16.3,11.41,,,,
C20249.000B,INTERLOCK CLIP. FEMALE DARK BRONZE,EA,16.3,11.41,,,,
C20262.000C,"LOCK COVER PLATE C454, S2001 BR UNIT BLACK",EA,19.5,13.65,,,,
C20267.0LHA,"ASSY; SX-PANEL BOTTOM GUIDE O-(SX), S2001 BR UNIT CLEAR",EA,191.0,133.7,,,,
C20267.0LHB,"ASSY; SX-PANEL BOTTOM GUIDE O-(SX), S2001 BR UNIT BRONZE",EA,191.0,133.7,,,,
C20267.0RHA,"ASSY; SX-PANEL BOTTOM GUIDE (SX)-O, S2001 BR UNIT CLEAR",EA,179.0,125.3,,,,
C20267.0RHB,"ASSY; SX-PANEL BOTTOM GUIDE (SX)-O, S2001 BR UNIT BRONZE",EA,179.0,125.3,,,,
C20269.0000,GLASS OPENING CORNER PIECE.BR UNIT.AR 400/450.GRAY PAINT,EA,95.2,66.64,,,,
C20270.000A,EXTRU; FACEPLATE HEADER COVER 2021 HEADER - CLEAR ANNODIZED 288 IN,LF,23.8,16.66,,,,
C20270.000B,EXTRU; FACEPLATE HEADER COVER 2021 HEADER DARK BRONZE 288 IN,LF,27.0,18.9,,,,
C20275.0000,"FASTENER.HELICAL INSERT.1/4-20.3/8"".STAINLESS STEEL",EA,3.3,2.31,,,,
C20450.0000,"PLATE.PUSH.TELE MAX SX FAST/SX SLOW..025"".STAINLESS STEEL.301",EA,7.6,5.32,,,,
C20451.000A,ARRESTER.CRAWL.TELE MAX SX FAST.6MM.STEEL.CLEAR,EA,44.4,31.08,,,,
C20451.000B,ARRESTER.CRAWL.TELE MAX SX FAST.6MM.STEEL.DARK BRONZE,EA,41.1,28.77,,,,
C20451.001A,ARRESTER.CRAWL.TELE MAX SX SLOW.6MM.STEEL.CLEAR,EA,43.3,30.31,,,,
C20451.001B,ARRESTER.CRAWL.TELE MAX SX SLOW.6MM.STEEL.DARK BRONZE,EA,41.1,28.77,,,,
C20451.002A,CRAWL ARRESTER.TELE XM.SX-F.STEEL.CLEAR ANODIZE,EA,306.0,214.2,,,,
C20451.002B,CRAWL ARRESTER.TELE XM.SX-F.STEEL.DARK BRONZE,EA,357.0,249.9,,,,
C20451.003A,CRAWL ARRESTER.TELE XM.SX-S.STEEL.CLEAR ANODIZE,EA,320.0,224.0,,,,
C20451.003B,CRAWL ARRESTER.TELE XM.SX-S.STEEL.DARK BRONZE,EA,357.0,249.9,,,,
C20452.0000,SHOULDER BOLT.1/4.10-24.1/4,EA,3.6,2.52,,,,
C20453.0000,STOP BLOCK.CRAWL ARRESTER.TELE MAX HEADER.DELRIN,EA,52.7,36.89,,,,
C20454.0000,PIN.BOTTOM GUIDE.TELE MAX SO/SX SLOW.DELRIN,EA,11.0,7.7,,,,
C20456.0000,BOTTOM GUIDE. SO PANEL MOUNT.SLIDE.ICU TELESCOPIC XM,EA,37.1,25.97,,,,
C20458.0000,SPRING.DISC.TRIPLE WAVE..375.STEEL,EA,2.1,1.47,,,,
C20459.0001,PIN.PIVOT.TELE MAX SX FAST PIVOT PLATE.STAINLESS STEEL.302,EA,163.0,114.1,,,,
C20462.000C,PIVOT PLATE. ICU TELESCOPIC XM,EA,244.0,170.8,,,,
C20463.000C,PIVOT PIN SLIDING TAB ASSEMBLY. ICU TELESCOPIC XM,EA,25.0,17.5,,,,
C20463.001C,OVAL PIVOT PIN SLIDING TAB.ASSEMBLY.SLIDES.ICU TELESCOPIC XM,EA,95.4,66.78,,,,
C20467.0000,BUMPER IMPACT BRACKET.STEEL.ZINC PLATED,EA,7.5,5.25,,,,
C20467.0001,BUMPER IMPACT BRACKET KIT.SX-F.TELE XM,EA,17.1,11.97,,,,
C20469.000L,MECH. HOLD OPEN ROLLER.ASSEMBLY.SLIDES.ICU TELESCOPIC XM,EA,57.4,40.18,,,,
C20470.000L,MECH. HOLD OPEN SPRING.ASSEMBLY.SLIDES.ICU TELESCOPIC XM,EA,91.9,64.33,,,,
C20470.000R,MECH. HOLD OPEN SPRING.ASSEMBLY.SLIDES.ICU TELESCOPIC XM,EA,91.9,64.33,,,,
C20471.0000,PICK-UP BLOCK.SX-S OPEN.RUBBER,EA,128.0,89.6,,,,
C20472.0000,PICK-UP BLOCK.SX-S CLOSE.RUBBER,EA,33.6,23.52,,,,
C20474.0000,PIVOT CATCH ASSEMBLY. ICU TELESCOPIC XM,EA,115.0,80.5,,,,
C20475.000A,OPEN PICKUP BLOCK.BRACKET.SX-S.ALUMINUM.ANODIZE CLEAR,EA,16.4,11.48,,,,
C20475.000B,PICK-UP BLOCK.BRACKET.ALUMINUM.ANODIZE BRONZE,EA,16.4,11.48,,,,
C20479.00LH,BOTTOM GUIDE SX-S.ASSEMBLY.SLIDES.ICU TELESCOPIC XM,EA,144.0,100.8,,,,
C20479.00RH,BOTTOM GUIDE SX-S.ASSEMBLY.SLIDES.ICU TELESCOPIC XM,EA,144.0,100.8,,,,
C20482.0000,BRACKET.PICK UP BLOCK.TELE MAX.STEEL.GALVANIZED,EA,13.0,9.1,,,,
C20487.0000,PLATE.BUMPER.SLIDES.ICU TELESCOPIC XM,EA,4.1,2.87,,,,
C20488.0000,ASSEMBLY.WHEEL CARRIAGE.SLIDES.ICU TELESCOPIC XM. SX-S,EA,63.8,44.66,,,,
C20488.0001,ASSEMBLY.WHEEL CARRIAGE.SLIDES.ICU TELESCOPIC XM. SX-S,EA,64.5,45.15,,,,
C20488.0002,WHEEL CARRIAGE KIT.SX-S.TELE XM,EA,175.0,122.5,,,,
C20489.0000,PART.PUSH BLOCK.SLIDES.ICU TELESCOPIC XM. SX-F,EA,36.7,25.69,,,,
C20500.0001,ADJUSTABLE BREAKOUT DEVICE.SX-S.TELE LOW PROFILE HEADER,EA,135.0,94.5,,,,
C20503.0000,"FASTENER.FHSCS.5/16"".-18.7/8"" LONG.THREAD LOCKING.ALLOY STEEL.BLACK O",EA,2.5,1.75,,,,
C20504.0000,"FASTENER.FHMS.10-24.3/4"" LONG.18-8 STAINLESS STEEL",EA,2.2,1.54,,,,
C20505.0000,SO PIVOT BLOCK.THRESHOLD.ALUMINUM.MILL,EA,26.8,18.76,,,,
C20568.0001,BRACKET; AUTOLOCK PCB MOUNTING BRACKET,EA,73.0,51.1,,,,
C20568.0003,PLATE; AUTOLOCK TUMBLER PLATE S2020,EA,61.9,43.33,,,,
C20569.0000,PLATE; AUTOLOCK DROP BOLT,EA,190.0,133.0,,,,
C20601.0000,HOTRON SENSOR - MODEL : SSR3 - FLEXLINE S2022,EA,709.0,496.3,,,,
C20601.0001,HOTRON SENSOR ASSEMBLY - MODEL SSR3 FLEXLINE - S2022 (SENSOR & PNP C EA,,802.0,561.4,,,,
C20602.0000,HOTRON SENSOR - MODEL : HR100-CT - FLEXLINE S2022,EA,549.0,384.3,,,,
C20602.0001,HOTRON SENSOR ASSEMBLY - MODEL HR100-CT FLEXLINE S2022 (SENSOR & P,EA,674.0,471.8,,,,
C20603.0000,"PHOTOBEAM KIT, HOTRON HP2 SLIDE AND SWING PRODUCTS",EA,247.0,172.9,,,,
C20604.0000,HOTRON TOUCHLESS & WIRELESS DOOR ACTIVATION SWITCH - FLEXLINE 2022,EA,381.0,266.7,,,,
C20605.0000,WR-24 RECIEVER - FLEXLINE 2022,EA,286.0,200.2,,,,
C20609.0000,BRACKET; MOTOR MOUNT,EA,13.1,9.17,,,,
C20611.0000,PLATE; MOTOR SHIM PLATE S2021,EA,5.2,3.64,,,,
C20614.0000,HOLE PLUG 3/4 ID NYLON PLASTIC SNAP IN,EA,1.1,0.77,,,,
C20623.0000,ASSY; IDLER PULLEY S2021,EA,62.8,43.96,,,,
C20625.0000,S2021 CONTROL W/BRACKETS - TAPE,EA,442.0,309.4,,,,
C20625.0220,CONTROL.3150.SLIDE.S2021/2022.220V,EA,656.0,459.2,,,,
C20626.0001,RE-ACTIVATED BY HIBCO-4388 ASSY; IDLER ENDBRACKET WITH STUD FOR SURF,EA,98.9,69.23,,,,
C20640.0001,ANTIRISE GUIDE BLOCK S2021.DELRIN,EA,74.2,51.94,,,,
C20641.0000,BRACKET; FACE PLATE 2020 HEADER,EA,9.2,6.44,,,,
C20643.0000,ASSY; SINGLE WHEEL IDLER & BRACKET NON CONNECTING S2022 SLIDE,EA,121.0,84.7,,,,
C20644.0000,ASSY; SINGLE WHEEL IDLER & BRACKET S2022 SLIDE,EA,298.0,208.6,,,,
C20645.01LH,IDLER WHEEL & BRACKET NON CONNECTING S2021,EA,208.0,145.6,,,,
C20645.01RH,IDLER WHEEL & BRACKET NON CONNECTING S2021,EA,208.0,145.6,,,,
C20646.01LH,IDLER WHEEL CARRIAGE & BRACKET S2021,EA,312.0,218.4,,,,
C20646.01RH,IDLER WHEEL CARRIAGE AND BRACKET S2021,EA,312.0,218.4,,,,
C20652.0000,PLATE; ENDCAP 4.5 X 7 HEADER PLASTIC BLK,EA,34.9,24.43,,,,
C20653.000C,ENDCAP PLATE SURFACE APPLIED 2020 HEADER BLK,EA,30.1,21.07,,,,
C20656.0000,ASSY; AUTOLOCK FAIL SECURE S2021,EA,1275.0,892.5,,,,
C20657.0000,ASSY; AUTOLOCK FAIL SAFE S2021,EA,1275.0,892.5,,,,
C20700.0000,ASSY; S2000B CHASSIS WITH POWER SUPPLY,EA,1715.0,1200.5,,,,
C20701.0000,ASSY; S2000B CHASSIS WITH OUT POWER SUPPLY,EA,1496.0,1047.2,,,,
C20702.0000,ASSY; S2000B BI-PART CHASSIS WITHOUT POWER SUPPLY,EA,1322.0,925.4,,,,
C20705.0000,ASSY; S2000B PULLEY BRACKET CHASSIS,EA,117.0,81.9,,,,
C20706.0000,ASSY; S2000B BI-PART PULLY AND POWER SUPPLY CHASSIS,EA,565.0,395.5,,,,
C20707.000L,ASSY; S2000B CHASSIS MANUAL SELF CLOSER RETRACTOR SO-SX,EA,343.0,240.1,,,,
C20707.000R,"ASSY; S2000B MANUAL SELF CLOSER RETRACTOR CHASSIS, SX-SO",EA,343.0,240.1,,,,
C20711.0000,CHASSIS; S2000B MANUAL SELF CLOSER RETRACTOR BRACKET,EA,28.9,20.23,,,,
C20712.0000,"CHASSIS; S2000B BI-PART PULLEY, TRANSFORMER BRACKET UNDER 144""",EA,49.1,34.37,,,,
C20713.0000,CHASSIS; S2000B PULLEY BRACKET,EA,20.1,14.07,,,,
C20714.0000,"CHASSIS; S2000B CONTROL WITH POWER SUPPLY BRACKET 33.5""",EA,87.3,61.11,,,,
C20715.0000,"CHASSIS; S2000B CONTROL WITHOUT POWER SUPPLY BRACKET 27.0""",EA,76.1,53.27,,,,
C20716.0000,"CHASSIS; S2000B BI-PART MOTOR, CONTROL BRACKET UNDER 144""",EA,64.5,45.15,,,,
C20857.000A,"SUB-ASSY; LH ""SX"" TORSION BAR ""SO-SX"" 310 STANDARD CLEAR",EA,119.0,83.3,,,,
C20857.000B,"SUB-ASSY; LH ""SX"" TORSION BAR ""SO-SX"" 310 STANDARD BRONZE",EA,131.0,91.7,,,,
C20857.001A,"SUB-ASSY; LH ""SX"" TORSION BAR ""SO-SX"" 310 TRACKLESS ICU MAX CLEAR",EA,443.0,310.1,,,,
C20857.001B,"SUB-ASSY; LH ""SX"" TORSION BAR ""SO-SX"" 310 TRACKLESS ICU MAX BRONZE",EA,455.0,318.5,,,,
C20857.002A,"SUB-ASSY; RH ""SX"" TORSION BAR ""SX-SO"" 310 STANDARD CLEAR",EA,119.0,83.3,,,,
C20857.002B,"SUB-ASSY; RH ""SX"" TORSION BAR ""SX-SO"" 310 STANDARD BRONZE",EA,131.0,91.7,,,,
C20857.003A,"SUB-ASSY; RH ""SX"" TORSION BAR ""SX-SO"" 310 TRACKLESS ICU MAX CLEAR",EA,443.0,310.1,,,,
C20857.003B,"SUB-ASSY; RH ""SX"" TORSION BAR ""SX-SO"" 310 TRACKLESS ICU MAX BRONZE",EA,455.0,318.5,,,,
C20888.0000,BRACKET; C454 LOCK MOUNTING PLATE S2022,EA,101.0,70.7,,,,
C20900.0000,COVER; MOTOR COVER CLEAN ROOM ATMOSPHERIC S2021,EA,404.0,282.8,,,,
C20901.0000,COVER; IDLER COVER CLEAN ROOM ATMOSPHERIC S2021,EA,404.0,282.8,,,,
C20902.0000,HOLE PLUG 1-5/8 ID NYLON PLASTIC SNAP IN,EA,3.8,2.66,,,,
C20905.0000,COVER; BACK MOTOR COVER CLEAN ROOM ATMOSPHERIC S2000B,EA,1099.0,769.3,,,,
C20906.0000,COVER; FRONT MOTOR COVER CLEAN ROOM ATMOSPHERIC S2000B,EA,330.0,231.0,,,,
C20907.0000,COVER; PULLEY CLEAN ROOM ATMOSPHERIC S2000B,EA,382.0,267.4,,,,
C20908.0000,"CLEAN.ROOM.HEADER COVER.41.25""",EA,732.0,512.4,,,,
C20908.0001,"CLEAN.ROOM.HEADER COVER.82.50""",EA,1345.0,941.5,,,,
C21025.00LH,ASSEMBLIES / KITS.ASSEMBLY.SOFT CLOSE.SLIDE.SELF CLOSING ICU TELE IDS,EA,44.4,31.08,,,,
C21025.00RH,ASSEMBLIES / KITS.ASSEMBLY.SOFT CLOSE.SLIDE.SELF CLOSING ICU TELE IDS,EA,44.4,31.08,,,,
C21027.00LH,ASSEMBLIES / KITS.ASSEMBLY.DAMPENER RACK.SLIDE.SELF CLOSING ICU TELE,EA,141.0,98.7,,,,
C21027.00RH,ASSEMBLIES / KITS.ASSEMBLY.DAMPENER RACK.SLIDE.SELF CLOSING ICU TELE,EA,141.0,98.7,,,,
C21035.000L,ASSEMBLIES / KITS.ASSEMBLY.OPEN ASSIST.SLIDE.SELF CLOSING ICU TELE IDS,EA,608.0,425.6,,,,
C21035.000R,ASSEMBLIES / KITS.ASSEMBLY.OPEN ASSIST.SLIDE.SELF CLOSING ICU TELE IDS,EA,608.0,425.6,,,,
C24164.0000,TRANSFORMER 110V/90V/24V,EA,87.2,61.04,,,,
C24164.0240,TRANSFORMER 240V/90V/24V,EA,347.0,242.9,,,,
C24880.0001,HARDWARE.RETRACTOR.MECHANICAL CABLE.ICU.5.0 LBS.HUNTER SPRING,EA,1583.0,1108.1,,,,
C9790C.9072,"MATINACTIVE-CRPD-90DEG-72""REV BY LARCO PER HORTON SPEC",EA,2759.0,1931.3,,,,
C9790C.9078,"MATINACTIVE-CRPD-90DEG-78""REV BY LARCO PER HORTON SPEC",EA,2759.0,1931.3,,,,
C9790C.9084,"MATINACTIVE-CRPD-90DEG-84""REV BY LARCO PER HORTON SPEC",EA,2759.0,1931.3,,,,
C9790C.9086.5,"MAT, INACTIVE SEG 4W 90 DEG 84"" ID BY LARCO",EA,2759.0,1931.3,,,,
C9790Q.9072,"MAT INACTIVE-RND-90DEG-72""-REV BY LARCO PER HORTON SPEC",EA,2759.0,1931.3,,,,
C9790Q.9078,"MAT INACTIVE-RND-90DEG-78""-REV BY LARCO PER HORTON SPEC",EA,2759.0,1931.3,,,,
C9790Q.9084,"MATINACTIVE-RND-90DEG-84""-REV BY LARCO PER HORTON SPEC",EA,2759.0,1931.3,,,,
C9790R.9072,"MATSECURITY-RND-90DEG-72""-REV BY LARCO PER HORTON SPEC.",EA,2759.0,1931.3,,,,
C9790R.9078,"MATSECURITY-RND-90DEG-78""-REV BY LARCO PER HORTON SPEC.",,2759.0,1931.3,,,,
C9790R.9084,"MATSECURITY-RND-90DEG-84""-REV BY LARCO PER HORTON SPEC",EA,2759.0,1931.3,,,,
C9790S.6072,"MAT SECURITY-SEG-60DEG-72""-REV BY LARCO PER HORTON SPEC.",EA,2759.0,1931.3,,,,
C9790S.9072,"MAT SECURITY-SEG-90DEG-72""-REV BY LARCO PER HORTON SPEC.",EA,2759.0,1931.3,,,,
C9790S.9078,"MAT SECURITY-SEG-90DEG-78""-REV BY LARCO PER HORTON SPEC.",EA,2759.0,1931.3,,,,
C9790S.9084,"MATSECURITY-SEG-90DEG-84""-REV BY LARCO PER HORTON SPEC",EA,2759.0,1931.3,,,,
C9790T.9072,"MAT INACTIVE-SEG-90DEG-72""-REV BY LARCO PER HORTON SPEC",EA,2759.0,1931.3,,,,
C9790T.9078,"MAT INACTIVE-SEG-90DEG-78""-REV BY LARCO PER HORTON SPEC",EA,2759.0,1931.3,,,,
C9790T.9084,"MAT INACTIVE-SEG-90DEG-84""-REV BY LARCO PER HORTON SPEC",EA,2759.0,1931.3,,,,
CA6845.000A,ALUM TUBE 1 X 4 - CLEAR 237 IN,LF,20.1,14.07,,,,
CPAINT.0AER,PAINT; AEROSOL,EA,371.0,259.7,,,,
CPAINT.0BOT,PAINT; BOTTLE W/BRUSH,EA,310.0,217.0,,,,
E01250.0001,BULBLIGHT PHILLIPS LED 10W 12VMR16 2700K WARM WHITE,EA,180.0,126.0,,,,
E01275.0001,LACE MATLESS SENSOR,EA,38.1,26.67,,,,
E01280.0001,SENSOR; MATRIX SENSOR VISDOM ELITE VERSION (MODEL#8300_25),EA,6238.0,4366.6,,,,
E01756.0U25,"EPROM, CHIP PROGRAMMED",E A,57.2,40.04,,,,
E01765.001A,EPROM-27C256 1WAY 3W SEC PGM VER. 6.10 BUILD 6,EA,49.3,34.51,,,,
E01765.001B,EPROM-27C256 1WAY 3W SEC DATA VER. 6.10 BUILD 6,EA,49.3,34.51,,,,
E01765.003A,EPROM-27C256 2WAY SEC X LOG PG VER 4.10 BUILD 2,EA,77.9,54.53,,,,
E01765.003B,EPROM-27C256 2WAY SEC X DATA VER 4.10 BUILD 2,EA,77.9,54.53,,,,
E01765.005A,EPROM-27C256 AUTO/GRAND PGM VER 5.05 BUILD 6,EA,77.9,54.53,,,,
E01765.005B,EPROM-27C256 AUTO/GRAND DATA VER 5.05 BUILD 6,EA,77.9,54.53,,,,
E01765.006B,EPROM-27C256 2WAY SEC X DATA VER 4.15 BUILD 6B,EA,68.0,47.6,,,,
E01765.009A,EPROM-27C256 1WAY 3W SEC PGM VER. 6.20 BUILD 1,EA,52.6,36.82,,,,
E01765.009B,EPROM-27C256 1WAY 3W SEC DATA VER. 6.20 BUILD 1,EA,52.6,36.82,,,,
E01765.010A,EPROM-27C256 RTQP PROGRAM VER 3.00 BUILD 3,EA,73.2,51.24,,,,
E01765.010B,EPROM-27C256 RTQP DATA VER 3.00 BUILD 3,EA,73.2,51.24,,,,
E01770.0001,IC-VOICE RECORDERWRONG WAY/ SLOW SPEED/DO NOT PUSH,EA,167.0,116.9,,,,
E01770.0002,IC-VOICE RECSEC VIOL/DR WILL REVERSE/PLS EXIT THEN REENTER,EA,108.0,75.6,,,,
E01770.0003,IC-VOICE RECSLOW SPEED/STEP FORWARD/DOOR WILL LOCK,EA,108.0,75.6,,,,
E03725.7000,LACE; EXTENSION 7' FOR 4/C ROTARY AND KEY SWITCH CONTROLS,EA,39.7,27.79,,,,
E03725.7001,LACE; EXTENSION 7' FOR 2/C ROTARY AND KEY SWITCH CONTROLS,EA,39.7,27.79,,,,
E03725.9000,LACE; HEADER 9' FOR 4/C ROTARY AND KEY SWITCH CONTROLS,EA,25.4,17.78,,,,
E03725.9001,LACE; HEADER 9' FOR 2/C ROTARY AND KEY SWITCH CONTROLS,EA,15.9,11.13,,,,
E03965.7000,"LACE; EXTENSION 7' FOR 3/C ROCKER SWITCH, AUTO-OFF/CLOSE SLDE DOOR",EA,54.0,37.8,,,,
E03965.9000,"LACE; EXTENSION 9' FOR 3/C ROCKER SWITCH, AUTO-OFF/CLOSE SLDE DOOR",EA,125.0,87.5,,,,
E05001.0000,POWER SUPPLY24VDC 4.5A DIGIKEY PS1-100W-SF24,EA,359.0,251.3,,,,
E06001.0000,POWER SUPPLY ASSY 24VDC/4.5A FOR C9150 MASTER CONTROL,EA,380.0,266.0,,,,
E06006.0000,EXPANSION CARD,EA,941.0,658.7,,,,
E06008.0000,AUX DC INPUT CARD,EA,467.0,326.9,,,,
E06010.0000,MAT/AUX DC INPUT CARD,EA,1239.0,867.3,,,,
E06012.0000,AUX OUTPUT CARD,EA,575.0,402.5,,,,
E06014.0000,AUX INDICATORS CARD,EA,276.0,193.2,,,,
E06016.0000,CONTROL CARD FOR C05150.0000 EXPLOSION PROOF,EA,441.0,308.7,,,,
E06018.0000,SLIP RING INTERFACE BRD-SECURE,EA,41.0,28.7,,,,
E06022.0000,STATUS INDICATOR BOARD,EA,172.0,120.4,,,,
E06024.0000,NOSING INTERFACE CARD,EA,98.3,68.81,,,,
E06026.0000,MAT INTERFACE CARD,EA,102.0,71.4,,,,
E06040.0000,MODULESW-NON CONTACT CLN RM,EA,466.0,326.2,,,,
E06042.0001,ASSYDISTRIBUTION BOARD-RVLVR,EA,378.0,264.6,,,,
E06042.0002,ASSYDISTRIBUTOR-GRAND RVLVRS,EA,393.0,275.1,,,,
E06200.0000,KEYSWITCH W/CONN 12' LACE,EA,274.0,191.8,,,,
E06200.0001,KEYSWITCH W/CONN 12' LACE FOR RTQP REVOVLERS,EA,129.0,90.3,,,,
E06201.0000,HARNESS4'6/C SLIP RING INTERCONNECT,,47.0,32.9,,,,
E06201.0001,HARNESS 8' 6/C SLIP RING,,90.3,63.21,,,,
E06201.0002,HARNESSSLIP RING-8'-C9800 GRAND REVOLVERS,,133.0,93.1,,,,
E06202.0000,HARNESS15'10/C RIBBON LCP INTERCONNECT,,47.6,33.32,,,,
E06205.0000,"HARNESS,12'5/C MTA100 READ BKT",,44.4,31.08,,,,
E06222.0000,HARNESS-5' 2/C MTE100,,20.7,14.49,,,,
E06222.0001,HARNESS-22' 2/C MTE100,,125.0,87.5,,,,
E06222.0002,HARNESS-3' 2/C MTE100,,27.0,18.9,,,,
E06224.0000,HARNESS-18' 4/C MTE100,,54.0,37.8,,,,
E06229.0000,EXTENSION CABLE; VOLTAGE SNIFFER 20',,119.0,83.3,,,,
E06238.0000,HARNESS-6' 8/C MTE100,,277.0,193.9,,,,
E06241.0000,HARNESS 6FT 2C; VISDOM SENSOR RESET LACE,,29.5,20.65,,,,
E06253.0001,"HARNESS, 6' 5C SENSOR, VISDOM ELITE OUTPUT LACE TO E6420 CARD",,51.2,35.84,,,,
E06295.0000,C5190 KIT.SWING.PRIMARY TO PRIMARY,,82.5,57.75,,,,
E06300.0005,"CABLE , C3150-BEA SENSOR",,98.3,68.81,,,,
E06300.0010,"CABLE , C3150-BEA SENSOR 10 FT",,128.0,89.6,,,,
E06300.0025,"CABLE , SEL IXIO SENSOR 30 FT",,128.0,89.6,,,,
E06300.0110,"CABLE, 10 FT C3150-BEA SENSOR W/ NO SENSOR CONNECTOR",,252.0,176.4,,,,
E06302.0000,"HARNESS, OS-12C T FOR C3150 CONTROL",,25.4,17.78,,,,
E06302.0001,"CABLE, 10 FT SUPERSCAN SENSOR FOR SLIDER PRESENCE",,49.3,34.51,,,,
E06302.0002,HARNES; SAFETY BEAM EXTENSION 2',,77.9,54.53,,,,
E06302.0012,HARNES; SAFETY BEAM EXTENSION 12',,104.0,72.8,,,,
E06302.0022,HARNES; SAFETY BEAM EXTENSION 22',,128.0,89.6,,,,
E06303.0000,"CABLE , C3150-C2150 MOTOR ADAPTER",,14.3,10.01,,,,
E06303.0001,"CABLE, C3150-C2150 MOTOR ADAPTER 2FT",,14.3,10.01,,,,
E06303.0002,"CABLE ASSEMBLY, VOLTAGE SNIFFER 19""",,636.0,445.2,,,,
E06304.0005,"CABLE , C3150-OPTEX SENSOR 5 FT",,44.4,31.08,,,,
E06304.0010,"CABLE , C3150-OPTEX SENSOR 10 FT",,63.7,44.59,,,,
E06304.0015,SENSOR HARNESS 15FT CABLE - OPTEX,,300.0,210.0,,,,
E06305.0000,WIRE LACE 5FT; TRANSFORMER 200B HEADER,,93.4,65.38,,,,
E06305.0003,WIRE LACE; 3' TRANSFORMER EXTENSION,,85.1,59.57,,,,
E06305.0016,WIRE LACE 16 IN. TRANSFORMER EXTENSION,,81.0,56.7,,,,
E06307.0000,"HARNESS HOTRON SENSORS PNP FOR C3150, C5190, E6610",,128.0,89.6,,,,
E06307.0005,CABLE ASSEMBLY HOTRON SENSOR 5',,23.8,16.66,,,,
E06307.0010,CABLE ASSEMBLY HOTRON SENSOR 10',,31.8,22.26,,,,
E06307.0015,CABLE ASSEMBLY HOTRON SENSOR 15',,39.7,27.79,,,,
E06319.0000,"HARNESS, C5190 MOTOR ADAPTER",,22.3,15.61,,,,
E06320.0000,"HARNESS, HEADER MOUNTED SAFETY SENSOR GENERIC",,19.1,13.37,,,,
E06321.0000,"HARNESS, SAFETY SENSORS OPTEX ELITE T AND PREMIER T",,44.4,31.08,,,,
E06322.0000,"HARNESS, DOOR MOUNTED SAFETY SENSOR GENERIC",,41.2,28.84,,,,
E06323.0000,"HARNESS, DOOR MOUNTED SAFETY SENSOR BEA SUPERSCAN T",,20.7,14.49,,,,
E06324.0000,"HARNESS, DOOR MOUNTED SAFETY SENSOR BEA QUADSCAN T",,27.0,18.9,,,,
E06326.0000,"HARNESS, DOOR MOUNTED SAFETY SENSOR BEA LZR MICROSCAN",,34.9,24.43,,,,
E06327.0000,"HARNESS, DOOR MOUNTED SAFETY SENSOR OPTEX OA-EDGE",,27.0,18.9,,,,
E06329.0000,OPTEX HARNESS FOR C05190,,23.6,16.52,,,,
E06330.0000,"HARNESS, DUAL OPERATOR POWER MASTER SLAVE",,34.9,24.43,,,,
E06331.0000,"HARNESS, DUAL OPERATOR CONTROL MASTER SLAVE",,17.5,12.25,,,,
E06340.0000,"ASSY, MOTOR DIRECTIONAL SHUNT",,55.4,38.78,,,,
E06405.0000,"BOARD, AUX CONTROL FOR RETURN TO QUARTERPOINT REVOLVERS",,1056.0,739.2,,,,
E06410.0000,MATLESS DAUGHTER CARD FOR C9150 CONTROL,,1986.0,1390.2,,,,
E06412.0000,OPTIC INTERFACE BOARD,,1144.0,800.8,,,,
E06420.0000,VISDOM ELITE IO CARD,,2734.0,1913.8,,,,
E06510.0000,PCB I/O-BT2I-RD-V4; VISDOM ELITE,,3893.0,2725.1,,,,
E06610.0001,"ASSEMBLY; SENSOR, MONITORING MODULE",,359.0,251.3,,,,
E06613.0000,"ASSEMBLY; HARNESS, BEA BODYGUARD FOR E6610 MONITOR BOARD",,74.8,52.36,,,,
E06650.0000,SENSOR INTERFACE BOARD FOR 4 SENSORS / 2 OPERATOR,,844.0,590.8,,,,
E06650.0001,"ASSEMBLY, INTERFACE BOARD & BRACKET FOR 4 SENSORS/2 OPERATORS",,1015.0,710.5,,,,
E06652.0000,PCBA ASSEMBLY; VOLTAGE SNIFFER,,1414.0,989.8,,,,
E06853.0000,BOARD SWING.POWER FAIL DOOR SPEED CONTROL,,31.6,22.12,,,,
E06950.0000,ELECTRIC STRIKE PC BOARD ASSEMBLY C10693.0000,,586.0,410.2,,,,
E08020.0000,CONTACT4 BALL TRANSFER RUTHERFORD CONTROLS 9503 OR DAKOTA DIGITA EA,,656.0,459.2,,,,
E08020.0002,KIT POWER TRANSFER HEADER,,328.0,229.6,,,,
E08020.0003,KIT POWER TRANSFER SO PANEL,,84.1,58.87,,,,
E08036.0000,3/C CONNECTOR MINI UNIVERSAL PLUG HOUSING MALE,,3.3,2.31,,,,
E08038.0000,TERMINAL BLOCK 2/C 5.0 MM PHOENIX# MSTB2.5/2ST(1754449),,14.3,10.01,,,,
E09010.0000,"ENCODER, 12 PULSE PER REVOLUTION",,132.0,92.4,,,,
K00467.0001,SERV.KIT UNIVERSAL CABLE S2000 BIPART OPERATOR,,534.0,373.8,,,,
K00467.0002,WINDOW CABLE KIT,,274.0,191.8,,,,
K00515.001A,PIVOT PIN SO-SX310-SERV KIT,,17.5,12.25,,,,
K00515.001B,PIVOT PIN SO-SX310-SERV KIT,,15.9,11.13,,,,
K00582.002A,BOTTOM PIVOT BUSHING SO MANUAL NO THRESHOLD,,93.4,65.38,,,,
K00582.002B,BOTTOM PIVOT BUSHING SO MANUAL NO THRESHOLD,,92.1,64.47,,,,
K00589.0000,BOTTOM PIVOT BUSHING SO MANUAL NO THRESHOLD,,49.3,34.51,,,,
K00594.0003,HANGER BRACKET SLIDING DOOR MODIFIED OFFSET-SERV KIT,,86.0,60.2,,,,
K00768.00BP,KITSPACER SO PNL-BPRTSG TELE 2000200120032003T 310 SLIDE,,50.9,35.63,,,,
K00768.00SG,KITSPACER BTWN SOSX PNL-SNGL,,13.5,9.45,,,,
K00768.01BP,KITSPACER-SOSX PNL-BPRT TELE,,25.4,17.78,,,,
K00827.0001,"KITTOP WHEEL ASSY ""SX""110 ICU",,61.9,43.33,,,,
K00865.000A,KITSERV-POSHANDLE LATCH,,689.0,482.3,,,,
K00865.000B,KITSERV-POSHANDLE LATCH,,566.0,396.2,,,,
K00880.0000,TOE ROLLER ASSY-SERV KIT,,111.0,77.7,,,,
K00902.0001,SERV KITSX C/O SW-2000L B,,97.4,68.18,,,,
K00903.0000,KIT; 2000 BELT SINGLE ALARM CONTACT,,56.4,39.48,,,,
K00903.0002,KIT; 2000 BELT BI-PART ALARM CONTACT,,59.3,41.51,,,,
K00903.0003,KIT; 2001 ALARM CONTACT,,83.5,58.45,,,,
K00903.0004,KIT; 2003 BELT ALARM CONTACT,,74.1,51.87,,,,
K00910.000A,"ASSYSO CLOSER-""SO-SX""",,463.0,324.1,,,,
K00910.000B,"ASSYSO CLOSER-""SO-SX""",,488.0,341.6,,,,
K00911.000A,"[EO]ASSYSO CLOSER-""SX-SO""",,463.0,324.1,,,,
K00911.000B,"ASSYSO CLOSER-""SX-SO""",,488.0,341.6,,,,
K00942.0000,SPRING ASSY-SERV KIT BREAKOUT FOR O-SX SX-SO,,102.0,71.4,,,,
K00943.0000,SPRING ASSY-SERV KIT BREAKOUT FOR SX-O SO-SX,,102.0,71.4,,,,
K00980.0000,SX GUIDETRACKLESS ICU-SERVKIT SX-SO SO-SX,,194.0,135.8,,,,
K00980.0001,SERV KITSO BTTM GUIDE310T ICU NARROW MEDIUM STILES,,163.0,114.1,,,,
K00980.0002,SERV KITSX BTTM GUIDE310T ICU NARROW STILES,,194.0,135.8,,,,
K00980.0004,SERV KITSX BOT GUIDE-310T ICU MEDIUM STILE,,164.0,114.8,,,,
K00981.001A,PIVOT ASSY SO-SX310-SERV KIT,,113.0,79.1,,,,
K00981.001B,PIVOT ASSY SO-SX310-SERV KIT,,105.0,73.5,,,,
K00983.0000,SX GUIDETRACKLESS ICU-SERVKIT SX-SO SO-SX PIN AND PLATE,,84.1,58.87,,,,
K00986.0001,PIVOT POST SO-SX310-SERV KIT,,41.2,28.84,,,,
K02150.0FIT,KITRETROFIT CONTROL,,3149.0,2204.3,,,,
K02176.0005,FAIL SECURE AUTOLOCK-SERV KIT (SERIES 2000 W/C2150),,803.0,562.1,,,,
K02176.7LSG,"KITSERV-AUTOLOCK FAIL SEC 2000B ""X-O"" ""O-SX"" ""SX-SO""",,837.0,585.9,,,,
K02176.7RBP,KITSERV-AUTOLOCK FAIL SEC 2000B BIPART SLIDES,,837.0,585.9,,,,
K02176.7RSG,"KITSERV-AUTOLOCK FAIL SEC 2000B ""O-X"" ""SX-O"" ""SO-SX""",,837.0,585.9,,,,
K02180.0002,MOTOR BEARINGDUNKER-SERVKIT,,1049.0,734.3,,,,
K02196.0005,FAIL SAFE AUTOLOCK-SERV KIT (SERIES 2000 W/C2150),,790.0,553.0,,,,
K02196.7LSG,"KITSERV-AUTOLOCK FAIL SAFE 2000B ""X-O"" ""O-SX"" ""SX-SO""",,837.0,585.9,,,,
K02196.7RBP,KITSERV-AUTOLOCK FAIL SAFE 2000B BIPART SLIDES,,837.0,585.9,,,,
K02196.7RSG,"KITSERV-AUTOLOCK FAIL SAFE 2000B ""O-X"" ""SX-O"" ""SO-SX""",,790.0,553.0,,,,
K03150.0000,"KIT, SLIDE; C3150 CONTROL W/BEA SENSOR CABLE",,1443.0,1010.1,,,,
K03150.0001,"KIT, SLIDE; C3150 CONTROL W/OPTEX SENSOR CABLE",,1258.0,880.6,,,,
K03190.0000,ICU POSITIVE LATCH-SERV KIT,,586.0,410.2,,,,
K03300.0002,KITCABLE 2003 SLOW DOOR,,234.0,163.8,,,,
K03310.0000,KITPOWER DISCONNECT MODULE,,273.0,191.1,,,,
K03976.000B,FAIL SECURE AUTOLOCK-SERV KIT (BIPART S2001),,892.0,624.4,,,,
K03976.000S,FAIL SECURE AUTOLOCK-SERV KIT (SINGLE S2001),,892.0,624.4,,,,
K03977.000B,FAIL SAFE AUTOLOCK-SERV KIT (BIPART S2001),,892.0,624.4,,,,
K03977.000S,FAIL SAFE AUTOLOCK-SERV KIT (SINGLE S2001),,892.0,624.4,,,,
K04024.0002,KIT.SWITCH MONITOR CAM.C5190.SWING,,41.5,29.05,,,,
K04115.0000,MOTOR 4000 SERDUNKER-SERV KIT,,603.0,422.1,,,,
K04120.0000,SERV KIT4000 SIDE TO BOTTOM,,176.0,123.2,,,,
K04241.014A,PARALLEL ARM/TRACK 14TOOTH CLR,,500.0,350.0,,,,
K04241.014B,PARALLEL ARM/TRACK 14TOOTH BRZ,,500.0,350.0,,,,
K04241.014C,PARALLEL ARM/TRACK 14TTH BLACK,,417.0,291.9,,,,
K04241.048A,PARALLEL ARM/TRACK 48TOOTH CLR,,389.0,272.3,,,,
K04241.048B,PARALLEL ARM/TRACK 48TOOTH BRZ,,389.0,272.3,,,,
K04248.014A,PARALLEL ARM 14 TOOTH CLEAR,,431.0,301.7,,,,
K04248.014B,PARALLEL ARM 14 TOOTH BRONZE,,431.0,301.7,,,,
K04248.048A,PARALLEL ARM 48 TOOTH CLEAR,,360.0,252.0,,,,
K04248.048B,PARALLEL ARM 48 TOOTH BRONZE,,360.0,252.0,,,,
K04290.0000,RETROFIT 4000 BOT TO SIDELOAD SERV KIT,,201.0,140.7,,,,
K04537.0000,TOP PIVOT-SERV KIT BOTTOM LOAD HEADER,,515.0,360.5,,,,
K04538.0000,TOP PIVOT ASSY-SERV KIT BOTTOM LOAD HEADER,,575.0,402.5,,,,
K04538.0001,TEMPORARY TOP PIVOT-SERV KIT BOTTOMLOAD HEADER (45004800),,98.3,68.81,,,,
K04542.000A,BOTTOM PIVOT SET-SERV KIT (DOOR THRESHOLD),,207.0,144.9,,,,
K04542.000B,BOTTOM PIVOT SET-SERV KIT (DOOR THRESHOLD),,193.0,135.1,,,,
K04556.0000,DRIVE BLOCK ASSY-SERV KIT,,125.0,87.5,,,,
K05518.001A,FIXED STOP DIRECT DR-SERV KIT,,84.1,58.87,,,,
K05518.001B,FIXED STOP DIRECT DR-SERV KIT,,86.0,60.2,,,,
K05542.001A,PIVOT FLOOR PORTION-SERV KIT BEARING,,96.5,67.55,,,,
K05542.001B,PIVOT FLOOR PORTION-SERV KIT,,86.3,60.41,,,,
K05551.0000,KITPIVOT FLOOR 2000 310 SERS,,125.0,87.5,,,,
K05551.0003,KIT; 310 SO PIVOT PIN; THRESHOLD; SLIDE; S2021/S2022,,21.1,14.77,,,,
K05595.0000,BOTTOM PIVOT SET-SERV KIT (NO THRESHOLD),,113.0,79.1,,,,
K05598.0000,BOTTOM PIVOT BEARING-SERV KT,,86.0,60.2,,,,
K05621.0000,PIN PULLEY REPLACE KIT S2003,,116.0,81.2,,,,
K05656.000B,FAIL SECURE AUTOLOCK-SERV KIT (BIPART S2003),,855.0,598.5,,,,
K05656.000S,FAIL SECURE AUTOLOCK-SERV KIT (SINGLE S2003),,855.0,598.5,,,,
K05656.BIPT,"AUTOLOCK KIT ""FAIL SEC"" 2003T BIPT TELESCOPING",,1245.0,871.5,,,,
K05656.SNGL,"AUTOLOCK KIT ""FAIL SEC""-2003T SNGL TELESCOPING",,1043.0,730.1,,,,
K05657.000B,FAIL SAFE AUTOLOCK-SERV KIT (BIPART S2003),,871.0,609.7,,,,
K05657.000S,FAIL SAFE AUTOLOCK-SERV KIT (SINGLE S2003),,871.0,609.7,,,,
K05657.BIPT,"KITAUTOLOCK""F SAFE""2003T BIPT",,1245.0,871.5,,,,
K05657.SNGL,"KITAUTOLOCK""F SAFE""2003T SNGL",,1043.0,730.1,,,,
K06050.0000,BOTTOM GUIDE/FLOOR MOUNT ASSY SERV KIT,,128.0,89.6,,,,
K06300.0000,"KIT, PIGTAIL HARNESS C5190 & C5191",,152.0,106.4,,,,
K06610.0000,KIT; SMB SWING,,605.0,423.5,,,,
K07606.0000,BOTTOM PIVOT(40007000FOLDING,,170.0,119.0,,,,
K07607.0000,"BOTTOM PIVOT(40007000FOLDING DOORS W/ 1/4"" THRESHOLD)",,191.0,133.7,,,,
K07608.0000,"BOTTOM PIVOT DOOR PORTION (40007000) 1/2"" THRESHOLD",,194.0,135.8,,,,
K07609.0000,BOTTOM PIVOT DOOR PORTION (40007000) NO THRESHOLD,,71.1,49.77,,,,
K07614.0000,FLOOR PORTION(40007000FOLD- ING DOORS W/ NO THRESHOLD),,122.0,85.4,,,,
K07618.LHRA,AUTO BREAKOUT ASSY LHR,,976.0,683.2,,,,
K07618.LHRB,AUTO BREAKOUT ASSY LHR BZ,,1000.0,700.0,,,,
K07618.RHRA,AUTO BREAKOUT ASSY RHR CLR,,976.0,683.2,,,,
K07618.RHRB,AUTO BREAKOUT ASSY RHR BZ,,1000.0,700.0,,,,
K07619.2LHA,KIT BIFOLD B/O TELFORD LH CLR 1500MM OA-FINAL MACH BY U.K.,,920.0,644.0,,,,
K07619.2RHA,KITBIFOLD B/O TELFORD RH CLR 1500MM OA-FINAL MACH BY U.K.,,907.0,634.9,,,,
K08199.50SG,KIT8100 CHAS/OP 50 SGL LOCK,,1686.0,1180.2,,,,
K08200.50T,"KIT8200 BIPART OPERATOR-50""",,2833.0,1983.1,,,,
K08300.0000,AUTOMATIC LOCK ASSY-SERV KIT FOR 8700 PATIO OPERATOR,,249.0,174.3,,,,
K08302.0000,S8700 AUTOLOCK ACCY-SERV KIT,,102.0,71.4,,,,
K08320.0000,AUTOMATIC LOCK ASSY-SERV KIT FOR WINDOWS,,181.0,126.7,,,,
K08322.0000,S8000 AUTOLOCK ACCY-SERV KIT,,95.2,66.64,,,,
K09006.00G3,WEATHER STRIP KIT FOR WINGS TO BE USED ON A 3W GRAND REVOLVER,,1522.0,1065.4,,,,
K09006.00R3,KITW/S-3W RND REVOLVER,,1214.0,849.8,,,,
K09006.00R4,KITW/S-4W RND REVOLVER,,1651.0,1155.7,,,,
K09006.00S3,KITW/S-3W SEG REVOLVER,,1586.0,1110.2,,,,
K09006.00S4,KITW/S-4W SEG REVOLVER,,2103.0,1472.1,,,,
K09527.001A,BREAKOUT STOP ASSY-SERV KIT,,708.0,495.6,,,,
K09527.001B,BREAKOUT STOP ASSY-SERV KIT,,888.0,621.6,,,,
K09535.0000,TOP PIVOT DOOR ASSY-SERV KIT,,113.0,79.1,,,,
K09538.0000,TOP PIVOT ASSY-SERV KIT HEADER (75007800),,101.0,70.7,,,,
K09538.0001,TEMPORARY TOP PIVOT-SERV KIT SIDELOAD HEADER (7000),,107.0,74.9,,,,
K09541.0001,BOTTOM PIVOT ASSY-SERV KIT DOOR PORTION(TOP LOAD STYLE),,104.0,72.8,,,,
K09546.0000,TOP PIVOT-SERV KIT HEADER (75007800),,87.2,61.04,,,,
K20908.0DBL,KIT.PHARMA HOOD.DOUBLE.SWING,,1177.0,823.9,,,,
K20908.0SGL,KIT.PHARMA HOOD.SINGLE.SWING,,589.0,412.3,,,,
KL0158.0000,PUSH ROD ASSY,,218.0,152.6,,,,
KL0164.0000,NOSING ASSY,,341.0,238.7,,,,
KL0171.0000,EXPANSION HARNESS C2150 TO C2510.1,,28.4,19.88,,,,
KL0172.0000,CONTROL/LOCK HARNESS ASSY,,34.0,23.8,,,,
KL0173.0000,J1 JUMPER HARNESS ASSY,,21.2,14.84,,,,
KL0175.0000,MOTOR EXTENSION HARNESS ASSY,,174.0,121.8,,,,
KL0180.0000,AUTOLOCK ASSY,,1448.0,1013.6,,,,
KL0186.0000,ASSY- KEYSWITCH/DATA PORT,,2404.0,1682.8,,,,
KL0303.0000,R.H. LOCK KEEPER-SHIP LOOSE,,35.3,24.71,,,,
KL0333.0000,TOP RELEASE ROD,,59.3,41.51,,,,
KL0333.0001,TOP RELEASE,,34.0,23.8,,,,
KL0340.0000,DOOR BOTTOM GUIDE ANGLE,,299.0,209.3,,,,
KL0341.0000,"BOTTOM GUIDE PILE TAPE-40"" C R LAURENCE A71320B",,28.2,19.74,,,,
KL0344.0000,DRIVE BELT-C2658 X 246.25IN.,,875.0,612.5,,,,
KL0345.0000,BOTTOM BRUSH SEAL,,106.0,74.2,,,,
KL0349.0000,"VERTICAL MOHAIR SEAL C389 82.125""",,24.1,16.87,,,,
KL0360.0000,HANGER SHIM,,41.0,28.7,,,,
R02150.01RC,REBUILT-C2150-1RC CONTROL ASSY SMALL PARTS SALES,,2349.0,1644.3,,,,
R02150.01RD,REBUILT-C2150-1RD CONTROL ASSY SMALL PARTS SALES,,2349.0,1644.3,,,,
R04160.0002,[HORTON REBUILD]REBUILT-MASTER CONTROL,,431.0,301.7,,,,
R04190.00BL,[HORTON REBUILD]RBLT-7000 NEW CTRL BOTTOM LOAD,,917.0,641.9,,,,
R04190.00LH,[HORTON REBUILD]RBLT-7000 NEW STYLE CONTROL LH,,765.0,535.5,,,,
R04190.00RH,[HORTON REBUILD]RBLT-7000 NEW STYLE CONTROL RH,,765.0,535.5,,,,
R09150.0003,[HORTON REBUILD]RBLT MSTR CNTRL 2 WAY 4W SEC X,,4047.0,2832.9,,,,
R09150.0005,[HORTON REBUILD]RBLT MSTR CNTRL AUTO GRAND 3/4 WING,,2763.0,1934.1,,,,
R09210.0001,[HORTON REBUILD]REBUILT-MANUAL SPEED CONTROL,,838.0,586.6,,,,
R09810.0001,[HORTON REBUILD]REBUILT-CONTROL 9000,,1809.0,1266.3,,,,
R6200.SPA,RD GRAND 2WING ROUND 204R1,,244791.0,171353.7,,,,
R6200.SPB,RD GRAND 2-WING ROUND 313R1,,244791.0,171353.7,,,,
R6200.SPC,RD GRAND 2-WING ROUND 315R1,,244791.0,171353.7,,,,
R6300.SPP,RD CLEAR FLOW 3WING ROUND #4 SS BRUSHED,,104911.0,73437.7,,,,
R6300.SPQ,RD CLEAR FLOW 3WING ROUND #8 SS POLISHED,,92027.0,64418.9,,,,
R6400.SPP,RD CLEAR FLOW 4WING ROUND #4 SS BRUSHED,,104911.0,73437.7,,,,
R6400.SPQ,RD CLEAR FLOW 4WING ROUND #8 SS POLISHED,,104911.0,73437.7,,,,
