Part Number,Description,UOM,List Price,Net Price,Category,Manufacturer Part,Notes,Old Part #
A-00002,"ELECTRIC LOCK,FAIL SAFE,GT1100",EA,1582.0,791.0,,,,
A-00003,"SWITCH, PROXIMITY",EA,115.0,57.5,,,,11-8051
A-00008,"OPERATOR,PIN,MODIFIED",EA,48.0,24.0,,,,24-3169
A-00012,"BLOCK,PILLOW,MACHINED,MILL",EA,41.0,20.5,,,,14-5474-03
A-00021,"BRACKET,COME ALONG;MILL,MACHINED",EA,36.0,18.0,,,,14-12080
A-00029,"ASM, TOP PIVOT, 1175 SWING PANEL",EA,123.0,61.5,,,,21-9507
A-00032,"ASM,PIVOT,ALL GLASS-OBS 4 US SERVIC ONLY",EA,643.0,321.5,,,,21-5855
A-00042,"ASM, IDLER PULLEY",EA,113.0,56.5,,,,22-9210
A-00057,"BALL DETENT,ASSEMBLY",EA,75.0,37.5,,,,12-9082
A-00060,"LIMIT ARM,SWING PANEL,ASM,NARROW STILE",EA,75.0,37.5,,,,21-8160
A-00062,"ASM,ROLLER,GUIDE",EA,46.0,23.0,,,,14-9045-01
A-00069,"PANIC CATCH ASM,BOTTOM HALF,.090 WALL",EA,96.0,48.0,,,,21-3468
A-00071,"PANIC CATCH, UPPER,ASM.",EA,49.0,24.5,,,,12-14478
A-00078,"BELT,DRIVE,IDLER SPROCKET,TENSIONER",EA,50.0,25.0,,,,21-5990
A-00080,"BRACKET,RECESSED HANDLE MOUNT",EA,63.0,31.5,,,,14-3968
A-00087,"BUMPER,DOOR STOP",EA,37.0,18.5,,,,12-8233
A-00092,"ASM,CARRIER BAR,NARROW STILE",EA,99.0,49.5,,,,24-12002-10
A-00128,"DOOR STOP,ASM.",EA,69.0,34.5,,,,14-9079
A-00129,"ASM,AMPLIFIER,PHOTOEYE",EA,176.0,88.0,,,,11-14829
A-00143,REED SWITCH ASSEMBLY WIDE GAP,EA,43.0,21.5,,,,12-14490-10
A-00144,"ASM,REED SWITCH,N.O.,STD GAP,15"" LEADS",EA,43.0,21.5,,,,12-14490-52
A-00149,"ASM,MAGNET,BREAKOUT",EA,55.0,27.5,,,,11-9212
A-00162,"ROLLER, HANGER, ASSEMBLY, 1175",EA,65.0,32.5,,,,11-10733
A-00163,AXLE ASSEMBLY-ANTI RISE ROLLER,EA,96.0,48.0,,,,11-9037
A-00165,"ASM,CARRIER BAR,MEDIUM STILE",EA,91.0,45.5,,,,24-12002-20
A-00166,"STOP BLOCK ASSY, SWING PANEL LIMIT ARM",EA,48.0,24.0,,,,12-8259
A-00168,"ASM,CARRIER BAR,NARROW STILE,NARROW PANL",EA,126.0,63.0,,,,24-12002-30
A-00169,"ARM,LIMIT,NARROW STILE,NARROW PANEL",EA,43.0,21.5,,,,24-10068
A-00172,"ASM,CARRIER BAR,MEDIUM STILE,NARROW PANL",EA,100.0,50.0,,,,24-12002-40
A-00173,"ARM,LIMIT,MEDIUM STILE,NARROW PANEL",EA,45.0,22.5,,,,24-12056
A-00181,"BTM GUIDE DOUBLE ROLLER ASM, RH",EA,128.0,64.0,,,,21-9046-10
A-00183,"BTM GUIDE DOUBLE ROLLER ASM, LH",EA,128.0,64.0,,,,21-9046-20
A-00184,"NOSE CASTER,ALL GLASS,ASM.",EA,97.0,48.5,,,,11-5984
A-00198,"NOSE CASTER ASSY, NAR",EA,278.0,139.0,,,,14-5543-11
A-00207,"NOSE CASTER ASSY, MED",EA,249.0,124.5,,,,14-5543-21
A-00210,"CAP,END,BTM RAIL RH ASM",EA,44.0,22.0,,,,14-11401-10
A-00213,"CAP, END, BTM RAIL LH ASM",EA,44.0,22.0,,,,14-11401-20
A-00240,"CAP,END,TOP RAIL,ALL GLASS,LH1 ASM",EA,55.0,27.5,,,,14-5868-20
A-00242,"CAP,END,TOP RAIL,ALL GLASS,RH1 ASM",EA,55.0,27.5,,,,14-5868-10
A-00244,"CAP,END,TOP RAIL,ALL GLASS,RH2 ASM",EA,69.0,34.5,,,,14-5867-20
A-00246,"CAP,END,TOP RAIL,ALL GLASS,LH2 ASM",EA,55.0,27.5,,,,14-5867-30
A-00248,"CAP,END,BEVELED,TOP RAIL,ALL GLAS,RH ASM",EA,91.0,45.5,,,,14-5867-10
A-00250,"CAP,END,BEVELED,TOP RAIL,ALL GLAS,LH ASM",EA,55.0,27.5,,,,14-5867-40
A-00252,"CAP,END,BEVELED,BTM RAIL,ALL GLAS RH ASM",EA,69.0,34.5,,,,14-11400-10
A-00254,"CAP,END,BTM RAIL,ALL GLASS RH ASM",EA,69.0,34.5,,,,14-11400-20
A-00256,"CAP,END,BTM RAIL,ALL GLASS LH ASM",EA,44.0,22.0,,,,14-11400-30
A-00258,"CAP,END,BEVELED,BTM RAIL,ALL GLAS LH ASM",EA,85.0,42.5,,,,14-11400-40
A-00264,"LATCHBOLT, HEAVY DUTY, MODIFIED",EA,194.0,97.0,,,,24-11653
A-00271,"SPEED REDUCER, 2,1, DRIVER SUB-ASM",EA,372.0,186.0,,,,22-13921-10
A-00272,"SPEED REDUCER, 2,1, RH ASM",EA,1473.0,736.5,,,,21-13920-10
A-00274,"SPEED REDUCER, 2,1, DRIVEN SUB-ASM",EA,397.0,198.5,,,,22-13921-20
A-00275,"SPEED REDUCER, 2,1, LH ASM",EA,1473.0,736.5,,,,21-13920-20
A-00278,"BRKT, BELT TENSION ASM",EA,30.0,15.0,,,,11-14200
A-00281,"ASM, NUT BAR, MALE INTERLOCK",EA,33.0,16.5,,,,12-14065
A-00282,"NUT BAR,FEMALE,INTERLOCK",EA,51.0,25.5,,,,12-14066
A-00283,"NUT PLATE,COVER,FS",EA,82.0,41.0,,,,12-14198
A-00285,"DRIVE, RH ASM",EA,236.0,118.0,,,,21-13946-30
A-00292,"HINGE PIN,BI-FOLD",EA,45.0,22.5,,,,12-8952
A-00293,"ELECTRIC STRIKE, TELE FAIL SECURE ASM",EA,767.0,383.5,,,,21-14509-03
A-00294,"ELECTRIC STRIKE,TELE FAIL SAFE, ASM",EA,767.0,383.5,,,,21-14509-04
A-00296,"ELECTRIC STRIKE, FAIL SAFE, VON DUPRIN",EA,621.0,310.5,,,,14-10462-04
A-00299,"DOOR STOP,TELE ASM",EA,96.0,48.0,,,,14-9079-02
A-00301,"ENDCAP,STRIKE END,2""",EA,41.0,20.5,,,,21-14030
A-00305,"ASM, ANTI-RISE, HURRICANE",EA,65.0,32.5,,,,21-14035
A-00307,"BTM BRKT WELDMENT, LH FS, ALL GLASS",EA,71.0,35.5,,,,21-9985
A-00309,"BTM BRKT, WELDMENT, RH FS, ALL GLASS",EA,71.0,35.5,,,,21-9984
A-00318,"ASM,GUIDE BLOCK,NARROW STILE,2100,LH",EA,65.0,32.5,,,,12-12409
A-00319,"ASM,RETAINER,CARRIER,ECCENTRIC",EA,49.0,24.5,,,,21-14040
A-00321,"ASM,GUIDE BLOCK,NARROW STILE,2100,RH",EA,65.0,32.5,,,,12-12410
A-00323,"ASM,CARRIER BAR,MEDIUM STILE,H105",EA,88.0,44.0,,,,24-12002-50
A-00324,"ASM, INTERLOCK, MALE, HURRICANE",EA,100.0,50.0,,,,12-14195
A-00325,"ASM,GUIDE BLOCK,MEDIUM STILE,2100,LH",EA,65.0,32.5,,,,12-12411
A-00327,"ASM,GUIDE BLOCK,MEDIUM STILE,2100,RH",EA,65.0,32.5,,,,12-12412
A-00329,"GUIDE BLOCK, BOTTOM",EA,46.0,23.0,,,,14-14049
A-00332,"FLUSHBOLT,5/8"" THROW,1/4"" OFFSET,204",EA,89.0,44.5,,,,24-5505-01
A-00333,"SCREW, FO, BOTTOM GUIDE, HURRICANE",EA,24.0,12.0,,,,14-14059
A-00335,"GUIDE,BOTTOM,FULL OPEN,H105",EA,372.0,186.0,,,,21-14045
A-00341,"LOCK, ELECTRIC,FAIL SAFE,1175",EA,737.0,368.5,,,,22-10522-04
A-00342,"LOCK, ELECTRIC,FAIL SECURE,1175",EA,737.0,368.5,,,,22-10522-03
A-00343,"BRKT,BELT,ELECTRIC LOCK,RHFS,LHFO,BP",EA,179.0,89.5,,,,14-12104-10
A-00345,"ASM, LOWER PIVOT, FSRH, HURRICANE",EA,355.0,177.5,,,,21-14050-10
A-00346,"ASM, LOWER PIVOT, FSLH, HURRICANE",EA,355.0,177.5,,,,21-14050-20
A-00348,"COVER,SWITCH,SWINGER",EA,75.0,37.5,,,,22-4498
A-00352,"HARNESS,THREE SWITCH OPERATOR",EA,104.0,52.0,,,,22-0570
A-00382,"FLUSHBOLT,5/8"" THROW,1/4"" OFFSET,313",EA,89.0,44.5,,,,24-5505-02
A-00385,"JUMPER,BREAKOUT",EA,51.0,25.5,,,,12-10324
A-00386,ALARM CONTACT,EA,60.0,30.0,,,,11-14389
A-00387,"BREAKOUT SWITCH, WIDE GAP - F/S",EA,84.0,42.0,,,,14-12158
A-00388,"PARTS BAG,SEX BOLTS & HARDWARE,313",EA,39.0,19.5,,,,12-1355-01
A-00389,"PARTS BAG,SEX BOLTS & HARDWARE,204",EA,14.1,7.05,,,,12-1355
A-00392,"SPRING,COMPRESSION,PANIC LATCH,MACHINED",EA,45.0,22.5,,,,14-6121-02
A-00398,"SWITCH, 110V,ON/OFF",EA,46.0,23.0,,,,14-12105
A-00400,"CARRIER END CAP,STRIKE SIDE,204",EA,49.0,24.5,,,,12-10882-01
A-00401,"CARRIER END CAP,STRIKE SIDE,313",EA,49.0,24.5,,,,12-10882-02
A-00402,"PARTS KIT,FS,1175,RH,",EA,136.0,68.0,,,,21-9250
A-00403,"PARTS KIT,COMPLETE,FS,1175,LH",EA,136.0,68.0,,,,21-9249
A-00404,"PARTS KIT,FO,NARROW STILE,NH",EA,130.0,65.0,,,,21-9251
A-00405,"PARTS KIT,FO,MEDIUM STILE,NH",EA,136.0,68.0,,,,
A-00406,"LIMIT ARM,SWING PANEL,ASM,MEDIUM STILE",EA,64.0,32.0,,,,21-8850
A-00407,"PARTS KIT,POCKETED UNIT,1175,NH",EA,146.0,73.0,,,,
A-00408,"PARTS KIT,TELE,FO,NARROW STILE",EA,146.0,73.0,,,,21-10312
A-00409,"PARTS BAG,ON/OFF,SWINGER,SWITCH",EA,184.0,92.0,,,,12-11358
A-00413,"LEVER,PANIC LATCH,SUB-ASM",EA,47.0,23.5,,,,12-7279
A-00416,"ROLLER HANGER,30MM",EA,82.0,41.0,,,,12-10027
A-00417,"FLOOR PIVOT ASSY, PIN & COVER",EA,96.0,48.0,,,,21-0926
A-00419,"ASM,PANIC LATCH,CU,CLR",EA,364.0,182.0,,,,11-0941-01
A-00423,"PARTS BAG,WIRE,HARNESS,CLIP",EA,14.9,7.45,,,,12-10576
A-00430,"ASM,PANIC LATCH,OHC,CLR",EA,388.0,194.0,,,,11-0930-01
A-00440,"END CAP,CARRIER,LOCK RECIEVER,204",EA,35.0,17.5,,,,14-8630-01
A-00444,"ASM,RELAY,DOLLAR GENERAL",EA,95.0,47.5,,,,21-13263
A-00446,"HINGE,BIFOLD,LH,MILL",EA,39.0,19.5,,,,24-8924-03
A-00449,"SWITCH,ROCKERLE RS-11,ON/OFF,ASSY W/FPLT",EA,62.0,31.0,,,,10-3527
A-00450,"PARTS BAG,O.H.C. TRACK,SCREW",EA,34.0,17.0,,,,12-3398
A-00453,"FUSE,3AMP,W/HEAT SHRINK",EA,35.0,17.5,,,,12-13166
A-00454,"ARM STOP, SWINGER",EA,17.0,8.5,,,,14-12073
A-00455,"PIVOT BLOCK,O.H.C.,TRACK W/STOP",EA,85.0,42.5,,,,22-2134
A-00456,"SLIDE BLOCK,ASM",EA,24.0,12.0,,,,21-5371
A-00459,"TRACK,OHC,W/ SCREW BAG",EA,189.0,94.5,,,,21-0925
A-00467,"DOOR ROLLER,BTM GUIDE W/ 10IN BTM RAIL",EA,75.0,37.5,,,,14-9045-03
A-00470,PUSH ROD,EA,33.0,16.5,,,,14-10711-10
A-00475,"RING AND PINION,GT710 GEAR SET,PW ELECT",EA,125.0,62.5,,,,12-13773-02
A-00476,"NOSE GUIDE, BIFOLD",EA,201.0,100.5,,,,22-8939
A-00477,"JUMPER,ROCKER SWITCH",EA,39.0,19.5,,,,14-13891
A-00481,"ASM,TRACK,CU,LONG,204",EA,136.0,68.0,,,,21-0998-01
A-00482,"DOOR STOP,JACKSON PADDLE,204",EA,289.0,144.5,,,,14-5958-01
A-00485,"PARTS BAG, 2150 NON-HANDED",EA,58.0,29.0,,,,12-11019
A-00489,"STOP,RING ASSY",EA,128.0,64.0,,,,11-1532
A-00490,"PIVOT,TOP,SWINGER",EA,201.0,100.5,,,,21-0750
A-00491,"BRACKET,MOUNTING ,PANIC,LATCH 204",EA,39.0,19.5,,,,12-1889-01
A-00493,"KIT,PART,TIE ROD,TRANSOM",EA,41.0,20.5,,,,14-12290
A-00496,"GUIDE TRACK,CU,LONG,MILL",EA,161.0,80.5,,,,21-5261
A-00498,"TRACK,ROLLER,ASM.",EA,96.0,48.0,,,,21-9034
A-00500,"BTTM PIVOT ASSY, DOOR PORTION, SWING DR",EA,196.0,98.0,,,,21-0098
A-00501,"BRACKET,MOTOR,REAR,BTM LOAD",EA,91.0,45.5,,,,21-0709
A-00502,"KIT,HARDWARE,ALL GLASS,INSTALLATION",EA,147.0,73.5,,,,12-5963-01
A-00508,"GUIDE,BOTTOM,DOUBLE ROLLER,RAIL-LH,10",EA,147.0,73.5,,,,21-13522-20
A-00509,"KIT,ROLLER,FULL OPEN BOTTOM GUIDE",EA,65.0,32.5,,,,14-11320-10
A-00514,"KIT,FLOOR PIVOT ASM,BI-FOLD",EA,223.0,111.5,,,,22-9643
A-00518,"GUIDE,BOTTOM,DOUBLE ROLLER,RAIL-RH,10",EA,147.0,73.5,,,,21-13522-10
A-00519,"KIT,POS LATCH,W/ HANDLES,204",EA,559.0,279.5,,,,14-13495-01
A-00528,"CONTROL,SLOW MODE",EA,1298.0,649.0,,,,41-2208
A-00552,"ASM,SWITCH,KEY,ON/OFF/HOLD OPEN",EA,98.0,49.0,,,,22-1772-03
A-00560,"ASM,CENTER PIVOT,BOTTOM LOAD,5-1/2"",204",EA,254.0,127.0,,,,21-1593
A-00565,"TRACK AND PIVOT,OHC,5/8"" WEB",EA,371.0,185.5,,,,21-0927
A-00582,"PARTS KIT,NARROW STILE,2100TELESCOPIC,RH",EA,710.0,355.0,,,,22-10846-10
A-00583,"PARTS KIT,NARROW STILE,2100TELESCOPIC,LH",EA,710.0,355.0,,,,22-10846-20
A-00605,TRACK:OHC,EA,147.0,73.5,,,,21-0925-01
A-00614,"PARTS KIT,NARROW STILE,2100,RH",EA,433.0,216.5,,,,22-10795-10
A-00615,"PARTS KIT,NARROW STILE,2100,LH",EA,432.0,216.0,,,,22-10795-20
A-00618,"PARTS KIT,TELE,FSRH",EA,253.0,126.5,,,,21-10572
A-00619,"PARTS KIT,TELE,FSLH",EA,253.0,126.5,,,,21-10573
A-00623,PARTS KIT:FS:1175:LH:HURRRICANE,EA,216.0,108.0,,,,21-14136
A-00624,PARTS KIT:FS:1175:RH:HURRICANE,EA,216.0,108.0,,,,21-14137
A-00625,"PARTS KIT,FO,1175,NH,HURRICANE",EA,216.0,108.0,,,,21-14140
A-00626,OPERATOR:OPMAN:RH,EA,827.0,413.5,,,,22-10410-01
A-00627,OPERATOR:OPMAN:LH,EA,827.0,413.5,,,,22-10410-02
A-00629,GUIDE:UPPER SPINDLE:BIFOLD,EA,77.0,38.5,,,,14-8968
A-00630,"ASM,COME ALONG,ICU,204",EA,128.0,64.0,,,,12-12070-01
A-00641,RELAY MOUNTING PLATE,EA,115.0,57.5,,,,22-13916
A-00642,SCREW BAG:O.H.C.,EA,36.0,18.0,,,,12-1339
A-00665,"SPACER,RECESSED PULL;NRW.STILE",EA,35.0,17.5,,,,14-11241-01
A-00666,"BOTTOM PIVOT,2100,RH",EA,317.0,158.5,,,,12-10796
A-00667,"BOTTOM PIVOT,2100,LH",EA,316.0,158.0,,,,12-10797
A-00668,"PARTS KIT,MEDIUM STILE,2100,RH",EA,426.0,213.0,,,,22-10795-40
A-00669,"PARTS KIT,MEDIUM STILE,2100,LH",EA,426.0,213.0,,,,22-10795-50
A-00684,"SENSOR,ACUSENSOR 3,W/HARNESS",EA,334.0,167.0,,,,14-8902-3
A-00686,"T-NUT,3/8-16X.750L",EA,33.0,16.5,,,,14-14592
A-00688,"KIT, ELECT LOCK,1175,U30/OPUS,FAIL SAFE",EA,1039.0,519.5,,,,21-10471-04
A-00689,"KIT,ELECT LOCK,1175,U30/OPUS,FAIL SECURE",EA,1039.0,519.5,,,,21-10471-03
A-00690,"MAINSHAFT - SPROCKET WELDMENT, 710",EA,89.0,44.5,,,,21-5648
A-00696,"HANDLE,DOUBLE ""D"",313",EA,236.0,118.0,,,,24-13262-02
A-00697,"HANDLE,""D"",8 INCH CTC,313",EA,212.0,106.0,,,,24-3729-02
A-00709,HOLDING BEAM SYSTEM,EA,210.0,105.0,,,,14-9710-01
A-00714,"SWITCH PANEL,ROCKER & KEY",EA,139.0,69.5,,,,24-11538
A-00717,"POWER SUPPLY,27 VDC,100 WATT",EA,405.0,202.5,,,,
A-00718,"MAGNETIC SWITCH KIT, NO/NC",EA,70.0,35.0,,,,11-11696
A-00719,"ASM,RELAY,ISOLATION,12VDC/24VDC",EA,67.0,33.5,,,,14-12439
A-00728,"MAGNETIC LATCH,RETROFIT KIT",EA,154.0,77.0,,,,11-9363
A-00752,"ROLLER,REPLACEMENT",EA,43.0,21.5,,,,11-1935
A-00758,SWITCHBREAKOUT,EA,124.0,62.0,,,,22-9222
A-00759,BELT CLIP KIT,EA,69.0,34.5,,,,11-12805
A-00761,"CONTROL,SLOW MODE",EA,1298.0,649.0,,,,41-3429
A-00780,"RELAY ASM, E.LOCK - U19, FAIL SECURE",EA,39.0,19.5,,,,24-14594-01
A-00781,"RELAY ASM, E.LOCK - U19, FAIL SAFE",EA,39.0,19.5,,,,24-14594-02
A-00789,"ROLLER,LATERAL",EA,96.0,48.0,,,,
A-00796,"PARTS BAG,INSWING TRACK,GT20",EA,33.0,16.5,,,,
A-00802,"LOCK,W/ ROD AND GUIDE,ADAMS RITE,2-POINT",EA,115.0,57.5,,,,12-8366
A-00803,"LOCK,W/ ROD,ADAMS RITE,3-POINT (HUR)",EA,130.0,65.0,,,,
A-00804,"HARNESS,MAGNUM TO ENCODER MOTOR",EA,9.6,4.8,,,,
A-00805,"ASM,SWITCH,ROCKER,ON/OFF/HOLD OPEN",EA,50.0,25.0,,,,10-3528-01
A-00806,"HARNESS,SWITCH,BIFOLD,OPUS",EA,17.0,8.5,,,,
A-00812,"ASM,ROLLER,ANTI-RISE",EA,55.0,27.5,,,,
A-00826,"OPERATOR,CONV.WIND.W-JMPR&PULLEY",EA,727.0,363.5,,,,24-12538-30
A-00859,"TRACK,ROLLER;GT1100",EA,115.0,57.5,,,,21-8831
A-00863,"HINGE,BIFOLD,MACHINED,RH,313",EA,82.0,41.0,,,,24-8923-02 POWD
A-00864,"HINGE,BIFOLD,RH,MILL",EA,82.0,41.0,,,,24-8923-03
A-00878,"ARMORED STRIKE,TAB",EA,34.0,17.0,,,,14-10604
A-00883,"OPERATOR,GT710,OPUS,RH",EA,1357.0,678.5,,,,
A-00884,"OPERATOR,GT710,OPUS,LH",EA,1357.0,678.5,,,,
A-00888,"CONTROLLER,W/ BRAKE,SIDELOAD,OPUS",EA,568.0,284.0,,,,
A-00890,"HANDLE,RECESSED,LEVER SIDE;TANG CUT;204",EA,133.0,66.5,,,,24-11518-01
A-00891,"HANDLE,RECESSED,LEVER SIDE;TANG CUT;313",EA,98.0,49.0,,,,24-11518-02
A-00898,COVER SUPPORT BRACKET,EA,33.0,16.5,,,,98007-033
A-00899,COVER SUPPORT BRKT. SPACER,EA,44.0,22.0,,,,98007-034
A-00910,"CRADLE, PIVOT - ALL GLASS",EA,85.0,42.5,,,,14-5852
A-00913,"PLATE, END,TELESCOPIC",EA,104.0,52.0,,,,24-10020
A-00923,"BRACKET,STRIKE,COME ALONG,ZINC",EA,68.0,34.0,,,,14-12066-ZINC
A-00924,"BAR,NUT,MALE INTERLOCK",EA,35.0,17.5,,,,14-14033
A-00928,"BAR,NUT,FEMALE INTERLOCK",EA,36.0,18.0,,,,14-14068
A-00931,"BLOCK,F86 LOCK,RH",EA,37.0,18.5,,,,
A-00932,"BLOCK,ROLLER,LATERAL",EA,36.0,18.0,,,,
A-00934,"GUIDE,LOCK,UPPER,HUR,H60,NAR,STILES",EA,34.0,17.0,,,,14-10233
A-00935,"PLATE,FSL BOTTOM GUIDE,REINFORCING",EA,34.0,17.0,,,,14-10231
A-00936,"PLATE,LOCK REINFORCING",EA,71.0,35.5,,,,14-10223
A-00941,"LOCK,BOLT PLATE,THRESHOLD,BI PART,MILL",EA,65.0,32.5,,,,24-10229
A-00945,"BLOCK,F86 LOCK,LH",EA,33.0,16.5,,,,
A-00946,"GUIDE TRACK,CU,LONG",EA,49.0,24.5,,,,24-13360
A-00947,"GUIDE END, CU",EA,43.0,21.5,,,,24-13361
A-00948,"SPACER,OHC TRACK,1/4""",EA,91.0,45.5,,,,24-3557
A-00952,"SPACER,INSWING TRACK",EA,64.0,32.0,,,,14-5806
A-00953,"SHAFT,ROLLER GUIDE;CONV.WIND.",EA,45.0,22.5,,,,14-11534
A-00954,HARNESS;SOFT START KIT,EA,43.0,21.5,,,,22-2066
A-00967,HARNESS;EXTENSION;ROCKER SWITCH;36IN.,EA,35.0,17.5,,,,14-11884-10
A-00972,"PARTS BAG,ELEC.LOCK,RETROFIT,U19;SECURE",EA,144.0,72.0,,,,12-10559-01
A-00973,"PARTS BAG,ELEC.LOCK,RETROFIT,U19;SAFE",EA,144.0,72.0,,,,12-10559-02
A-00980,IDLER ASM.,EA,257.0,128.5,,,,21-8065
A-00984,"BLOCK,RISER,OPUS",EA,34.0,17.0,,,,
A-00988,"HANDLE,D & RECESSED;KIT,204",EA,260.0,130.0,,,,12-12958-01
A-00989,"HANDLE,D & RECESSED;KIT;313",EA,374.0,187.0,,,,12-12958-02
A-01000,"HARNESS,MOTOR,OPUS",EA,64.0,32.0,,,,
A-01001,"HARNESS,HANDING,OPUS",EA,63.0,31.5,,,,
A-01002,"HARNESS,ADAPTER,NON-ENCODER,OPUS",EA,23.0,11.5,,,,
A-01003,"MODULE,BRAKE,OPUS",EA,125.0,62.5,,,,
A-01022,"HOUSING,PANIC LATCH,1 STOCK LENGTH,MILL",EA,34.0,17.0,,,,14-6147-03
A-01031,"ELECTRIC LOCK,U19,1175,FAIL SECURE",EA,1180.0,590.0,,,,21-11658-03
A-01032,"ELECTRIC LOCK,U19,1175,FAIL SAFE",EA,1180.0,590.0,,,,21-11658-04
A-01039,"TRK W/TOP PIVOT BLOCK, FOR PLATING",EA,130.0,65.0,,,,22-2134 ZINC
A-01041,"PARTS BAG,REV.ACC. CVR BRKT.",EA,37.0,18.5,,,,14-11890
A-01042,"ASM,RELAY,MENARDS",EA,97.0,48.5,,,,21-14622
A-01047,"PIVOT ,SPACER",EA,18.0,9.0,,,,24-9641
A-01048,"SWITCH,ROCKER,BIFOLD,OPUS",EA,98.0,49.0,,,,21-9823
A-01063,"BAR,NUT,FEMALE INTERLOCK,ZINC",EA,65.0,32.5,,,,14-14068-PLATING
A-01066,ADAPTER STRIKE BLOCK;F86,EA,41.0,20.5,,,,98006-027
A-01067,"HARNESS,SLIDER,U19 TO OPUS",EA,51.0,25.5,,,,
A-01070,"ARM,INSWING,LH,NABCO LTD.",EA,240.0,120.0,,,,21-10536-11
A-01071,"ARM,INSWING,RH,NABCO LTD.",EA,240.0,120.0,,,,21-10536-21
A-01073,"KIT,INSTALLATION;JAPAN GT710,204",EA,72.0,36.0,,,,12-9498-01
A-01074,"KIT,INSTALLATION;JAPAN GT710,313",EA,72.0,36.0,,,,12-9498-02
A-01075,"SWITCH, PROXIMITY;FIELD REPLACEMENT",EA,75.0,37.5,,,,12-8327
A-01078,"HARNESS,MOTOR,OPUS,U19 SLIDER RETROFIT",EA,17.0,8.5,,,,
A-01079,"WEATHERSTRIP,ALL-GLASS,CLEAR W/ BLACK",EA,278.0,139.0,,,,11-5945-00
A-01083,"BRACKET,STRIKE,COME ALONG,MILL",EA,37.0,18.5,,,,14-12066-MILL
A-01084,"BAR,NUT,MALE INTERLOCK,ZINC",EA,65.0,32.5,,,,14-14033-PLATING
A-01086,"PLATE,NUT,COVER,FS,ZINC",EA,65.0,32.5,,,,14-14054-PLATING
A-01089,"FLOOR PIVOT,CENTER HUNG,MACHINED",EA,181.0,90.5,,,,14-10235
A-01090,"OPERATOR,SWING,WELDED,ENCODR,ROF,SIDE,LH",EA,2076.0,1038.0,,,,
A-01091,"OPERATOR,SWING,WELDED,ENCODR,ROF,SIDE,RH",EA,2076.0,1038.0,,,,
A-01092,"OPERATOR, SWING, WELDED, ENCODER, ROF, B",EA,2014.0,1007.0,,,,
A-01093,"OPERATOR,SWING,WELDED,ENCODER,ROF,BTM,RH",EA,2013.0,1006.5,,,,
A-01096,"POWER SUPPLY,1175,W/ ELECTRIC LOCK LEAD",EA,279.0,139.5,,,,
A-01098,"CONTROLLER,W/ BRAKE,BOTTOM LOAD,OPUS",EA,631.0,315.5,,,,
A-01099,"CONTROLLER,SLIDER,OPUS RETROFIT",EA,568.0,284.0,,,,
A-01107,"RETROFIT,OPUS,SINGLE FOLD",EA,932.0,466.0,,,,
A-01108,"RETROFIT,OPUS,BIFOLD",EA,1572.0,786.0,,,,
A-01130,"POWER CLOSE MODULE,GT710;W-MAG4",EA,467.0,233.5,,,,11-13141
A-01134,"ARM,INSWING,GT20,313",EA,350.0,175.0,,,,
A-01135,"CONTROLLER,BI-FOLD,W/ SWITCH,OPUS",EA,631.0,315.5,,,,
A-01136,"CONTROLLER,BI-FOLD,W/O SWITCH,OPUS",EA,631.0,315.5,,,,
A-01137,"SWITCH,KEY;KS-15",EA,109.0,54.5,,,,22-1772-04
A-01140,"HARNESS,ACTIVATION,Y FOR DBL ACUSENSORS",EA,41.0,20.5,,,,22-9369
A-01141,"TUBE,RUBBER .25 ODX.19 IDX 1.0L.",EA,35.0,17.5,,,,14-9436-01
A-01144,"PARTS BOX,2125T LEFT",EA,300.0,150.0,,,,21-11157
A-01145,"PARTS BOX,2125T RIGHT",EA,300.0,150.0,,,,21-11158
A-01146,"BASE PIVOT,O.H.C.SUB ASM.",EA,63.0,31.5,,,,24-0747-01
A-01148,"PARTS BOX;1175 ALL GLASS,LH",EA,230.0,115.0,,,,22-5848
A-01149,"PARTS BOX;1175 ALL GLASS,RH",EA,232.0,116.0,,,,22-5849
A-01161,"ASM,PUSH ROD,BIFOLD",EA,153.0,76.5,,,,21-5898
A-01169,"INTERLOCK, RETROFIT",EA,35.0,17.5,,,,11-12518
A-01177,"LOCK,FLUSH BOLT;PAIRS;6SYST.",EA,89.0,44.5,,,,24-0703
A-01185,XFMR;24V;40A;W-MTG.BKT.& HDW.,EA,102.0,51.0,,,,14-2101
A-01192,"HARNESS,EXTENSION,SIDELITE PROTECTION",EA,59.0,29.5,,,,21-12053-03
A-01197,SCREW BAG;C.U. SIDELOAD,EA,28.0,14.0,,,,12-14676
A-01224,"BRACKET,ELECT. LOCK REPL.KIT",EA,185.0,92.5,,,,11-14690
A-01225,"PARTS BAG,ELECT. LOCK,U19,FAIL SEC",EA,50.0,25.0,,,,12-10559-05
A-01226,"PARTS BAG,ELECT. LOCK,U19,FAIL SAFE",EA,52.0,26.0,,,,12-10559-06
A-01227,"PARTS BAG,ELECT. LOCK,U30,TELESC.",EA,30.0,15.0,,,,12-10559-07
A-01228,"KIT,TELESC.ELECT. LOCK,FAIL SECURE,U19",EA,872.0,436.0,,,,21-14670-01
A-01229,"KIT,TELESC.ELECT.LOCK,FAIL SAFE,U19",EA,872.0,436.0,,,,21-14670-02
A-01230,"KIT,TELESC.ELECT. LOCK,FAIL SECURE,U30",EA,858.0,429.0,,,,21-14670-03
A-01231,"KIT,TELESC,ELECT. LOCK,FAIL SAFE,U30",EA,858.0,429.0,,,,21-14670-04
A-01239,"GUIDE BLOCK,10"" BOTTOM RAIL",EA,42.0,21.0,,,,14-12283
A-01246,"KIT,SENSOR,FULL POWER,SINGLE,OPUS",EA,2437.0,1218.5,,,,
A-01247,"KIT,SENSOR,FULL POWER,SIM PAIR,OPUS",EA,4383.0,2191.5,,,,
A-01249,"HARNESS,MOTOR,OPUS,710",EA,60.0,30.0,,,,
A-01251,"BUMPER,COME ALONG BRACKET",EA,50.0,25.0,,,,14-12076
A-01253,"CLIP,RAIL,10"" BOTTOM RAIL,METAL",EA,34.0,17.0,,,,14-5529
A-01259,"SPACER,ROTARY DAMPER,SELF-CLOSING,2100",EA,40.0,20.0,,,,14-14313
A-01270,"CLIP,RAIL,4"" MUNTIN,.391 HOLE,METAL",EA,9.7,4.85,,,,
A-01271,"PARTS KIT,STACKED BOARDS,OPUS",EA,89.0,44.5,,,,
A-01274,"PULL SPRING,MACHINED,SELF-CLOSING",EA,1755.0,877.5,,,,14-14316
A-01275,"LEVER,PANIC LATCH",EA,33.0,16.5,,,,24-6119-01
A-01283,"BRKT,MTG,LEVELING,SELF-CLOSING,HOLD OPEN",EA,90.0,45.0,,,,14-14319
A-01285,"SWITCH PANEL,ROCKER - 2 WAY ASM",EA,39.0,19.5,,,,11-14398
A-01288,"BRKT,MTG,PULL SPRING,SELF-CLOSING,2100LH",EA,51.0,25.5,,,,14-14719
A-01290,"OPERATOR,SWING,WELDED,ENCODR,ROF,BFLD,LH",EA,1854.0,927.0,,,,
A-01291,"OPERATOR,SWING,WELDED,ENCODR,ROF,BFLD,RH",EA,1854.0,927.0,,,,
A-01292,"HARNESS, ACUSENSOR M",EA,23.0,11.5,,,,
A-01294,"PANIC CATCH ASM,BOTTOM HALF,.125 WALL",EA,159.0,79.5,,,,21-3468-99
A-01306,"KIT, ACUSENSOR M",EA,445.0,222.5,,,,
A-01307,"END CAP,CARRIER,ALL-GLASS,RH",EA,50.0,25.0,,,,14-5870-10
A-01308,"END CAP,CARRIER,ALL-GLASS,LH",EA,50.0,25.0,,,,14-5870-20
A-01326,"BRACKET,MOUNTING,U30,TELESCOPIC",EA,30.0,15.0,,,,14-14285
A-01345,"BOTTOM PIVOT,2100 TELESCOPIC,RH",EA,505.0,252.5,,,,12-10844
A-01346,"BOTTOM PIVOT,2100 TELESCOPIC,LH",EA,505.0,252.5,,,,12-10845
A-01349,"CARRIER,END CAP,JACKSON PADDLE,204",EA,34.0,17.0,,,,14-5977-00
A-01350,"CARRIER,END CAP,JACKSON PADDLE,313",EA,34.0,17.0,,,,14-5977-02
A-01361,"ASM,POWER SUPPLY,24 VDC,1/2 AMP",EA,55.0,27.5,,,,
A-01365,"ASM, MAGNET",EA,3.73,1.87,,,,
A-01366,"BLOCK,MOUNTING,MS LOCK,HURRICANE",EA,46.0,23.0,,,,14-10539
A-01371-01,"PARTS BAG,TRANSOM",EA,5.2,2.6,,,,
A-01371-02,"ADDITIONAL PARTS BAG,TRANSOM",EA,3.63,1.82,,,,
A-01377,"MODULE,BLUETOOTH,UG-A12 (w/ USB DONGLE)",EA,854.0,427.0,,,,
A-01381-10,"ASM,LATCH,RH,ICU",EA,278.0,139.0,,,,
A-01381-20,"ASM,LATCH,LH,ICU",EA,278.0,139.0,,,,
A-01382-10,"PARTS KIT,RH,2400M ICU",EA,350.0,175.0,,,,
A-01382-20,"PARTS KIT,LH,2400M ICU",EA,328.0,164.0,,,,
A-01382-21,"PARTS KIT,LH,2400M ICU,10"" BOTTOM RAIL",EA,385.0,192.5,,,,
A-01390,"ASM,PLATE,JAMB,POSITIVE LATCH",EA,33.0,16.5,,,,
A-01406,"TRACK AND PIVOT,OHC,1-9/16"" WEB",EA,692.0,346.0,,,,21-5106
A-01410,"TRACK AND PIVOT,OHC,1"" WEB",EA,429.0,214.5,,,,
A-01414,"KIT,MTG,SENSOR,BI-FOLD,FOLD-SIDE",EA,88.0,44.0,,,,A-00555
A-01416,"PARTS KIT,MEDIUM STILE,2100TELESCOPIC,RH",EA,643.0,321.5,,,,22-10846-40
A-01417,"PARTS KIT,MEDIUM STILE,2100TELESCOPIC,LH",EA,632.0,316.0,,,,22-10846-50
A-01418,"ASM,OPUS CONTROLLER,1175",EA,696.0,348.0,,,,
A-01419,"ASM,IDLER,VS-150 (Service part)",EA,82.0,41.0,,,,
A-01420,"ASM,OPUS CONTROLLER,1175,TELE",EA,769.0,384.5,,,,
A-01421-10,"ASM,2:1 REDUCER,RHFO/LHFS,TELESCOPIC",EA,330.0,165.0,,,,
A-01421-20,"ASM,2:1 REDUCER,LHFO/RHFS/BP,TELESCOPIC",EA,831.0,415.5,,,,
A-01422-10,"ASM,VS-150 BRACKET,RHFO/LHFS,TELE",EA,204.0,102.0,,,,
A-01422-20,"ASM,VS-150 BRACKET,LHFO/RHFS/BP,TELE",EA,204.0,102.0,,,,
A-01423,"KIT,RETROFIT,SLIDER,VS-150,WITH OPUS",EA,3193.0,1596.5,,,,
A-01423-01,"KIT,RETROFIT,SLIDER,VS-150,WITHOUT OPUS",EA,2812.0,1406.0,,,,
A-01424,"HARNESS KIT, 710,SINGLE w/o OPUS",EA,185.0,92.5,,,,
A-01425,"HARNESS KIT, 710,SIM PAIR, w/o OPUS",EA,280.0,140.0,,,,
A-01426,"HARNESS KIT,SWING,SIDELOAD,SGL,w/oOPUS",EA,401.0,200.5,,,,
A-01427,"HARNESS KIT,SWG,Sideload,SIMPAIR,w/oOPUS",EA,707.0,353.5,,,,
A-01428,"HARNESS KIT,SWG,BTM LOAD,SGL,w/oOPUS",EA,386.0,193.0,,,,
A-01429,"HARNESS KIT,SWG,BTM LOAD,SIMPAIR,w/oOPUS",EA,674.0,337.0,,,,
A-01432,"HARNESS KIT, SLIDER, w/o OPUS",EA,194.0,97.0,,,,
A-01433,"KIT,NET-HT",EA,451.0,225.5,,,,
A-01435-10,"BLOCK,F86 LOCK,RH,ASM",EA,70.0,35.0,,,,
A-01435-20,"""BLOCK,F86 LOCK,LH,ASM""",EA,70.0,35.0,,,,
A-01439,"ASM,PUSH ROD,BI-FOLD (CUSTOM/WELDED)",EA,245.0,122.5,,,,
A-01449,"""PARTS KIT,FO,1175,MED STILE,JAMB-TO-JAM",EA,85.0,42.5,,,,
A-01454,"KIT,RETROFIT,TELE,VS-150/OPUS",EA,4437.0,2218.5,,,,
A-01467,"ASM,ELECTRIC STRIKE,POS LATCH",EA,721.0,360.5,,,,
A-01468,"SENSOR, KIT, OPTEX I-ONEX T",EA,529.0,264.5,,,,
A-01469,"SENSOR, KIT, OPTEX X-ZONE T",EA,529.0,264.5,,,,
A-01470,"SENSOR, KIT, BEA IXIO MOTION",EA,529.0,264.5,,,,
A-01472,"KIT,MAGLOCK,BI-PART,MED STILE,CAN. TIRE",EA,716.0,358.0,,,,
A-01484,"BRACKET,MTG,SLIDE,SWING,NH,OPUS",EA,20.0,10.0,,,,
A-01485-10,"SPINDLE,ASM,SWING,NH,MEDIUM (5"")",EA,84.0,42.0,,,,
A-01485-20,"SPINDLE,ASM,SWING,NH,LONG (6"")",EA,80.0,40.0,,,,
A-01513,"KIT,END CAP,TRACK,SWING,NH,INSWING",EA,9.6,4.8,,,,
A-01518,"SENSOR,KIT,BEA,ULTIMO",EA,601.0,300.5,,,,
A-01540,"KIT,SPINDLE,SWING,NH,SHORT",EA,96.0,48.0,,,,
A-01540-10,"KIT,SPINDLE,SWING,NH,MEDIUM",EA,96.0,48.0,,,,
A-01540-20,"KIT,SPINDLE,SWING,NH,LONG",EA,96.0,48.0,,,,
A-01563,"KIT,REMOTE CONNECT",EA,416.0,208.0,,,,
A-01593,"KIT, NOSE CASTER AND HARDWARE, NAR",EA,125.0,62.5,,,,
A-01594,"KIT, NOSE CASTER AND HARDWARE, MED",EA,125.0,62.5,,,,
A-01595,"KIT, GT1175 BTM GUIDE AND HARDWARE",EA,203.0,101.5,,,,
A-60006,"DOOR-PULL,RECESSED,ICU,204",EA,229.0,114.5,,,,24-3438-01
A-60009,"COVER,BTM,TELE,FS,LH,204",EA,17.0,8.5,,,,14-11155-01
A-60010,"COVER,BTM,TELE,FS,RH,204",EA,17.0,8.5,,,,14-11156-01
A-60011,"HANDLE,D;W-MTG.HDW.,204",EA,254.0,127.0,,,,21-3754-01
A-60012,"BLOCK,PILLOW,MACHINED,204",EA,65.0,32.5,,,,14-5474-01 POWD
A-60014,"BRACKET,MTG,8000,HDR,W-O HOLES,204",EA,52.0,26.0,,,,14-12029-21
A-60021,"COME ALONG BRACKET;PAINTED,204",EA,67.0,33.5,,,,14-12077-01
A-60022,"COME ALONG,RH,204",EA,138.0,69.0,,,,12-12078-01
A-60023,"COME ALONG,LH,204",EA,138.0,69.0,,,,12-12079-01
A-60025,"ARMORED STRIKE W-TAB,204",EA,161.0,80.5,,,,22-10605-01
A-60026,"CART BAR;204,MACHINED (SVC Only)",EA,100.0,50.0,,,,14-11035-01
A-60133,"CARRIER END CAP,204",EA,34.0,17.0,,,,12-8463-01
A-60425,"ARM,OUTSWING,STD ASM,20,204",EA,193.0,96.5,,,,21-8848-41
A-60426,"ARM,OUTSWING,STD ASM,30IN,204",EA,382.0,191.0,,,,21-8848-51
A-60427,"ARM,OUTSWING,DBL EGRS ASM,20IN,204",EA,223.0,111.5,,,,21-8848-61
A-60428,"ARM,OUTSWING,DBL EGRS ASM,30IN,204",EA,554.0,277.0,,,,21-8848-71
A-60429,"HOUSING,PANIC LATCH,CU,DRILLED,CLR",EA,64.0,32.0,,,,14-6132-01
A-60431,"HOUSING,PANIC LATCH,OHC,DRILLED,CLR",EA,64.0,32.0,,,,14-6120-01
A-60435,"GUIDE TRACK,CU,LONG,204",EA,161.0,80.5,,,,21-5261-01
A-60446,"HINGE,BIFOLD,LH,204",EA,37.0,18.5,,,,24-8924-01
A-60458,"ASM,ARM,SPLINED,OHC,CLR",EA,204.0,102.0,,,,21-0907-01
A-60478,"ARM,OUTSWING,204",EA,146.0,73.0,,,,21-0711-01
A-60536,"GUIDE TRACK,CU,SHORT,CASTING,204",EA,76.0,38.0,,,,21-5260-01
A-60545,"ARM,INSWING,CU,NON PANIC,NH,204",EA,253.0,126.5,,,,21-0902-01
A-60639,"ASM,TRACK,CU,SHORT,204",EA,144.0,72.0,,,,21-0997-01
A-60643,"ASM,DOOR STOP,NON-PANIC,CLR",EA,96.0,48.0,,,,21-0741-01
A-60646,"ARM,WLDMNT,IN,0 TO 2 REV,RH.204",EA,185.0,92.5,,,,22-10328-11
A-60647,"ARM,WLDMNT,IN,2 TO 5-1/2 REV,RH,204",EA,185.0,92.5,,,,22-10328-21
A-60648,"ARM,WLDMNT,IN,5-1/2 TO 9-3/4 REV,RH,204",EA,211.0,105.5,,,,22-10328-31
A-60649,"ARM,WLDMNT,IN,9-3/4 TO 13 REV,RH,204",EA,201.0,100.5,,,,22-10328-41
A-60654,"ARM,WLDMNT,IN,0 TO 2 REV,LH,204",EA,185.0,92.5,,,,22-10327-11
A-60655,"ARM,WLDMNT,IN,2 TO 5-1/2 REV,LH,204",EA,185.0,92.5,,,,22-10327-21
A-60656,"ARM,WLDMNT,IN,5-1/2 TO 9-3/4 REV,LH,CLR",EA,195.0,97.5,,,,22-10327-31
A-60657,"ARM,WLDMNT,IN,9-3/4 TO 13 REV,LH,204",EA,201.0,100.5,,,,22-10327-41
A-60658,"INSWING ARM,0 TO 2 REV,RH,204",EA,240.0,120.0,,,,21-10329-51
A-60671,"INSWING ARM,2 TO 5-1/2 REV,RH,204",EA,240.0,120.0,,,,21-10329-61
A-60672,"INSWING ARM5-1/2 TO 9-3/4 REV,RH,204",EA,240.0,120.0,,,,21-10329-71
A-60673,"INSWING ARM,9-3/4 TO 13 REV,RH,204",EA,240.0,120.0,,,,21-10329-81
A-60675,"INSWING ARM,0 TO 2 REV,LH,204",EA,240.0,120.0,,,,21-10329-11
A-60676,"INSWING ARM,2 TO 5-1/2 REV,LH,204",EA,240.0,120.0,,,,21-10329-21
A-60677,"INSWING ARM,5-1/2 TO 9-3/4,LH,204",EA,240.0,120.0,,,,21-10329-31
A-60678,"INSWING ARM,9-3/4 TO 13 REV,LH,204",EA,240.0,120.0,,,,21-10329-41
A-60679,"PULL HANDLE,MACHINED,204",EA,42.0,21.0,,,,24-5473-01 POWD
A-60682,"BRACKET,END STOP,COME ALONG,204",EA,82.0,41.0,,,,14-12069-01
A-60720,"ARM,WLDMNT,IN,0 TO 3-1/4 REV,RH,204",EA,240.0,120.0,,,,22-3565-01
A-60722,"C.U.,INSWING ARM,0 TO 3-1/4 REV,RH,204",EA,167.0,83.5,,,,21-3567
A-60725,"ARM,WLDMNT,IN,0 TO 3-1/4 REV,LH,204",EA,240.0,120.0,,,,22-3566-01
A-60726,"ARM,INSWING,0 TO 3-1/4 REV,LH,204",EA,173.0,86.5,,,,21-3568-01
A-60731,"BASE PIVOT,C.U.,OUTSWING,204",EA,64.0,32.0,,,,22-1477-01
A-60732,"BASE PIVOT,C.U.,INSWING-OUTSWING,3.5,204",EA,64.0,32.0,,,,22-1478-01
A-60733,"BRACKET,END CAP,BTM LOAD,CU,204",EA,51.0,25.5,,,,24-9907-01
A-60738,"BASE PIVOT,C.U.,INSWING-OUTSWING,2.5,204",EA,71.0,35.5,,,,22-1479-01
A-60739,"END CAP,BIFOLD,204",EA,80.0,40.0,,,,24-8966-01
A-60740,"SHOE,ARM,204",EA,49.0,24.5,,,,14-8841-01
A-60741,"ARM,WELDMENT,INSWING,NABTESCO,LH,204",EA,240.0,120.0,,,,22-10534-01
A-60742,"ARM,WELDMENT,INSWING,NABTESCO,RH ,204",EA,240.0,120.0,,,,22-10533-01
A-60770,"ARM,OUTSWING,CU,20IN,204",EA,212.0,106.0,,,,21-10546-41
A-60771,"ARM,OUTSWING,CU,30IN.204",EA,382.0,191.0,,,,21-10546-51
A-60776,"ROD COVER,REINFORCMENT,204",EA,257.0,128.5,,,,14-11808-01
A-60777,"ARM,INSWING,ZERO REVEAL,204",EA,112.0,56.0,,,,21-0712-01
A-60778,"HOUSING,PANIC LATCH,1"" LENGTH,CLR",EA,34.0,17.0,,,,14-6147-01
A-60782,"ARM,WLDMNT,DBL EGRESS,OUTSWING,204",EA,128.0,64.0,,,,21-14423-01
A-60786,",ARM,OUTSWING,CU.,20IN,204,W-STOP",EA,240.0,120.0,,,,22-13992-41
A-60787,"ARM,OUTSWING,,C.U.,30IN,204,W-STOP",EA,412.0,206.0,,,,22-13992-51
A-60788,"ARM,SPLINED,OHC,CLR",EA,116.0,58.0,,,,24-0585-01
A-60792,"LOCK PLATE,BOLT,THRESHOLD,SINGLE,204",EA,58.0,29.0,,,,24-10230-01 POWD
A-60933,"LOCK,BOLT PLATE,THRSHLD,BI PART,204",EA,97.0,48.5,,,,24-10229 01 POWDER
A-60940,"CARRIER,END CAP,MACHINED 204",EA,34.0,17.0,,,,14-10783-01
A-60948,"COVER,TELE FS,RH,MED STILE,204",EA,35.0,17.5,,,,14-11242-01
A-60949,"COVER,TELE FS,LH,MED STILE,204",EA,35.0,17.5,,,,14-11243-01
A-60951,"END CAP,CARRIER,PIVOT,1.95"",204",EA,35.0,17.5,,,,14-10243-01
A-61000,"BASE PIVOT;F- GUARD;5-1/2,204",EA,24.0,12.0,,,,
A-61001,"BASE PIVOT;F-GUARD;5-1/2,204;W-PINS",EA,125.0,62.5,,,,22-1474-01
A-61095,"ARM KIT,OUTSWING,GT20,204",EA,392.0,196.0,,,,
A-61126,"CHANNEL,SNAP IN,HINGE STILE,204",EA,33.0,16.5,,,,24-0161-01
A-61163,"PLATE,BI-FOLD,HEADER CENTER;204",EA,115.0,57.5,,,,24-8977-01
A-61170,"PLATE, G86, LOCK,204",EA,65.0,32.5,,,,14-14074-01
A-61176,"FILLER CHANNEL;HINGE STILE;5-15/32,204",EA,34.0,17.0,,,,24-0160-01
A-61178,"STRIKE BASE ASSY,SIM PAIR,204",EA,267.0,133.5,,,,22-10773-01
A-61233,"STRIKE BASE,SIM PAIR,204",EA,134.0,67.0,,,,24-0156-01
A-61362,"ASM,CENTER PIVOT,BOTTOM LOAD,4-1/2"",204",EA,223.0,111.5,,,,21-1590
A-61363,"BASE,PIVOT,OHC,4-1/2,W/ PINS,204 (Ph)",EA,104.0,52.0,,,,22-1475-01
A-61364,"BASE,PIVOT,OHC,4-1/2,204 (Phantom)",EA,104.0,52.0,,,,22-1475-01
A-61379,"END CAP,BOTTOM LOAD,OHC,204",EA,37.0,18.5,,,,24-1523-01
A-61479,"ARM,ASM,SWING,NH,INSWING,0-6 REVEAL,204",EA,219.0,109.5,,,,
A-61480,"ARM,KIT,SWING,NH,OUTSWING,0-12 REV,204",EA,498.0,249.0,,,,
A-61481,"ARM,KIT,SWING,NH,INSWING,0 REVEAL,204",EA,498.0,249.0,,,,
A-61482,"ARM,KIT,SWING,NH,INSWING,0-6 REVEAL,204",EA,345.0,172.5,,,,
A-70006,"DOOR PULL,RECESSED,ICU,313",EA,217.0,108.5,,,,24-3438-02
A-70009,"COVER,BTM,TELE,FS,LH,313",EA,35.0,17.5,,,,14-11155-02
A-70010,"COVER,BTM,TELE,FS,RH,313",EA,35.0,17.5,,,,14-11156-02
A-70011,"HANDLE,D;W-MTG.HDW,,313",EA,257.0,128.5,,,,21-3754-02
A-70012,PILLOW BLOCK;MACHINED;313,EA,68.0,34.0,,,,14-5474-02 POWD
A-70014,"BRACKET,MTG,8000,HDR,W-O HOLES,313",EA,47.0,23.5,,,,14-12029-22
A-70021,"COME ALONG BRACKET;PAINTED,313",EA,67.0,33.5,,,,14-12077-02
A-70022,"COME ALONG,RH,313",EA,138.0,69.0,,,,12-12078-02
A-70023,"COME ALONG,LH,313",EA,138.0,69.0,,,,12-12079-02
A-70024,"ARMORED STRIKE,MACHINED,313",EA,118.0,59.0,,,,24-10603-02
A-70025,"ARMORED STRIKE W-TAB,313",EA,180.0,90.0,,,,22-10605-02
A-70026,"CART BAR;313,MACHINED",EA,100.0,50.0,,,,14-11035-02
A-70133,"CARRIER END CAP,313",EA,65.0,32.5,,,,12-8463-02
A-70411,"GUIDE,LOWER,SPINDLE,BIFOLD,313",EA,84.0,42.0,,,,21-8961-02
A-70419,"ASM,PANIC LATCH,CU,DBZ",EA,399.0,199.5,,,,11-0941-02
A-70425,ARM:OUTSWING:STD ASM:20:313,EA,240.0,120.0,,,,21-8848-42
A-70426,ARM:OUTSWING:STD ASM:30:313,EA,350.0,175.0,,,,21-8848-52
A-70427,ARM:OUTSWING:DBL EGRS ASM:20:313,EA,240.0,120.0,,,,21-8848-62
A-70428,ARM:OUTSWING:DBL EGRS ASM:30:313,EA,500.0,250.0,,,,21-8848-72
A-70429,"HOUSING,PANIC LATCH,CU,DRILLED,DBZ",EA,39.0,19.5,,,,14-6132-02
A-70430,"ASM,PANIC LATCH,OHC,DBZ",EA,388.0,194.0,,,,11-0930-02
A-70431,"HOUSING,PANIC LATCH,OHC,DRILLED,DBZ",EA,24.0,12.0,,,,14-6120-02
A-70435,"GUIDE TRACK,CU,LONG,313",EA,161.0,80.5,,,,21-5261-02
A-70440,"END CAP,CARRIER,LOCK RECIEVER,313",EA,39.0,19.5,,,,14-8630-02
A-70446,"HINGE,BIFOLD,LH,313",EA,35.0,17.5,,,,24-8924-02
A-70458,"ASM,ARM,SPLINED,OHC,DBZ",EA,204.0,102.0,,,,21-0907-02
A-70478,"ARM,OUTSWING,313",EA,146.0,73.0,,,,21-0711-02
A-70481,"ASM,TRACK,CU,LONG,313",EA,136.0,68.0,,,,21-0998-02
A-70482,"DOOR STOP,JACKSON PADDLE,313",EA,289.0,144.5,,,,14-5958-02
A-70491,"BRACKET,MOUNTING ,PANIC LATCH,313",EA,39.0,19.5,,,,12-1889-02
A-70519,"KIT,LATCH,5017-02+4570 HDL+HDW POS,313",EA,559.0,279.5,,,,14-13495-02
A-70536,"GUIDE TRACK,CU,SHORT,CASTING,313",EA,76.0,38.0,,,,21-5260-02
A-70545,"ARM,INSWING CU,NO PANIC,NH 313",EA,253.0,126.5,,,,21-0902-02
A-70560,"ASM,CENTER PIVOT,BOTTOM LOAD,5-1/2"",313",EA,300.0,150.0,,,,21-1594
A-70630,"ASM,COME ALONG,ICU,313",EA,104.0,52.0,,,,12-12070-02
A-70639,"ASM,TRACK,CU,SHORT,313",EA,146.0,73.0,,,,14-12439
A-70643,"ASM,DOOR STOP,NON-PANIC,DBZ",EA,96.0,48.0,,,,21-0741-02
A-70646,ARM:WELDMENT:INSWING:7-3/4:RH:313,EA,240.0,120.0,,,,22-10328-12
A-70647,ARM:WELDMENT:INSWING:11-1/2:RH:313,EA,240.0,120.0,,,,22-10328-22
A-70654,ARM:WELDMENT:INSWING:7-3/4:LH:313,EA,240.0,120.0,,,,22-10327-12
A-70655,ARM:WELDMENT:INSWING:11-7/2:LH:313,EA,240.0,120.0,,,,22-10327-22
A-70656,"ARM,WLDMNT,IN,5-1/2 TO 9-3/4 REV,LH,DBZ",EA,240.0,120.0,,,,22-10327-32
A-70658,"INSWING ARM,0 TO 2 REV,RH,313",EA,240.0,120.0,,,,21-10329-52
A-70671,INSWING ARM:11-1/2:RH:313,EA,240.0,120.0,,,,21-10329-62
A-70672,INSWING ARM:15-3/4:RH:313,EA,240.0,120.0,,,,21-10329-72
A-70675,INSWING ARM:7-3/4:LH:313,EA,240.0,120.0,,,,21-10329-12
A-70676,INSWING ARM:11-1/2:LH:313,EA,240.0,120.0,,,,21-10329-22
A-70677,INSWING ARM:15-3/4:LH:313,EA,240.0,120.0,,,,21-10329-32
A-70679,"PULL HANDLE,MACHINED,313",EA,42.0,21.0,,,,24-5473-02 POWD
A-70720,"ARM,WELDEMENT,INSWING,14-1/4,RH,313",EA,240.0,120.0,,,,22-3565-02
A-70722,"C.U.,INSWING,ARM,0 TO 3-1/4 REV,RH,313",EA,188.0,94.0,,,,21-3569
A-70725,"ARM,WELDMENT,INSWING,14-1/4,LH,313",EA,240.0,120.0,,,,22-3566-02
A-70726,"ARM,INSWING,0 TO 3-1/4 REV,LH,313",EA,167.0,83.5,,,,21-3570-02
A-70731,"BASE PIVOT,C.U.,OUTSWING,313",EA,80.0,40.0,,,,22-1477-02
A-70732,"BASE PIVOT,C.U.,INSWING-OUTSWING,3.5,313",EA,96.0,48.0,,,,
A-70733,"BRACKET,END CAP,BTM LOAD,CU,313",EA,51.0,25.5,,,,24-9907-02
A-70738,"BASE PIVOT,C.U.,INSWING-OUTSWING,2.5,313",EA,75.0,37.5,,,,22-1479-02
A-70739,"END CAP,BIFOLD,313",EA,80.0,40.0,,,,24-8966-02
A-70740,"SHOE,ARM,313",EA,55.0,27.5,,,,14-8841-02
A-70770,"ARM,OUTSWING,CU.20IN.313",EA,193.0,96.5,,,,21-10546-42
A-70771,"ARM,OUTSWING,CU,30IN.313",EA,382.0,191.0,,,,21-10546-52
A-70776,"ROD COVER,REINFORCMENT,313",EA,257.0,128.5,,,,14-11808-02
A-70777,"ARM,INSWING,ZERO REVEAL,313",EA,112.0,56.0,,,,21-0712-02
A-70778,"HOUSING,PANIC LATCH,1"" LENGTH,DBZ",EA,34.0,17.0,,,,14-6147-02
A-70782,"ARM,WLDMNT,DBL EGRESS,OUTSWING,313",EA,240.0,120.0,,,,21-14423-02
A-70786,"ARM,OUTSWING,CU.,20IN,313,W-STOP",EA,295.0,147.5,,,,22-13992-42
A-70787,"ARM,OUTSWING,CU.,30IN,313,W-STOP",EA,295.0,147.5,,,,22-13992-52
A-70788,"ARM,SPLINED,OHC,DBZ",EA,116.0,58.0,,,,24-0585-02
A-70951,"END CAP,CARRIER,PIVOT,1.95"",313",EA,35.0,17.5,,,,14-10243-02
A-71000,"BASE PIVOT;F- GUARD;5-1/2,313",EA,46.0,23.0,,,,
A-71001,"BASE PIVOT;F-GUARD;5-1/2'313,W-PINS",EA,136.0,68.0,,,,22-1474-02
A-71094,"ARM KIT,INSWING,GT20,313",EA,431.0,215.5,,,,
A-71126,"CHANNEL,SNAP IN,HINGE STILE,313",EA,33.0,16.5,,,,24-0161-02
A-71163,"PLATE,BI-FOLD,HEADER CENTER;313",EA,115.0,57.5,,,,24-8977-02
A-71164,"HEADER END PLATE - 313, LH",EA,51.0,25.5,,,,24-9447-02
A-71165,"HEADER END PLATE - 313, RH",EA,69.0,34.5,,,,24-9448-02
A-71170,"PLATE, G86, LOCK,313",EA,65.0,32.5,,,,14-14074-02
A-71178,"STRIKE BASE ASSY,SIM PAIR,313",EA,122.0,61.0,,,,22-10773-02
A-71233,"STRIKE BASE,SIM PAIR,313",EA,154.0,77.0,,,,24-0156-02
A-71362,"ASM,CENTER PIVOT,BOTTOM LOAD,4-1/2"",313",EA,223.0,111.5,,,,21-1591
A-71363,"BASE,PIVOT,OHC,4-1/2,W/ PINS,313 (Ph)",EA,108.0,54.0,,,,22-1475-02
A-71364,"BASE,PIVOT,OHC,4-1/2,313 (Phantom)",EA,108.0,54.0,,,,22-1475-02
A-71379,"END CAP,BOTTOM LOAD,OHC,313",EA,51.0,25.5,,,,24-1523-02
A-71480,"ARM,KIT,SWING,NH,OUTSWING,0-12 REV,313",EA,498.0,249.0,,,,
A-71481,"ARM,KIT,SWING,NH,INSWING,0 REVEAL,313",EA,498.0,249.0,,,,
A-71482,"ARM,KIT,SWING,NH,INSWING,0-6 REVEAL,313",EA,351.0,175.5,,,,
A-80133,"CARRIER END CAP,BLK",EA,36.0,18.0,,,,12-8463-04
A-80440,END CAP:CARRIER:LOCK RECIEVER:BLK,EA,39.0,19.5,,,,14-8630-04
A-80446,"HINGE,BIFOLD,LH,BLK",EA,38.0,19.0,,,,24-8924-04
A-80560,"ASM,CENTER PIVOT,BOTTOM LOAD,5-1/2"",BLK",EA,295.0,147.5,,,,21-1595
A-80740,"SHOE,ARM,BLK",EA,39.0,19.5,,,,14-8841-04
A-81000,"BASE PIVOT;F- GUARD;5-1/2,BLK,",EA,46.0,23.0,,,,
A-81001,"BASE PIVOT;F-GUARD;5-1/2'BLK,W-PINS",EA,132.0,66.0,,,,22-1474-04
A-81170,"PLATE, G86, LOCK, BLK",EA,65.0,32.5,,,,14-14074-04
A-81480,"ARM,KIT,SWING,NH,OUTSWING,0-12 REV,BLK",EA,498.0,249.0,,,,
A-81481,"ARM,KIT,SWING,NH,INSWING,0 REVEAL,BLK",EA,498.0,249.0,,,,
A-81482,"ARM,KIT,SWING,NH,INSWING,0-6 REVEAL,BLK",EA,354.0,177.0,,,,
A-81486,"END CAP,HEADER,SWING,NH,BLK",EA,24.0,12.0,,,,
A-81486-10,"END CAP,HEADER,SWING,NH,W/ HOLE,BLK",EA,25.0,12.5,,,,
A-81533,"END CAP,ASM,HEADER,SWING,NH,CONNECT",EA,485.0,242.5,,,,
M-00007,"BAR,RECT.,ALUM.,1/4 X 3/4,6061-T6",IN,1.47,0.74,,,,14-0929
M-00008,"SHEET,HDPE,48 X 96 X .125THK. NATURAL",SQ IN,4.94,2.47,,,,14-5856
M-00009,"BLOCK,SUPPORT,CENTER PIVOT",EA,50.0,25.0,,,,24-3541
M-00100,"BLOCK, 2100 GUIDE LOCK, ROD END",EA,24.0,12.0,,,,24-10774
M-00104,"COUPLING,SPYDER,1-5/64 OD",EA,19.0,9.5,,,,24-5188
M-00213,"ROD,THREADED,1/4-20,ZINC (SEE T-00577)",IN,0.95,0.48,,,,14-3539
M-00215,"BAR,RND.,STEEL,3/8 DIA.,12L14",IN,0.41,0.21,,,,14-3222
M-00239,"WEATHERING,ALL-GLASS,90° W/ BRUSH 96""",EA,176.0,88.0,,,,11-5945-60
M-00263,"GLAZING,GLASS STOP,3 FINGER",IN,0.48,0.24,,,,14-2315
M-00272,"ROD,THREADED,3/8-16,A307 GRADE A,ZINC",IN,0.28,0.14,,,,14-3624
M-00274,"BRUSH, NYLON, 1 STEPPED (84"" pcs)",IN,0.65,0.33,,,,14-4899-15
M-00279,"GASKET, FLUSH GLAZE",IN,1.47,0.74,,,,14-5746-002
M-00281,"WEATHERSTRIPPING,FOAM,1/4X1/2",IN,0.65,0.33,,,,
M-00282,FLEXIBLE MAGNETIC STRIP,IN,1.47,0.74,,,,14-8413-02
M-00284,"GLAZING,GLASS STOP,TEARDROP",IN,0.18,0.09,,,,14-8757
M-00284-01,"GLAZING,GLASS STOP,TEARDROP (TUBELITE)",IN,1.62,0.81,,,,
M-00285,"COVER,HEADER,1175,MILL,EXTRU",IN,1.47,0.74,,,,24-9011-03
M-00291,"THRESHOLD, BUMPER (144"" Lengths)",IN,0.65,0.33,,,,14-9019
M-00292,"HEADER,1175,MILL,EXTRU",IN,6.1,3.05,,,,24-13163-03
M-00295,"THRESHOLD, FILLER (144"" lengths)",IN,0.65,0.33,,,,
M-00299,"THRESHLD RAMP EXT.,4.0X1/2IN.,EXTRU,MILL",IN,1.48,0.74,,,,14-11297-03
M-00300,"THRESHOLD,RAMP,1/2 X 6,EXTRU",IN,2.95,1.48,,,,14-11298-03
M-00301,"THRESHOLD,1/2 X 7,SADDLE,204,EXTRU",IN,5.1,2.55,,,,14-11299
M-00302,"THRESHOLD,1/4 X 7,SADDLE,MILL,EXTRU",IN,2.54,1.27,,,,14-11300-03
M-00304,"STILE,MED,H105,SGL. WEATHER,EXTRU",IN,6.2,3.1,,,,14-13288
M-00308,"GASKET,W/ DOVETAIL,.150 FC",IN,0.65,0.33,,,,14-13307
M-00311,"VINYL,GLASS STOP,HURRICANE WEDGE",IN,0.35,0.18,,,,14-14191
M-00314,"MUNTIN,4 IN.,MILL,EXTRU",IN,1.47,0.74,,,,24-0328-03
M-00321,"BOX BEAM,TELESCOPIC,CLEAR,EXTRU",IN,6.2,3.1,,,,24-10047
M-00330,"MUNTIN,6-3/8 IN.,MILL,EXTRU",IN,2.17,1.09,,,,24-12953-03
M-00339,"GLAZING,GLASS STOP,BULB",IN,0.18,0.09,,,,
M-00356,"BRACKET,PIVOT, TOP,SWING PANEL",EA,7.8,3.9,,,,24-9506
M-00358,"PIN,PIVOT,SWING PANEL",EA,11.8,5.9,,,,14-8089
M-00364,"BAR,RECT.,DELRIN,5/8 X 3/4",IN,2.32,1.16,,,,14-5095
M-00365,"BRACKET,HEADER,FS",EA,24.0,12.0,,,,14-14055
M-00366,"BAR,RECT.,ALUM.,1 X 2,6061-T6",IN,3.86,1.93,,,,14-5711
M-00369,"SUPPORT, ANTI-RISE",EA,6.5,3.25,,,,14-14058
M-00379,"ARM,LIMIT,NARROW STILE",EA,98.0,49.0,,,,21-8396
M-00391,"BELT,CLIP",EA,8.2,4.1,,,,24-11493
M-00392,"SPACER,BELT CLIP",EA,6.4,3.2,,,,14-11870
M-00394,"BRACKET,BELT CLIP MOUNTING",EA,19.0,9.5,,,,14-11871
M-00395,"OPERATOR,DS150",EA,1232.0,616.0,,,,24-11327
M-00396,"BRACKET, MOUNTING, FRONT, DS150",EA,11.8,5.9,,,,24-14454
M-00397,"BRACKET,MOUNTING,REAR,DS150",EA,8.6,4.3,,,,24-11329
M-00400,MISC. R & R PARTS,EA,70.0,35.0,,,,
M-00402,"BRACKET,PULLEY SHAFT WELDMENT",EA,14.6,7.3,,,,22-11940
M-00405,"PULLEY, IDLER ASSEMBLY",EA,43.0,21.5,,,,11-11701
M-00406,"BAR,RECT.,ALUM.,1/4 X 5,6061-T6",IN,3.01,1.51,,,,14-5582-03
M-00411,"BRACKET,END CAP,HEADER,W/O STUD",EA,34.0,17.0,,,,24-9022
M-00411-01,"BRACKET,END CAP,HEADER,W/ STUD",EA,13.6,6.8,,,,
M-00413,"HARNESS,U30,CONTROL",EA,85.0,42.5,,,,24-11877
M-00416,"T-NUT,3/8-16,TIE ROD",EA,28.0,14.0,,,,14-9279
M-00422,"PLATE,TIE ROD",EA,11.3,5.65,,,,14-9225
M-00428,"SWITCH MODULE,3 ROCKER,NABCO",EA,43.0,21.5,,,,14-11875-03
M-00433,"END CAP, BALL DETENT, THREADED",EA,6.4,3.2,,,,14-9860
M-00434,"SPRING,CONICAL,BALL DETENT",EA,6.4,3.2,,,,14-9861
M-00435,"NUT,HEX,JAM,BALL DETENT",EA,6.4,3.2,,,,14-9862
M-00436,"BEARING,BALL.625 DIA",EA,6.4,3.2,,,,14-6124-002
M-00437,"BALL DETENT SLEEVE, BRASS",EA,6.4,3.2,,,,14-9859
M-00438,"BRACKET,BALL DETENT,PANIC",EA,6.4,3.2,,,,14-9081
M-00440,"INTERLOCK, PLASTIC, 1175",EA,6.4,3.2,,,,14-9057
M-00442,"END CAP,THRESHOLD,FULL OPEN",EA,8.2,4.1,,,,24-9857-10
M-00446,"ROLLER,BOTTOM GUIDE,LIMIT ARM",EA,17.0,8.5,,,,14-4278
M-00448,"SPACER,ROLLER,LIMIT ARM",EA,4.6,2.3,,,,14-8159
M-00449,"LIMIT ARM,SWING PANEL, NARROW STILE",EA,16.0,8.0,,,,24-8158
M-00450,"WASHER,.375 ID,.625 OD,.125 THK,ZINC",EA,1.47,0.74,,,,24-0667-01
M-00451,"GUIDE,BOTTOM,FULL OPEN,PIVOT BLOCK",EA,36.0,18.0,,,,14-9051
M-00455,"ROLLER,URETHANE,NARROW STILE",EA,11.3,5.65,,,,14-9044-01
M-00456,"SHAFT, ROLLER",EA,19.0,9.5,,,,14-7061
M-00457,"SPRING, COMPRESSION, FO BOTTOM PIVOT",EA,8.2,4.1,,,,14-9052
M-00460,"CLIP,RAIL,.500 HOLE,MOLDED",EA,11.3,5.65,,,,24-9503
M-00461,"CLIP,RAIL,.386 HOLE,MOLDED",EA,11.3,5.65,,,,24-9504
M-00462,"CLIP,RAIL,.261 HOLE,MOLDED",EA,3.23,1.62,,,,24-9502
M-00464,"WASHER,THRUST,20MM ID,35MM OD,1MM THK",EA,4.76,2.38,,,,14-5865-02
M-00466,"TUBE,STEEL,SQ.,2-1/2 X 2-1/2 X 3/16,A500",IN,6.4,3.2,,,,
M-00471,"BLOCK,MOUNTING, LOCK COVER,MS LOCK",EA,8.2,4.1,,,,14-10488
M-00481,"PANIC RELEASE CATCH, AS CAST",EA,6.4,3.2,,,,
M-00483,"PANIC CATCH,UPPER",EA,91.0,45.5,,,,24-9483
M-00487,"PANIC CATCH,LOWER",EA,63.0,31.5,,,,24-9485
M-00489,"BAR,RND.,DELRIN,1 DIA.",IN,1.47,0.74,,,,14-1550
M-00492,"BAR,RECT.,ALUM.,1 X 1-1/2,6061-T6",IN,2.65,1.33,,,,24-1035
M-00493,"BAR,RECT.,STEEL,1 X 1-1/4,1018",IN,1.87,0.94,,,,24-1272
M-00494,"SHIM, INTERLOCK",EA,1.47,0.74,,,,14-9058
M-00496,"BAR,ANGLE,ALUM.,2 X 1-1/2 X 1/4,6061-T6",IN,1.47,0.74,,,,24-0837
M-00499,"WEATHERING,PILE,.25 TALL W/ ADH & FIN",IN,1.47,0.74,,,,14-2279-05 HURR
M-00502,"BRACKET, IDLER/STOP",EA,28.0,14.0,,,,24-9027
M-00522,"BRACKET, CENTER SUPPORT, 1175 HEADER",EA,7.1,3.55,,,,24-13741
M-00530,"BUMPER,RUBBER,1/4-20 THREAD",EA,23.0,11.5,,,,14-4935
M-00574,"END CAP,ONE PIECE HEADER,LH,MILL",EA,55.0,27.5,,,,24-13282-23
M-00582,"END CAP,ONE PIECE HEADER,RH,MILL",EA,37.0,18.5,,,,24-13282-13
M-00593,"PIVOT,BOTTOM,SWING PANEl,LH,1.25 WIDE",EA,64.0,32.0,,,,11-9509-01
M-00594,"PIVOT,BOTTOM,SWING PANEl,RH,1.25 WIDE",EA,64.0,32.0,,,,11-9509-02
M-00606,"BUSHING,BOTTOM PIVOT,SWING PANEL",EA,14.5,7.25,,,,24-2458
M-00611,FLOOR PIVOT BRACKET,EA,32.0,16.0,,,,22-4750
M-00640,"PLATE, STRIKE REINFORCEMENT",EA,28.0,14.0,,,,14-1482
M-00653,"BRACKET, LIMIT ARM SUPPORT",EA,23.0,11.5,,,,14-8447
M-00654,"MAGNET, FLEXIBLE, 2",EA,22.0,11.0,,,,14-9211
M-00669,"HUB, ROLLER, HANGER",EA,11.3,5.65,,,,14-10732
M-00670,HANGER PULLY,EA,41.0,20.5,,,,14-10731
M-00674,"AXLE, ANTI-RISE ROLLER",EA,7.5,3.75,,,,14-9036
M-00675,WHEEL ANTI-RISE,EA,70.0,35.0,,,,14-9035-01
M-00684,"STOP BLOCK, LIMIT ARM",EA,6.4,3.2,,,,
M-00687,"WEATHERING,PILE,.57 TALL",IN,0.35,0.18,,,,
M-00688,"WEATHERING,PILE,.45 TALL W/ ADHESIVE",IN,0.35,0.18,,,,14-2279-05
M-00689,"WEATHERING,PILE,.45 TALL",IN,0.35,0.18,,,,
M-00690,"WEATHERING,PILE,.19 TALL X .187 WIDE",IN,0.35,0.18,,,,14-2279-04
M-00691,"WEATHERING,PILE,.45 TALL W/ FIN",IN,0.35,0.18,,,,
M-00695,"BRUSH, NYLON, .56 L (84"" pcs)",IN,0.95,0.48,,,,14-4899-60
M-00698,"BRUSH, NYLON, 1.5 (84"" pcs)",IN,0.95,0.48,,,,14-4899-90
M-00704,"ARM,LIMIT,MEDIUM STILE",EA,12.5,6.25,,,,21-8419
M-00706,"BRACKET,MOUNTING ,FIXED SIDELITE",EA,8.2,4.1,,,,14-11420
M-00709,"COVER, PLATE, BOTTOM GUIDE, FS",EA,32.0,16.0,,,,14-9047
M-00710,"BRACKET,FLOOR, LHFS",EA,55.0,27.5,,,,24-8037
M-00717,"FLOOR BRKT, RHFS",EA,55.0,27.5,,,,24-8038
M-00720,"BRACKETBTM GUIDE , RH",EA,23.0,11.5,,,,22-9041-10
M-00725,"BRKT, BTM GUIDE, FS",EA,19.0,9.5,,,,14-9043
M-00728,"BAR,RECT.,STEEL,1/4 X 3/4,1018",IN,1.47,0.74,,,,14-2741
M-00729,"BAR,RECT.,STEEL,1/4 X 1-1/2,1018",IN,1.47,0.74,,,,14-14805
M-00732,"BTM GUIDE BRKT ASM, LH",EA,13.2,6.6,,,,22-9041-20
M-00741,"BAR,RECT.,ALUM.,1-1/2 X 1-3/4,6061-T6",IN,4.76,2.38,,,,14-14801
M-00743,"BLOCK, SUPPORT, FO PIVOT",EA,14.0,7.0,,,,14-14048
M-00744,"PIVOT,BOTTOM,SWING PANEl,RH,1.55 WIDE",EA,86.0,43.0,,,,14-14038-10
M-00745,"PIVOT,BOTTOM,SWING PANEl,LH,1.55 WIDE",EA,86.0,43.0,,,,14-14038-20
M-00747,"ROLLER, ANGLE BRKT",EA,20.0,10.0,,,,14-5541
M-00748,"BAR,RECT.,DELRIN,1/2 X 1-1/2",IN,3.38,1.69,,,,14-1033
M-00749,"ROLLER,SPACER",EA,22.0,11.0,,,,14-5540
M-00750,"BAR,RND.,STEEL,7/16 DIA.,FATIGUEPROOF",IN,1.47,0.74,,,,
M-00753,"BAR,RECT.,ALUM.,1 X 1-3/4,6061-T6",IN,3.23,1.62,,,,24-1266
M-00754,"CHANNEL,ALUM.,1 X 1/2 X 1/8,6063-T5",IN,1.47,0.74,,,,14-4094
M-00758,"BAR,RND.,SS,1/2 DIA.,416",IN,1.47,0.74,,,,14-1133
M-00759,"BAR,RND.,STEEL,9/16 DIA.,1018",IN,2.65,1.33,,,,
M-00760,"BAR,RECT.,STEEL,3/16 X 3,1018",IN,1.87,0.94,,,,14-10201
M-00761,"BAR,ANGLE,ALUM.,1-1/2 X 1-1/2 X 1/4,6061",IN,1.47,0.74,,,,14-1320
M-00762,"STRIP,POLYPROPYLENE,.030 X 2.75",IN,0.17,0.09,,,,14-9115-01
M-00770,"BLOCK, PIVOT, FIXED SIDELITE",EA,25.0,12.5,,,,14-14051
M-00771,"BRACKET, BOTTOM GUIDE, FSRH",EA,84.0,42.0,,,,14-14052-10
M-00772,"BRACKET, BOTTOM GUIDE, FSLH",EA,84.0,42.0,,,,14-14052-20
M-00773,"BAR,RND.,DELRIN,1-3/8 DIA.",IN,3.38,1.69,,,,14-1277
M-00775,"BAR,RECT.,ALUM.,3/8 X 1-1/4,6061-T6",IN,1.47,0.74,,,,14-1150
M-00782,"CLIP,TRANSOM,MILL,EXTRU",IN,1.47,0.74,,,,14-9876-03
M-00783,"DOOR ROLLER, URETHANE",EA,12.1,6.05,,,,14-1676
M-00785,"MTG BLK, NOSE CASTER, NAR",EA,33.0,16.5,,,,14-5539-01
M-00786,"BAR,ANGLE,STEEL,4 X 3-1/2 X 1/4,A36",IN,3.23,1.62,,,,
M-00787,"MTG BLK, NOSE CASTER, MED STILE",EA,33.0,16.5,,,,14-5539-02
M-00789,"BAR,RECT.,ALUM.,1/2 X 1-1/4,6061-T6",IN,1.47,0.74,,,,14-1861
M-00794,"BAR,RECT.,ALUM.,3/8 X 3/4,6061-T6",IN,1.47,0.74,,,,14-14069
M-00795,TRANSOM CLIP,EA,34.0,17.0,,,,14-4095
M-00797,"BAR,RECT.,ALUM.,3/8 X 3/4 X 6 C.T.L.",EA,3.55,1.78,,,,14-14070
M-00799,TRANSOM CLIP,EA,10.8,5.4,,,,14-9877
M-00802,"BRACKET,SWITCH,DOOR CLOSED POSITION",EA,3.23,1.62,,,,24-11169
M-00805,"LOCK ROD,GUIDE,EXTRU",IN,1.47,0.74,,,,14-13855-03
M-00806,"ROLLER,HANGER,W/ BEARING",EA,44.0,22.0,,,,21-8830
M-00807,"BLOCK, GUIDE, LOCKROD",EA,18.0,9.0,,,,14-14060
M-00810,"TAPE,DOUBLE COATED POLYESTER,9MM",IN,107.0,53.5,,,,14-10143
M-00821,"STRIP,ABS,TEXTURED,1/8 X 1-3/4,BLACK",IN,1.47,0.74,,,,14-5972
M-00822,"BAR,RND.,STEEL,1.0 DIA.,INCUT 200",IN,3.23,1.62,,,,14-2728
M-00825,"BAR,RECT.,ALUM.,1-1/2 X 2,6061-T651",IN,18.0,9.0,,,,14-2730
M-00829,"ENDCAP, CARRIER, 1175",EA,23.0,11.5,,,,14-14031
M-00846,"HINGE,BI-FOLD,MILL,EXTRU",IN,8.0,4.0,,,,24-8914-03
M-00847,"HINGE,BIFOLD,MACHINED,RH,MILL",EA,65.0,32.5,,,,24-8923-03
M-00861,"STIFFENER,STILE,MILL,EXTRU",IN,1.47,0.74,,,,14-13950-03
M-00863,"RAIL,CLIP,MILL,EXTRU",IN,0.95,0.48,,,,24-2967-03
M-00870,"CLIP,RAIL,.391 HOLE,METAL",EA,8.2,4.1,,,,14-0984-01
M-00871,"CLIP,RAIL,.500 HOLE,METAL",EA,8.2,4.1,,,,14-0984-02
M-00872,"CLIP,RAIL,3"" TOP RAIL,.391 HOLE,METAL",EA,8.6,4.3,,,,14-10108-01
M-00873,"CLIP,RAIL,3"" TOP RAIL,.500 HOLE,METAL",EA,8.6,4.3,,,,14-10108-02
M-00876,"CLIP,RAIL,6.375"" MUNTIN,.391 HOLE,METAL",EA,20.0,10.0,,,,14-13162
M-00877,"CLIP,RAIL,6.375"" MUNTIN,.500 HOLE,METAL",EA,20.0,10.0,,,,14-13161
M-00878,"CLIP,RAIL,8"" MUNTIN,.391 HOLE,METAL",EA,17.0,8.5,,,,14-13195
M-00879,"CLIP,RAIL,8"" MUNTIN,.500 HOLE,METAL",EA,12.4,6.2,,,,14-13194
M-00880,"CLIP,RAIL,2.9"" LONG,METAL",EA,6.4,3.2,,,,14-14192
M-00886,"MOUNT,HEADER, GT8000,MILL,EXTRU",IN,1.47,0.74,,,,24-11866-03
M-00887,"BLK SPACER, LOWER PIVOT, MED STILE",EA,125.0,62.5,,,,24-8386
M-00888,"BAR,RECT.,ALUM.,1 X 3,6061-T6",IN,5.4,2.7,,,,14-1977
M-00889,"SNAP CHANNEL, GT8000,EXTRU",IN,0.58,0.29,,,,24-11865-01
M-00890,"HOUSING,PANIC LATCH,EXTRU",IN,3.23,1.62,,,,14-6131-03
M-00891,"THRESHOLD,EXTRU MILL",IN,1.47,0.74,,,,14-0969
M-00894,"GUIDE TRACK,EXTERNAL,EXTRU",IN,1.47,0.74,,,,14-1279-01
M-00895,"DOOR,PULL,EXTRU",IN,1.47,0.74,,,,24-5471-03
M-00896,"PUSHBAR,MOUNT,MILL,EXTRU",IN,1.47,0.74,,,,14-5470-03
M-00898,"LEVER,PANIC LATCH,MILL,EXTRU",IN,1.47,0.74,,,,24-6140-03
M-00899,"TUBE,ALUM.,1 X 1 X .092,EXTRU",IN,0.41,0.21,,,,14-10254-01
M-00912,"HDER,BOTTOM LOAD,END BRACKET,MILL,EXTRU",IN,1.47,0.74,,,,24-0127-03
M-00913,"BRKT, TELE BELT CLIP",EA,19.0,9.5,,,,14-13948
M-00914,"BAR,RECT.,ALUM.,3/16 X 3,6061-T6",IN,1.47,0.74,,,,14-14220
M-00922,"BAR,RECT.,STEEL,3/16 X 4,1018",IN,1.47,0.74,,,,14-10202
M-00926,"BASE PLATE, IDLER",EA,22.0,11.0,,,,14-13926
M-00927,"BLOCK, PILLOW, IDLER",EA,85.0,42.5,,,,14-13927
M-00928,"PULLEY, 10 TOOTH, L PITCH TIMING",EA,47.0,23.5,,,,14-13924
M-00929,"SHAFT, 2,1 SPEED REDUCER",EA,139.0,69.5,,,,24-13922
M-00930,"PULLEY, 20 TOOTH, L PITCH, TIMING",EA,71.0,35.5,,,,14-13925
M-00934,"PULLEY, 14 TOOTH, H PITCH, TIMING",EA,75.0,37.5,,,,14-13996
M-00938,"TAPE,DOUBLE SIDED,.005 X .50",IN,1.47,0.74,,,,14-14067
M-00942,"BRKT,BELT TENSIONING",EA,20.0,10.0,,,,14-13944
M-00949,"BAR,RECT.,ALUM.,3/4 X 1-1/2,6061-T6",IN,2.17,1.09,,,,14-1440
M-00952,"PIN, HINGE, BI-FOLD",EA,22.0,11.0,,,,14-8956
M-00953,"BRKT, TELESCOPIC ELECTRIC LOCK",EA,99.0,49.5,,,,14-14508
M-00955,"GASKET,BULB,1/4 X 1/2,SILICONE",IN,1.47,0.74,,,,14-14032
M-00956,"LABEL,LOCK,ELECTRIC,FAIL SAFE",EA,4.01,2.01,,,,14-14576
M-00957,"LABEL,LOCK,ELECTRIC,FAIL SECURE",EA,4.01,2.01,,,,14-14576
M-00958,"BRKT, STOP, TELE",EA,13.5,6.75,,,,14-10577
M-00960,"PAD, WEAR",EA,22.0,11.0,,,,14-14034
M-00961,"HUB, ROLLER, ANTI-RISE",EA,25.0,12.5,,,,14-14036
M-00962,"ROLLER, ANTI-RISE",EA,34.0,17.0,,,,14-14037
M-00963,"BAR,RND.,STEEL,1/2 DIA.,DRILL ROD",IN,4.15,2.08,,,,14-5994
M-00965,"TUBE,STEEL,RND.,1/2 OD X .260 ID",IN,1.47,0.74,,,,14-3477
M-00966,"SPACER, LOCK MOUNT, ALL GLASS",EA,44.0,22.0,,,,14-11433
M-00967,"BLOCK,PANEL",EA,32.0,16.0,,,,14-9986
M-00968,"BAR,SQUARE,UHMW,1-1/2 x 1-1/2",IN,2.65,1.33,,,,14-5973
M-00969,"PLATE, COVER, FIXED SIDELITE",EA,25.0,12.5,,,,14-14053
M-00970,"SPACER, FS BTM BRKT, ALL GLASS",EA,16.0,8.0,,,,14-9973
M-00971,"BAR,RECT.,STEEL,1/8 X 1,1018",IN,1.47,0.74,,,,24-0790
M-00972,"BRACKET, JAMB TUBE, FS",EA,20.0,10.0,,,,14-14056
M-00973,"INTERLOCK, FEMALE",EA,106.0,53.0,,,,24-14043
M-00974,"BLOCK,FOAM",EA,8.2,4.1,,,,14-9358
M-00975,"PIVOT, FLOOR, SWING PANEL, HURRICANE",EA,84.0,42.0,,,,24-14039
M-00976,"RETAINER, ECCENTRIC",EA,20.0,10.0,,,,14-14041
M-00977,"BAR,RECT.,DELRIN,3/8 X 5/8",IN,3.7,1.85,,,,14-5406
M-00978,"SPACER, 2100 TELE",EA,23.0,11.5,,,,14-10766
M-00979,"GUIDE BLOCK,4"" & 6-1/2"" BOTTOM RAIL",EA,13.4,6.7,,,,14-12064
M-00980,"BRKT, BTM GUIDE LH",EA,18.0,9.0,,,,14-10720
M-00982,"BRKT, BTM GUIDE RH",EA,18.0,9.0,,,,14-10767
M-00983,"INTERLOCK, MALE",EA,91.0,45.5,,,,14-14044
M-00985,"SUPPORT, GUIDE ROLLER",EA,112.0,56.0,,,,24-14046
M-00986,"BAR,RECT.,DELRIN,1/2 X 1",IN,1.47,0.74,,,,24-0911
M-00991,"BUSHING, RUBBER MOUNT, .406ID .80OD",EA,14.5,7.25,,,,24-0433
M-00993,"BRACKET, THRESHOLD, FS, HURRICANE, RH",EA,24.0,12.0,,,,14-14057-10
M-00994,"BRACKET, THRESHOLD, FS, HURRICANE, LH",EA,24.0,12.0,,,,14-14057-20
M-00996,"BRKT, ELECTRIC LOCK",EA,35.0,17.5,,,,24-14501
M-00997,"LOCKROD, END, 1/4-20",EA,12.6,6.3,,,,14-14062
M-00998,"LOCKROD, END, #12-24",EA,22.0,11.0,,,,14-14064
M-00999,"SPACER, MIDDLE, IDLER ASM",EA,7.3,3.65,,,,14-13928
M-01002,"BUSHING,SUPPORT,BIFOLD BREAKOUT CHANNEL",EA,64.0,32.0,,,,14-8995
M-01003,"TUBE,NYLATRON,1-1/4 OD X 1 ID",IN,4.01,2.01,,,,14-8996
M-01004,"BAR,RECT.,STEEL,1/2 X 1-1/4,1018",IN,2.03,1.02,,,,24-1267
M-01018,BUMPON STRIP,EA,8.2,4.1,,,,14-3444-02
M-01019,"COVER,SWITCH,SWINGER OPERATOR",EA,9.8,4.9,,,,24-0378
M-01036,"ROLLER,URETHANE,MEDIUM STILE",EA,13.4,6.7,,,,14-9044-02
M-01039,"BAR,RECT.,ALUM.,1/4 X 1-1/4,6061-T6",IN,0.65,0.33,,,,14-3556
M-01042,"BAR,RECT.,ALUM.,3/4 X 1,6061-T6",IN,1.47,0.74,,,,14-3039
M-01043,"BRACKET, OPERATOR, SIDELOAD HEADER",EA,12.6,6.3,,,,22-11938
M-01044,"5/8"" WEB DEPTH TRACK FOR OHC'S",EA,28.0,14.0,,,,24-0099
M-01045,"WASHER,STEEL,.375IDX.75ODX.375THK.",EA,2.65,1.33,,,,24-0017-07
M-01047,"SWITCH,PANIC LATCH,W/ WIRES",EA,91.0,45.5,,,,11-6118
M-01048,"GUIDE TRACK,CU,SHORT,CASTING,MILL",EA,46.0,23.0,,,,21-5260-13
M-01049,"CLIP,COVER",EA,11.9,5.95,,,,14-10727
M-01051,"END CAP,SIDELOAD,NO ACCESS HOLE,MILL",EA,23.0,11.5,,,,14-12022-03
M-01052,"TUBE,STEEL,RND.,5/8 OD X .385 ID",IN,0.95,0.48,,,,14-11879
M-01053,"SPACER,BASE PIVOT,OHC",EA,11.3,5.65,,,,24-0748
M-01059,"PIN,OPERATOR,HOUSING BASE",EA,14.5,7.25,,,,24-0701
M-01061,"HUB, ROLLER TRACK",EA,47.0,23.5,,,,14-9032
M-01062,"GASKET,BULB,3/16 X 1/2",IN,1.47,0.74,,,,24-12872-02
M-01063,"ROLLER,DOOR,TELESCOPING",EA,28.0,14.0,,,,14-10025
M-01067,"BAR,RECT.,STEEL,3/16 X 1/2,1018",IN,1.47,0.74,,,,14-3969
M-01070,"HARNESS,BREAKOUT,1175,15""",EA,44.0,22.0,,,,22-9367
M-01072,"HARNESS,POWER,MAGNUM/OPUS",EA,28.0,14.0,,,,21-9933
M-01074,"HARNESS,MOTOR,GT710",EA,37.0,18.5,,,,
M-01080,"ARM STOP, 710",EA,12.6,6.3,,,,14-11586
M-01081,"BAR,RECT.,ALUM.,3/16 X 1-1/4,6061-T6",IN,1.47,0.74,,,,14-5114
M-01082,"SHOE,ARM,MILL",EA,4.76,2.38,,,,14-8841-03
M-01085,"HARNESS, POWER SWITCH - SWINGERS/710",EA,12.6,6.3,,,,11-13185
M-01086,"SUPPORT,ROLLER,ARM,INSWING",EA,64.0,32.0,,,,24-2304
M-01088,"SPRING,COMPRESSION,SS",EA,3.23,1.62,,,,14-5872-02
M-01089,"SHAFT,CENTER,PIVOT",EA,10.0,5.0,,,,24-0517
M-01093,"CLIP,RAIL,TELE",EA,17.0,8.5,,,,14-10710
M-01094,"PLATE,SWITCH,KEY,ON/OFF/HOLD OPEN",EA,28.0,14.0,,,,10-3101
M-01095,"SPACER,NO BREAKOUT,CARRIER/TOP RAIL",EA,23.0,11.5,,,,14-5940
M-01096,"ARM,LOCK,SLIDER",EA,28.0,14.0,,,,24-10798
M-01099,"PLATE,SWITCH,ON-OFF",EA,28.0,14.0,,,,10-3119
M-01104,"PULLEY,DRIVE,ASSEMBLY",EA,91.0,45.5,,,,11-9906
M-01106,"BAR,RECT.,ALUM.,1-1/4 X 1-1/2,6061-T6",IN,8.4,4.2,,,,14-2734
M-01107,"PIVOT,BOTTOM,SWING PANEL,2100",EA,14.5,7.25,,,,14-10724
M-01109,"BAR,RECT.,ALUM.,3/4 X 1-1/4,6061-T6",IN,12.4,6.2,,,,14-3545
M-01110,"SPACER,LOCK,ARM",EA,9.7,4.85,,,,14-10801
M-01111,"END PLUG,HINGE TUBE",EA,22.0,11.0,,,,14-8947
M-01112,"OPERATOR,BODY,OPMANS,710",EA,112.0,56.0,,,,24-10454
M-01113,"BRACKET,ICU,D/RECESSED HANDLE",EA,41.0,20.5,,,,24-12956
M-01114,"BAR,ANGLE,ALUM.,3 X 2 X 1/4,6061-T6",IN,2.17,1.09,,,,14-10470
M-01115,"BRACKET,PIVOT BASE",EA,28.0,14.0,,,,24-9642
M-01116,"END STOP,BRACKET,SLIDER",EA,63.0,31.5,,,,14-10713
M-01117,"BAR,RECT.,ALUM.,1/2 X 6,6061-T6",IN,5.5,2.75,,,,14-10296
M-01118,"BAR,RECT.,ALUM.,1/4 X 1,6061-T6",IN,1.47,0.74,,,,14-2823
M-01122,"COVER,BASE PIVOT,2100 TELESCOPIC,RH",EA,44.0,22.0,,,,24-10826
M-01123,"CLIP,RAIL,MUNTIN,L-CLIP",EA,17.0,8.5,,,,14-9788
M-01125,"BAR,RECT.,ALUM.,5/16 X 1,6061-T6",IN,1.47,0.74,,,,14-11615
M-01127,"NOSE GUIDE,WELDMENT,BIFOLD",EA,144.0,72.0,,,,22-8940
M-01129,"BAR,RECT.,ALUM.,3/8 X 1-1/2,6061-T6",IN,1.47,0.74,,,,14-5162
M-01132,"COVER,BASE PIVOT,2100,LH",EA,36.0,18.0,,,,24-10803
M-01133,"OPERATOR BODY,710",EA,144.0,72.0,,,,24-10269
M-01134,"BAR, SPLINED, INSWING ARM",EA,84.0,42.0,,,,24-10325
M-01136,"HARNESS,BREAKOUT,1175,40""",EA,32.0,16.0,,,,22-9220-02
M-01137,"BAR,RND.,BRASS,1 DIA.",IN,12.4,6.2,,,,14-8433
M-01139,"PANIC CATCH,HEADER,ICU",EA,134.0,67.0,,,,14-3689
M-01140,"COVER,BASE PIVOT,2100 TELESCOPIC,LH",EA,44.0,22.0,,,,24-10827
M-01141,"HARNESS, MODIFIED - OPTEX I-ONE",EA,77.0,38.5,,,,12-13018
M-01142,"DRIVEBAR, WLDMNT NH COMP W/8969-8970",EA,185.0,92.5,,,,22-8971
M-01144,"SWITCH, KEY - NABCO",EA,139.0,69.5,,,,14-11876-02
M-01146,"BAR,RECT.,STEEL,3/8 X 1-1/4,1018",IN,1.47,0.74,,,,14-1321
M-01147,"WEATHERSTRIP,ALL-GLASS,CLEAR W/ GRAY",IN,154.0,77.0,,,,11-5945-50
M-01150,"COVER,BASE PIVOT,2100,RH",EA,36.0,18.0,,,,24-10802
M-01151,"ROLLER,NOSE GUIDE,BIFOLD",EA,14.9,7.45,,,,14-12951
M-01152,"BAR,RECT.,ALUM.,1 X 1-1/4,6061-T6",IN,2.32,1.16,,,,24-0520
M-01154,"END CAP,BIFOLD,MILL",EA,80.0,40.0,,,,24-8966-03
M-01155,"BAR, SPLINED, INSWING ARM",EA,60.0,30.0,,,,24-3563
M-01156,"HARNESS,EXTENSION,1175 SENSOR,48""",EA,28.0,14.0,,,,22-9267-01
M-01159,"RING, STOP - HOLD DOWN",EA,19.0,9.5,,,,24-2303
M-01162,"HARNESS,MICROSWITCH,MAGNUM",EA,75.0,37.5,,,,21-9934
M-01165,"SPRING,LEAF,PANIC LATCH",EA,11.3,5.65,,,,14-6123
M-01166,"SELF ANGLER,PIVOT BASE,UL PART",EA,11.3,5.65,,,,24-0029
M-01168,"HARNESS,EXTENSION,1175 SENSOR,24""",EA,14.5,7.25,,,,22-9267-02
M-01171-120,"SEAL,BULB,DUAL DUROMETER,120""",EA,59.0,29.5,,,,
M-01171-90,"SEAL,BULB,DUAL DUROMETER,90""",EA,44.0,22.0,,,,
M-01172,"END CAP,SIDELOAD,OHC,2 ACCESS HOLES,MILL",EA,25.0,12.5,,,,14-12024-03
M-01174,"CLIP,BASE,MULLION",EA,28.0,14.0,,,,14-9061
M-01175,"HARNESS,MOTOR,BRAKE MODULE,SWINGER",EA,64.0,32.0,,,,11-10280
M-01176,"PROTECTIVE STRIP,BUMP ON,108FT ROLL",IN,1.51,0.76,,,,14-3442
M-01177,"BRACKET,COVER,BTM LOAD",EA,14.5,7.25,,,,24-1849
M-01180,"OHC, BASE PIVOT",EA,62.0,31.0,,,,24-0747
M-01181,"TOP FRAME MOUNT, SUB - ASSY - SWINGER",EA,18.0,9.0,,,,22-1360
M-01182,"HARNESS,POWER,ROCKER SWITCH",EA,8.2,4.1,,,,14-10585
M-01183,"SHAFT,BASE PIVOT,OHL-UL PART",EA,104.0,52.0,,,,22-2049
M-01186,"BRACKET,MOUNTING ,PANIC,LATCH",EA,14.5,7.25,,,,14-6133
M-01188,"SPACER,RAIL,GLAS INST.,ALL GLASS",EA,10.2,5.1,,,,14-5896
M-01190,"HARNESS,HANDING MICROPROCESSOR",EA,41.0,20.5,,,,11-9208
M-01194,BUMPER - COME ALONG BRACKET,EA,15.0,7.5,,,,14-12068
M-01196,"ARM,OUTSWING,MILL",EA,51.0,25.5,,,,21-0711
M-01198,"STRIKE,PIN,ADAMS RITE",EA,9.5,4.75,,,,11-9565
M-01204,"BLOCK,PIVOT,OHC",EA,45.0,22.5,,,,24-0075
M-01206,"SPACER, DOWEL PIN GLASS INST. ,ALL GLASS",EA,4.76,2.38,,,,14-5965
M-01208,"ARM,BELL CRANK,OPERATOR",EA,163.0,81.5,,,,24-8976
M-01210,"GEAR,SPIRAL BEVEL RING,POWER ELECTRIC",EA,91.0,45.5,,,,14-8706-02
M-01212,"COVER,DOOR STOP,CLR",EA,8.2,4.1,,,,24-5187-01
M-01215,"GUIDE,LOCK,UPPER,HUR H60 MED STILES",EA,31.0,15.5,,,,14-10339
M-01219,"OPERATOR,MOUNT,BIFOLD,LH",EA,41.0,20.5,,,,21-8921
M-01220,"OPERATOR,MOUNT,WELDMENT,RH BI-FOLD",EA,48.0,24.0,,,,21-8920
M-01224,"SPRING,COMPRESSION,PANIC LATCH",EA,20.0,10.0,,,,14-6121-01
M-01225,"LINKAGE, 20IN ROD",EA,44.0,22.0,,,,22-8847-40
M-01227,"BAR,RND.,STEEL,3/4 DIA.,INCUT 200",IN,1.47,0.74,,,,
M-01229,"BRACKET,ROLLER COVER,BACKING",EA,49.0,24.5,,,,14-10755
M-01230,"COVER,THRESHOLD PLATE,5-1/4""",EA,25.0,12.5,,,,24-0742
M-01231,"PREVENTER BLOCK, DUST AND RODENT",EA,34.0,17.0,,,,14-13313
M-01232,"STRIKE,MOUNTING ,BLOCK,-COME ALONG",EA,22.0,11.0,,,,14-12065
M-01233,"BAR,RECT.,SS,.105 X 1-1/2 X 48,304",IN,2.95,1.48,,,,14-10785
M-01239,"GASKET,BLADE,1.00,GRAY",IN,0.81,0.41,,,,14-3933-01
M-01241,"GASKET,BLADE,.56,GRAY",IN,0.77,0.39,,,,14-5592-01
M-01243,"LINKAGE, 30IN ROD",EA,64.0,32.0,,,,22-8847-50
M-01244,"WEATHERING,BULB",IN,0.81,0.41,,,,14-8632
M-01245,"BRACKET,SWITCH,PANIC LATCH",EA,3.55,1.78,,,,14-6104
M-01247,"ROLLER,ANTI-RISE",EA,4.76,2.38,,,,14-14803
M-01254,"BAR,RECT.,STEEL,7/16 X 1,1018",IN,1.47,0.74,,,,14-1549
M-01263,"THRESHOLD,HEAVY DUTY,1/4"" X 5"",MIL",IN,4.45,2.23,,,,14-11970-03
M-01264,"LIMIT ARM,MEDIUM STILE,MACHINED",EA,19.0,9.5,,,,24-8849
M-01267,"PIVOT ,PANEL,LOCK BOLT",EA,58.0,29.0,,,,24-8937-10
M-01268,"PIVOT ,PANEL,LOCK BOLT",EA,58.0,29.0,,,,24-8937-20
M-01270,",RETAINER,BIFOLD,PIVOT BUSHING",EA,6.2,3.1,,,,14-13811
M-01275,"STATIC ARRESTOR,STRIP 4""",EA,3.23,1.62,,,,14-10907-01
M-01285,"GUARD, LOCK CYLINDER",EA,15.0,7.5,,,,14-9695
M-01286,"MOUNT BLOCK, END CAP - TRAIL DOOR",EA,18.0,9.0,,,,14-10245
M-01289,"BLOCK, ADAPTOR",EA,9.6,4.8,,,,14-8629
M-01291,"HUB,ROLLER,30MM",EA,62.0,31.0,,,,24-10024
M-01296,"BAR,RECT.,STEEL,5/8 X 1-3/8,1018",IN,6.4,3.2,,,,
M-01300,"ROD COVER,REINFORCEMENT,MILL",EA,228.0,114.0,,,,14-11808
M-01301,"OHC,CHANNEL,SIM PAIR,MIDDLE 4-1/2,204",EA,19.0,9.5,,,,24-0164-01
M-01302,"SNAP IN,CHANNEL,204,NO-FG",EA,22.0,11.0,,,,24-12034-11
M-01303,"SNAP IN,CHANNEL,204,W-FG",EA,22.0,11.0,,,,24-12034-21
M-01309,"BAR,RECT.,STEEL,3/8 X 1-3/8,1018",IN,1.47,0.74,,,,14-2731
M-01312,"BAR,SPLINED,OUTSWING ARM",EA,30.0,15.0,,,,24-0715
M-01313,"BAR,RECT.,ALUM.,3/8 X 1,6061-T6",IN,1.47,0.74,,,,14-1415
M-01314,"GUIDE,SPINDLE,UPPER ,BI-FOLD",EA,45.0,22.5,,,,14-8967 / 11-8967
M-01315,"BLOCK,MOUNTING ,LCN",EA,50.0,25.0,,,,14-10209
M-01323,"THRESHOLD,1/2 X 5,STEPPED,MILL,EXTRU",IN,3.0,1.5,,,,14-11572-03
M-01327,"SPACER,SIDE",EA,4.76,2.38,,,,24-0743
M-01328,"BAR,RECT.,STEEL,7/8 X 1-3/4,1018",IN,6.4,3.2,,,,
M-01330,"ARM,SWING,OHC, MILL",EA,108.0,54.0,,,,24-0585-03
M-01331,"SCREW,PIVOT,OHC ARM,1/2""-20 THD",EA,14.5,7.25,,,,24-0744
M-01335,"ARM, BELL CRANK, BI-FOLD SPINDLE",EA,75.0,37.5,,,,14-8985
M-01337,"SPACER,OHC TRACK,3/16""",EA,36.0,18.0,,,,24-5105
M-01338,"PUSH ROD,SINGLE FOLD",EA,60.0,30.0,,,,14-5890
M-01341,"WASHER,SFTY ROLLER,3/4IDX2.69ODX.10THK",EA,2.95,1.48,,,,14-9033
M-01342,"SPACER,OHC TRACK,3/8""",EA,89.0,44.5,,,,24-0507
M-01344,"CLIP,RAIL,F86,L-CLIP",EA,11.2,5.6,,,,14-12379
M-01345,"BAR,RECT.,ALUM.,1/4 X 1-3/4,6061-T6",IN,1.47,0.74,,,,14-1324
M-01354,"BLOCK, TIEROD- ALUM, 1"" X .5""",EA,59.0,29.5,,,,14-9293
M-01357,2 X 1 X 1/8ALUMINUM,IN,1.47,0.74,,,,
M-01364,"BAR,RECT.,STEEL,7/16 X 1-1/4,1018",IN,2.17,1.09,,,,14-14357
M-01366,"PINION GEAR,SPIRAL BEVEL,POWER ELECTRIC",EA,44.0,22.0,,,,14-5574-02
M-01368,"FLOOR BRACKET, TELESCOPIC FS",EA,72.0,36.0,,,,14-10756
M-01370,"TUBE,ALUM.,1/2 X 1 X 1/8,EXTRU",IN,1.08,0.54,,,,14-4846
M-01372,"C.U.,SIMULTANEOUS PAIR,STRIKE BASE,7""",EA,130.0,65.0,,,,24-0157-01
M-01374,"STRIKE,BASE,OHC,SINGLE,204,3.25""",EA,85.0,42.5,,,,24-0158-01
M-01378,"ADAPTERBLOCK, NO PANIC DOOR - .125 WALL",EA,159.0,79.5,,,,14-5940-10
M-01379,"END CAP,BOTTOM LOAD,OHC,MILL",EA,55.0,27.5,,,,24-1523-03
M-01386,"BRACKET,FRAME,7IN TRAN",EA,16.0,8.0,,,,24-1319
M-01388,"GUIDE,ROD,FLUSH BOLT",EA,34.0,17.0,,,,14-5506
M-01389,"PULL HANDLE,MACHINED,MILL",EA,69.0,34.5,,,,24-5473-01
M-01391,"PULLEY,TIMING,IDLER-LEAD DOOR,5MM TEL",EA,133.0,66.5,,,,14-10095
M-01393,"BRACKET,CONNECTOR,H TERMINAL",EA,19.0,9.5,,,,14-9038
M-01403,"TUBE,ALUM.,SQ.,2-1/2 X 2-1/2 X 1/8",IN,2.03,1.02,,,,10-0440
M-01405,"JUMPER,PLUG IN",EA,2.95,1.48,,,,14-8195
M-01410,"CABLE,H TERMINAL",EA,244.0,122.0,,,,14-8903-99
M-01411,"SLEEVE,GUIDE,UPPER,CENTER PIVOT",EA,10.1,5.05,,,,14-5089-1
M-01414,PIVOT BOTTOM: 2100 ICU,EA,48.0,24.0,,,,12-10722
M-01417,LABEL:ON-OFF SWITCH:120V,EA,2.95,1.48,,,,14-10689
M-01418,SWITCH:ROCKER:FACE PLATE,EA,14.5,7.25,,,,
M-01424,"LABEL,USE COPPER CONDUCTORS ONLY",EA,1.47,0.74,,,,14-8667
M-01457,CONTROL BOX: 300/400,EA,1011.0,505.5,,,,41-1512
M-01463,THRSHLD:1/4X6:SADDLE:MILL:EXTRU.NO HOLES,IN,3.54,1.77,,,,14-10564-03
M-01464,"END CAP,SIDELOAD,W/ ACCESS HOLE,MILL",EA,19.0,9.5,,,,14-12023-03
M-01468,"BAR,ANGLE,ALUM.,1/2 X 1 X 1/8,6063-T5",IN,1.47,0.74,,,,14-11602
M-01472,"BRACKET,COVER,FS TELESCOPIC",EA,6.6,3.3,,,,14-10516
M-01475,LIMIT STOP:C.U.,EA,63.0,31.5,,,,21-0700
M-01476,"ADJUSTER,GLASS,SWING DOOR",EA,43.0,21.5,,,,14-5385
M-01478,"ARM,WELDMENT,INSWING,7-3/4,RH",EA,146.0,73.0,,,,22-10328-13
M-01479,BAR:VERTICAL:INSWING ARM,EA,15.0,7.5,,,,24-0719
M-01482,"ARM,WELDMENT,INSWING,11-1/2,RH",EA,153.0,76.5,,,,22-10328-23
M-01483,"ARM,WELDMENT,INSWING,15-3/4,RH;MILL",EA,180.0,90.0,,,,22-10328-33
M-01485,"BAR,RECT.,ALUM.,5/16 X 1-1/2,6061-T6",IN,1.47,0.74,,,,14-3072
M-01488,PLATE:MOUNTING :RELAY,EA,15.0,7.5,,,,24-10679-02
M-01490,"BLOCK,STOP,NON-PANIC",EA,18.0,9.0,,,,24-0740
M-01491,BELT: .500 PITCH: H PROFILE,IN,0.65,0.33,,,,14-0795
M-01492,"ARM,WELDMENT,INSWING,7-3/4,LH",EA,146.0,73.0,,,,22-10327-13
M-01493,"ARM,WELDMENT,INSWING,11-7/2,LH",EA,153.0,76.5,,,,22-10327-23
M-01494,"ARM,WELDMENT,INSWING,15-3/4,LH",EA,163.0,81.5,,,,22-10327-33
M-01505,"BAR,RND.,STEEL,3/16 DIA.,1018",IN,1.47,0.74,,,,
M-01506,"BUMPER,LEVER,PANIC LATCH",EA,1.47,0.74,,,,14-6125
M-01516,"GASKET,BULB,DUAL DUROMETER",IN,1.47,0.74,,,,
M-01518,LATCH BLOCK,EA,34.0,17.0,,,,14-8964
M-01519,"MAGNETIC POLE PIECE,WITH LIP",EA,44.0,22.0,,,,14-8962
M-01520,MAGNETIC POLE PIECE,EA,28.0,14.0,,,,14-8963
M-01524,"BRACKET,END,CU",EA,33.0,16.5,,,,24-9907-03
M-01526,"BRUSH,NYLON,1 LG (96"" L)",IN,1.47,0.74,,,,14-4899-100
M-01527,"LOCK ARM,TELESCOPING",EA,30.0,15.0,,,,14-10824
M-01529,"SHAFT, BOTTOM GUIDE,DBL ROLLER",EA,19.0,9.5,,,,14-9040
M-01541,"BAR,RISER,CENTER PIVOT",EA,7.1,3.55,,,,24-0707
M-01545,"ARM,WELDEMENT,INSWING,14-1/4,RH,MILL",EA,127.0,63.5,,,,22-3565-03
M-01546,"CONTROLLER,OPUS, W/O HARNESS",EA,568.0,284.0,,,,24-14851
M-01549,"ARM,WELDMENT,INSWING,14-1/4,LH,MILL",EA,127.0,63.5,,,,22-3566-03
M-01550,"ARM,INSWING,ZERO REVEAL,MILL",EA,81.0,40.5,,,,21-0712-03
M-01551,"PIN,ALIGNMENT",EA,2.95,1.48,,,,14-11863
M-01552,"SPACER,.194 ID X .25 OD X 1.023L.,SS304",EA,14.5,7.25,,,,14-8965
M-01556,"HARNESS,Y,SWITCH AND MOTOR",EA,136.0,68.0,,,,22-0087
M-01557,"COVER,TIE PLATE",EA,34.0,17.0,,,,14-13198
M-01563,"MTG BLOCK,LCN CLOSER",EA,17.0,8.5,,,,14-5228
M-01564,"ROLLER,LCN DOOR CLOSER",EA,30.0,15.0,,,,14-8486
M-01568,"ARM,WELDMENT,INSWING,NABTESCO,LH,MILL",EA,240.0,120.0,,,,22-10534-03
M-01570,"ARM,WELDMENT,INSWING,NABTESCO,RH,MILL",EA,240.0,120.0,,,,22-10533-03
M-01571,"BAR,RECT.,ALUM.,1/2 X 1,6061-T6",IN,1.47,0.74,,,,14-1691
M-01582,"BAR,ANGLE,ALUM.,4 X 3 X 1/4,6061-T6",IN,3.23,1.62,,,,14-12820
M-01601,"BAR,RADIUSED,INSWING ARM",EA,45.0,22.5,,,,24-3564
M-01602,"BAR,VERTICAL,DBL EGRESS ARM",EA,6.4,3.2,,,,
M-01603,"BAR,RADIUSED,OUTSWING ARM",EA,46.0,23.0,,,,24-0717-03
M-01604,"ARM,WLDMNT,DBL EGRESS,OUTSWING,MILL",EA,128.0,64.0,,,,21-14423-03
M-01605,"BAR,RADIUSED,INSWING ARM,7-3/4 L",EA,46.0,23.0,,,,24-10326-10
M-01606,"BAR,RADIUSED,INSWING ARM,11-1/2 L",EA,46.0,23.0,,,,24-10326-20
M-01607,"BAR,RADIUSED,INSWING ARM,15-3/4 L",EA,46.0,23.0,,,,24-10326-30
M-01608,"BAR,RADIUSED,INSWING ARM,20-1/2 L",EA,46.0,23.0,,,,
M-01610,"BAR SPLINED, INSWING ARM,10IN",EA,6.4,3.2,,,,
M-01619,"BRACKET,THRESHOLD,FS,RH,TTC",EA,50.0,25.0,,,,
M-01620,"BRACKET,THRESHOLD,FS,LH,TTC",EA,50.0,25.0,,,,
M-01624,"BRACKET,POWER SUPPLY,1175",EA,31.0,15.5,,,,24-14806
M-01625,"KIT,HARNESS,POWER SUPPLY",EA,13.9,6.95,,,,14-14807
M-01632,"""BRACKET,F86 PUSHBAR STOP""",EA,7.7,3.85,,,,14-13197
M-01646,"PIPE,WATER,STEEL,1/2",IN,115.0,57.5,,,,24-8978
M-01647,"PUSH ROD,END PLUG,3/8-24,LH THREAD",EA,17.0,8.5,,,,14-8980
M-01648,"PUSH ROD,END PLUG,3/8-24,RH THREAD",EA,17.0,8.5,,,,14-8981
M-01653,BULB SEAL;VERTICAL VINYL,IN,2.48,1.24,,,,14-13951
M-01666,"CABLE,EXTENSION;ROCKER SWITCH;72",EA,48.0,24.0,,,,22-9186-02
M-01675,SWITCH;PUSH-N-GO;MICROSWITCH,EA,49.0,24.5,,,,14-8732
M-01680,"HARNESS,SIM PAIR,39,OPUS",EA,14.5,7.25,,,,
M-01682,"BAR,RECT.,UHMW,1/4 X 1-3/8",IN,1.47,0.74,,,,14-5815
M-01687,OPERATOR;GT710;W- ENCODER;NO CLOSER,EA,910.0,455.0,,,,
M-01694,FISHPAPER;1DIA.,EA,6.4,3.2,,,,
M-01695,FISHPAPER;11/16X2-1/16,EA,6.4,3.2,,,,
M-01700,"PLATE,BRAKE MODULE,OPUS",EA,6.4,3.2,,,,
M-01701,"INSULATOR,BRAKE MODULE,OPUS",EA,6.4,3.2,,,,
M-01708,"BAR,RND.,STEEL,5/8 DIA.,1018 CRS",IN,9.0,4.5,,,,14-2740
M-01717,"BAR,RECT.,DELRIN,3/8 X 3/4",IN,13.2,6.6,,,,
M-01725,"CABLE,SIM PAIR,GT20",EA,32.0,16.0,,,,
M-01729,"PLATE,SLIDER,OPUS RETROFIT",EA,14.2,7.1,,,,
M-01735,"PLATE,BOTTOM LOAD,OPUS",EA,24.0,12.0,,,,
M-01736,"BRACKET,BIFOLD,OPUS",EA,61.0,30.5,,,,
M-01737,"PLATE,CONTROLS,OHC,GT20",EA,24.0,12.0,,,,
M-01739,"HARNESS,POWER,OHC,GT20",EA,31.0,15.5,,,,
M-01740,"CABLE,ENCODER,OHC,GT20",EA,34.0,17.0,,,,
M-01741,"CABLE,SWITCH,OHC,GT20",EA,25.0,12.5,,,,
M-01747,"SWITCHPLATE,2 ROCKER SWITCHES,BIFOLD",EA,34.0,17.0,,,,14-9824
M-01767,"TUBE,RUBBER,ROUND,.25 OD X.190 ID.",IN,1.47,0.74,,,,14-9435
M-01779,PULLEY;SPLINED;DS150,EA,31.0,15.5,,,,14-11851
M-01781,"GASKET,BULB,1/4 X 1/2,SANTOPRENE",IN,1.47,0.74,,,,14-14301
M-01784,"BAR,RECT.,ALUM.,1/4 X 4,6061-T6",IN,1.87,0.94,,,,14-3794
M-01791,"ARM,INSWING,RIGHT ANGLE,GT20",EA,285.0,142.5,,,,
M-01799,"LABEL, UL CSA (NO ADDRESS)",EA,1.47,0.74,,,,14-12288
M-01800,"LABEL,UL,FIRE DOOR,ROYAL DOOR",EA,5.8,2.9,,,,
M-01801,"LABEL,UL,FIRE DOOR,MUSKEGO",EA,5.8,2.9,,,,14-13066
M-01802,"BAR,RND.,NYLATRON,1-1/2 DIA.",IN,3.07,1.54,,,,
M-01805,"BAR,RECT.,ALUM.,5/16 X 3,6061-T6",IN,2.03,1.02,,,,
M-01809,"RUBBER,MASTICATED1/2 X 3/4,BLK",IN,1.47,0.74,,,,
M-01812,"BAR,RECT.,ALUM.,1/2 X 3/4,2024-T351",IN,6.2,3.1,,,,14-3071
M-01828,"TAPE,DOUBLE SIDED,FOAM,.125 X .750",IN,0.76,0.38,,,,
M-01840,"BAR,ANGLE,ALUM.,2 X 1-1/2 X 1/8,6061-T6",IN,46.0,23.0,,,,14-14436
M-01841,"PLATE, SWITCH - BLANK",EA,12.1,6.05,,,,14-14397
M-01844,"HARNESS,SIM PAIR,75,OPUS",EA,7.3,3.65,,,,
M-01848,"DECAL, IN EMERGENCY SLIDE TO OPEN",EA,25.0,12.5,,,,24-13915
M-01932,"GASKET,COMPRESSION,FOAM",IN,0.78,0.39,,,,
M-01963-10,"BRACKET,ANGLE,BOTTOM GUIDE,RH,2400",EA,36.0,18.0,,,,
M-01963-20,"BRACKET,ANGLE,BOTTOM GUIDE,LH,2400",EA,36.0,18.0,,,,
M-01964-20,"PLATE,FLOOR,LH,ICU",EA,68.0,34.0,,,,
M-01966,"RECEIVER,BOTTOM GUIDE,ICU",EA,36.0,18.0,,,,
M-01968,"BLOCK,STRIKE,LATCH ASM,2400",EA,28.0,14.0,,,,
M-01972,"ARM,LIMIT,2400",EA,18.0,9.0,,,,
M-01973-01,"GUIDE,LIMIT ARM,2400T",EA,12.5,6.25,,,,
M-01987,"GASKET,BLADE,1.00,BLACK,SMOKE RATED",IN,0.72,0.36,,,,
M-01994,"PLATE,JAMB,POSITIVE LATCH",EA,32.0,16.0,,,,
M-02017,"PLATE,MTG,SENSOR,BI-FOLD,ACUSENSOR M",EA,37.0,18.5,,,,
M-02035,"BRACKET,MOUNTING,VS-150",EA,31.0,15.5,,,,
M-02036,"BRACKET,IDLER PULLEY,VS-150",EA,34.0,17.0,,,,
M-02037,"BRACKET,BELT CLIP,VS-150,TELESCOPIC",EA,43.0,21.5,,,,
M-02038,"BRACKET,BELT CLIP,VS-150",EA,23.0,11.5,,,,
M-02039,"SPACER,BELT CLIP,VS-150",EA,2.34,1.17,,,,
M-02040,"RETAINER,WIRING",EA,3.56,1.78,,,,
M-02042,"HARNESS,POWER,1175,OPUS",EA,28.0,14.0,,,,
M-02043,"HARNESS,MAIN,1175,OPUS",EA,115.0,57.5,,,,
M-02044,"KIT,HARNESS,ELECTRIC LOCK,1175,OPUS-2pcs",EA,60.0,30.0,,,,
M-02045,"SPACER,INSWING TRACK,LONG,710",EA,30.0,15.0,,,,
M-02046,"HARNESS,MAIN,1175,OPUS,TELESCOPIC",EA,112.0,56.0,,,,
M-02047,"HARNESS,""Y"",BREAKOUT",EA,37.0,18.5,,,,
M-02048,"BRACKET,OPUS,TELESCOPIC",EA,82.0,41.0,,,,
M-02049,"BRACKET,MOUNTING,VS-150,TELESCOPIC",EA,82.0,41.0,,,,
M-02056-01,"PULLEY,40 TEETH,2:1 REDUCER,TELESCOPIC",EA,196.0,98.0,,,,
M-02056-02,"PULLEY,20 TEETH,2:1 REDUCER,TELESCOPIC",EA,101.0,50.5,,,,
M-02064,"HARNESS,EXTENSION,1175 SENSOR,38""",EA,19.0,9.5,,,,
M-02087-01,"PAD,FOAM,3/8 X 1-3/4 X 2",EA,1.14,0.57,,,,
M-02129,"GASKET,WEDGE,.250 FC (Lvl E)",IN,0.71,0.36,,,,
M-02131,"T-BOLT,HHCS,5/16-18X1.00L.,GRADE 2,ZINC",EA,8.1,4.05,,,,
M-02162,"""BRUSH,NYLON,1-3/8 LG,PEMKO #18137CNB""",IN,2.16,1.08,,,,
M-02190,"BAR,NUT,SWING,NH,OPERATOR",EA,12.0,6.0,,,,
M-02191,"BAR,NUT,SWING,NH,OPUS",EA,12.0,6.0,,,,
M-02192,"GLIDE BLOCK,ARM,SWING,NH,INSWING",EA,4.73,2.37,,,,
M-02194,"CLIP,COVER,SPRING,SWING,NH,THREAD",EA,13.2,6.6,,,,
M-02207,"PLATE,MTG,SENSOR,BI-FOLD,I-ONEX T",EA,96.0,48.0,,,,
M-02208,"SPACER,MTG,SENSOR,BI-FOLD,I-ONEX T",EA,305.0,152.5,,,,
M-02213,"COVER,WIRE,SWING,NH,3-3/8""",EA,1.66,0.83,,,,
M-02216,"CLIP,RAIL,10"" BOTTOM RAIL,MOLDED",EA,7.6,3.8,,,,
M-02249-10,"BRACKET,ANGLE,BOTTOM GUIDE,RH,2400T",EA,49.0,24.5,,,,
M-02249-20,"BRACKET,ANGLE,BOTTOM GUIDE,LH,2400T",EA,49.0,24.5,,,,
M-02311,"LABEL,HOLE COVER,SWING,NH",EA,5.9,2.95,,,,
M-02313,"COVER,SLEEVE,SPINDLE,SWING,NH,SPACER",EA,2.96,1.48,,,,
M-02313-10,"COVER,SLEEVE,SPINDLE,SWING,NH,SPACER,1""",EA,2.96,1.48,,,,
M-02320,"HARNESS,iOT,CONNECT,SWING,NH,STD",EA,30.0,15.0,,,,
M-02320-10,"HARNESS,iOT,CONNECT,SWING,NH,LONG",EA,36.0,18.0,,,,
M-02363,"BRKT,CENTER SUPPORT,1175,ACUSENSOR C",EA,22.0,11.0,,,,
M-02375,"ROD,THREADED,#12-24,ZINC",IN,0.46,0.23,,,,
M-60249,"JAMB,1-3/4 X 6-3/8,CLEAR,EXTRU",IN,4.76,2.38,,,,14-3184-011
M-60250,"GLASS STOP,BASE,CLEAR,EXTRU",IN,0.65,0.33,,,,14-2336-011
M-60255,"GLASS STOP,TOP,1/2"" TALL,204,EXTRU",IN,0.65,0.33,,,,14-2339-011
M-60256,"CARRIER,CLEAR,EXTRU",IN,2.32,1.16,,,,14-9014-011
M-60258,"THRESHOLD,1/2 X 4-1/2,FO,CLEAR,EXTRU",IN,2.03,1.02,,,,14-9016-011
M-60260,"THRESHOLD,RAMP,1/2 X 1-1/4,CLEAR,EXTRU",IN,0.95,0.48,,,,14-9017-011
M-60264,"RAIL,4 IN,CLEAR,EXTRU",IN,2.95,1.48,,,,14-9085-011
M-60265,"GLASS STOP,1 TALL,SNAP IN,CLEAR,EXTRU",IN,0.65,0.33,,,,14-2335-011
M-60266,"GLASS STOP,SCREW DOWN, BASE,CLEAR,EXTRU",IN,0.65,0.33,,,,14-2337-011
M-60267,"RAIL,6.5 IN.,CLEAR,EXTRU",IN,4.29,2.15,,,,14-9088-011
M-60268,"GLASS STOP,TOP,1 TALL,CLEAR,EXTRU",IN,0.65,0.33,,,,14-2338-011
M-60270,"RAIL,4 IN.,TOP DOOR,CLEAR,EXTRU",IN,2.78,1.39,,,,14-9359-011
M-60273,"STILE,MED,SIDE WEATHER,4IN,CLEAR,EXTRU",IN,2.78,1.39,,,,14-9433-011
M-60275,"STILE,MEDIUM,DBL.WEATHER,4 IN,CLEAR,EXTR",IN,1.87,0.94,,,,14-9434-011
M-60276,"RAIL,10 IN.,CLEAR,EXTRU",IN,4.76,2.38,,,,14-5526-011
M-60277,"MUNTIN 2"", CLEAR,EXTRU",IN,1.47,0.74,,,,14-9501-011
M-60278,"HOLDER,WEATHERING BRUSH,CLEAR,EXTRU",IN,0.95,0.48,,,,14-5636-011
M-60283,"JAMB,1-3/4 X 4-1/2,CLEAR,EXTRU",IN,1.47,0.74,,,,24-2497-011
M-60285,"COVER,HEADER,1175,CLEAR,EXTRU",IN,2.78,1.39,,,,24-9011-011
M-60285-122,"COVER,HEADER,1175,CLEAR,EXTRU",EA,243.0,121.5,,,,
M-60285-146,"COVER,HEADER,1175,CLEAR,EXTRU",EA,300.0,150.0,,,,
M-60285-170,"COVER,HEADER,1175,CLEAR,EXTRU",EA,350.0,175.0,,,,
M-60285-264,"COVER,HEADER,1175,CLEAR,EXTRU",EA,530.0,265.0,,,,
M-60285-98,"COVER,HEADER,1175,CLEAR,EXTRU",EA,204.0,102.0,,,,
M-60286,"STILE,NAR, DOUBLE WEATHERING,CLEAR,EXTRU",IN,2.17,1.09,,,,14-8922-011
M-60287,"JAMB,1-3/4 x 4-1/2,SGL. PKT,204,EXTRU",IN,2.32,1.16,,,,24-9870-011
M-60288,"INTERFACE LEG,CLEAR,EXTRU",IN,0.48,0.24,,,,14-9015-011
M-60289,"THRESHOLD,1/2 X 1-7/8,204,EXTRU",IN,1.25,0.63,,,,14-9018-011
M-60290,"JAMB,1-3/4 x 4-1/2,DBL. PKT,204,EXTRU",IN,2.17,1.09,,,,24-9874-011
M-60292,"HEADER,1175,204,EXTRU",IN,6.4,3.2,,,,24-13163-011
M-60292-122,"HEADER,1175,215,EXTRU,122",EA,761.0,380.5,,,,
M-60292-146,"HEADER,1175,215,EXTRU,146",EA,913.0,456.5,,,,
M-60292-170,"HEADER,1175,215,EXTRU,170",EA,1081.0,540.5,,,,
M-60292-264,"HEADER,1175,215,EXTRU,264 INCHES",EA,1688.0,844.0,,,,
M-60292-98,"HEADER,1175,215,EXTRU,98",EA,619.0,309.5,,,,
M-60293,"STILE,NARROW,SGL. WEATHERING,204,EXTRU",IN,2.17,1.09,,,,14-9086-011
M-60294,"RAIL,5 IN,CLEAR , EXTRU.",IN,2.32,1.16,,,,14-9087-011
M-60296,"FILLER,POCKETED JAMB,CLEAR,EXTRU",IN,0.48,0.24,,,,14-9875-011
M-60297,"THRESHOLD,1/2 X 5,SADDLE,204,EXTRU",IN,2.03,1.02,,,,14-10761-011
M-60298,"GLASS STOP,BASE,POCKETED JAMB,204,EXTRU",IN,0.65,0.33,,,,24-13359-011
M-60302,"THRESHOLD,1/4 X 7,SADDLE,204,EXTRU",IN,2.65,1.33,,,,14-11300-011
M-60304,"STILE,MED,H105,SGL. WEATHER,CLEAR,EXTRU",IN,2.32,1.16,,,,14-13288-011
M-60306,"STILE,MED,H105,DBL. WEATHER,CLEAR,EXTRU",IN,2.32,1.16,,,,14-13289-011
M-60312,"JAMB,2 X 5,CLEAR,EXTRU",IN,4.01,2.01,,,,24-0311-011
M-60313,"JAMB,2 X 7,CLEAR,EXTRU",IN,4.15,2.08,,,,24-0321-011
M-60314,"MUNTIN,4 IN., CLEAR ,EXTRU",IN,3.23,1.62,,,,24-0328-011
M-60315,"RAIL,ALL GLASS, CLEAR ,EXTRU",IN,3.7,1.85,,,,24-5923-01
M-60316,"JAMB,1-3/4 X 4-1/2,OPEN BACK,204,EXTRU",IN,2.32,1.16,,,,24-9871-011
M-60318,"FILLER,POCKETED,OPEN BACK,204,EXTRU",IN,1.47,0.74,,,,24-9872-011
M-60319,"FILLER,JAMB,OPEN BACK,204,EXTRU",IN,1.47,0.74,,,,24-9873-011
M-60320,"HEADER,TOP,TELESCOPIC,CLEAR,EXTRU",IN,2.41,1.21,,,,24-10046-011
M-60323,"TRACK,ROLLER,TELESCOPIC,CLEAR,EXTRU",IN,3.55,1.78,,,,24-10048-011
M-60325,"THRESHOLD,1/2 X 7,TELESCOPIC,CLEAR,EXTRU",IN,1.47,0.74,,,,24-10049-011
M-60327,"MUNTIN,F86,PANIC,CLEAR,EXTRU",IN,2.95,1.48,,,,24-12220-011
M-60329,"MUNTIN,8 IN.,CLEAR,EXTRU",IN,2.95,1.48,,,,24-12230-011
M-60330,"MUNTIN,6-3/8"", CLEAR,EXTRU",IN,2.48,1.24,,,,24-12953-011
M-60332,"GLASS STOP,BASE,H105,CLEAR,EXTRU",IN,0.65,0.33,,,,24-13291-011
M-60333,"GLASS STOP,TOP, 1"" TALL, CLEAR ,EXTRU",IN,0.65,0.33,,,,14-2743-011
M-60334,"GLASS STOP,TOP,H105,IMPACT,CLEAR,EXTRU",IN,0.65,0.33,,,,24-13292-011
M-60336,"GLASS STOP,TOP,H105,NON-IMPACT,CLEAR,EXT",IN,0.65,0.33,,,,24-13293-011
M-60338,"GLASS STOP,BASE,SNAP IN,CLEAR,EXTRU",IN,0.65,0.33,,,,14-2341-011
M-60511,"SUPPORT,ANTI-RISE,CLEAR,EXTRU",IN,1.47,0.74,,,,14-13290-011
M-60574,"END CAP,ONE PIECE HEADER,LH,204",EA,71.0,35.5,,,,24-13282-21
M-60582,"24-13282-11 END CAP,ONE PIECE HEADER,RH,204",EA,71.0,35.5,,,,
M-60586,"14-10050-011 RAIL,3 IN.,TOP,DOOR,CLEAR,EXTRU",IN,1.47,0.74,,,,
M-60637,"24-8392-011 END CAP,LOCK BLOCK,CLEAR,EXTRU",IN,1.47,0.74,,,,
M-60808,"14-10609-011 TRACK,TELESCOPIC,2100,204,EXTRU",IN,3.23,1.62,,,,
M-60809,"14-12955-01 COVER,DRIVE JAMB,CON. WIN,CLEAR,EXTRU",IN,1.47,0.74,,,,
M-60828,"14-5576-01 TUBE,ALUM.,1 X 2 X 1/8,CLEAR,EXTRU",IN,1.47,0.74,,,,
M-60858,"14-13294-011 THRESHOLD,1/2 X 4-1/2,FS,CLEAR,EXTRU",IN,1.47,0.74,,,,
M-60882,"14-5256-01 TUBE,ALUM.,4-1/2 X 4-1/2 X 1/8,204,EXTRU",IN,5.9,2.95,,,,
M-60884,"24-11864-011 HEADER,SIDELOAD,CLEAR,EXTRU",IN,4.29,2.15,,,,
M-60885,"24-10884-011 COVER,HEADER,SIDELOAD,CLEAR,EXTRU",IN,1.25,0.63,,,,
M-60886,"24-11866-011 MOUNT,HEADER, GT8000,CLEAR,,EXTRU",IN,5.5,2.75,,,,
M-60889,"24-11865-011 SNAP CHANNEL, GT8000,CLEAR,EXTRU",IN,0.65,0.33,,,,
M-60892,"14-5469-011 PUSHBAR,CLEAR,EXTRU",IN,0.81,0.41,,,,
M-60897,"24-0159-011 CHANNEL,SNAP IN,CLEAR,EXTRU",IN,1.47,0.74,,,,
M-60899,"14-10254-011 TUBE,ALUM.,1 X 1 X .092,204,EXTRU",IN,1.47,0.74,,,,
M-60908,"24-0112-011 HEADER,BTM LOAD,SIDE PLATE,CLEAR,EXTRU",IN,2.66,1.33,,,,
M-60909,"24-0101-011 HEADER,BTM LOAD,TOP PLATE,CLEAR,EXTRU",IN,2.66,1.33,,,,
M-60910,"24-0146-011 HEADER,BOTTOM LOAD,BOTTM PLATE,204,EXTRU",IN,2.66,1.33,,,,
M-60911,"24-0129-011 HEADER,BTM LOAD,COVER PLATE,CLEAR,EXTRU",IN,2.66,1.33,,,,
M-60915,"24-8912-011 HEADER,BI-FOLD,CLEAR,EXTRU",IN,5.4,2.7,,,,
M-60917,"24-8913-01 CHANNEL,GUIDE,BI-FOLD,204,EXTRU",IN,6.4,3.2,,,,
M-60918,"14-8957-011 TUBE,ALUM.,HINGE,BIFOLD,204,EXTRU",IN,1.47,0.74,,,,
M-60923,"24-8727-011 HEADER,SWINGER,710,CLEAR, EXTRU",IN,3.86,1.93,,,,
M-60924,"24-8728-011 COVER,HEADER,710,CLEAR,EXTRU",IN,2.32,1.16,,,,
M-61037,"14-10610-011 HEADER,2100,204,EXTRU",IN,4.91,2.46,,,,
M-61051,"14-12022-01 END CAP,SIDELOAD,NO ACCESS HOLE,204",EA,23.0,11.5,,,,
M-61055,"24-8724-01 END CAP,710,BLANK,204",EA,48.0,24.0,,,,
M-61058,"14-10611-011 HEADER,TELESCOPIC,2100,204,EXTRU",IN,8.4,4.2,,,,
M-61160,"14-14623-011 STOP,DOOR,JAMB,POCKETED,204,EXTRU",IN,1.47,0.74,,,,
M-61172,"14-12024-01 END CAP,SIDELOAD,OHC,2 ACCESS HOLES,204",EA,25.0,12.5,,,,
M-61179,"14-10607-011 CARRIER,TELESCOPIC,CLEAR,EXTRU",IN,2.17,1.09,,,,
M-61184,"14-10608-011 COVER,HEADER,2100,204,EXTRU",IN,1.47,0.74,,,,
M-61323,"14-11572-01 THRESHOLD,1/2 X 5,STEPPED,215,EXTRU",IN,3.23,1.62,,,,
M-61370,"14-4846-01 TUBE,ALUM.,1/2 X 1 X 1/8,204,EXTRU",IN,1.47,0.74,,,,
M-61463,"14-10564-01 THRSHLD,6X1/4IN.SADDLE,215,EXTRU.NO HOL",IN,3.7,1.85,,,,
M-61464,"14-12023-01 END CAP,SIDELOAD,W/ ACCESS HOLE,204",EA,24.0,12.0,,,,
M-61499,"OHC,BASE PIVOT, W-FGR GUARD,204,5.5L",EA,39.0,19.5,,,,
M-61559,"24-0142-01 BASEPLATE,C.U. SNAP IN,INSWING,204",EA,108.0,54.0,,,,
M-61560,"24-2271-01 STRIKE,BASEPLATE,2.5 IN,204",EA,97.0,48.5,,,,
M-61561,"""BASE EXTRU,C.U. BASE PIVOT, 4-3/4,204""",EA,23.0,11.5,,,,
M-61562,"BASE EXTRU,C.U.,BASE PIVOT,2-1/2,204",EA,23.0,11.5,,,,
M-61948,"JAMB,3/4 X 4-1/2,215,EXTRU",IN,1.76,0.88,,,,
M-61991,"BRUSHHOLDER,NOSE,STILE,204",EA,45.0,22.5,,,,
M-62200,"HEADER,SWING,NH,3IN,EXTRU,CLEAR",IN,2.37,1.19,,,,
M-62200-39.375,"HEADER,SWING,NH,3IN,EXTRU,CLEAR,39.375""",EA,90.0,45.0,,,,
M-62200-51.375,"HEADER,SWING,NH,3IN,EXTRU,CLEAR,51.375""",EA,115.0,57.5,,,,
M-62201,"COVER,SWING,NH,3"",CLEAR,EXTRU",IN,1.19,0.6,,,,
M-62201-39.350,"COVER,SWING,NH,3"",CLEAR,EXTRU,39.350""",EA,46.0,23.0,,,,
M-62201-51.350,"COVER,SWING,NH,3"",CLEAR,EXTRU,51.350""",EA,59.0,29.5,,,,
M-62203,"TRACK,MACHINED,SWING,NH,CLEAR 22""",EA,95.0,47.5,,,,
M-62205-39.375,"HEADER,MACHINED,SWING,NH,204,39.375”",EA,67.0,33.5,,,,
M-62205-51.375,"HEADER,MACHINED,SWING,NH,204,51.375”",EA,67.0,33.5,,,,
M-62299-10,"ARM,SLEEVE,SWING,NH,OUTSWING,0-12,CLEAR",EA,14.3,7.15,,,,
M-62299-11,"ARM,SLEEVE,SWING,NH,OUTSWING,12-26,CLEAR",EA,20.0,10.0,,,,
M-62299-20,"ARM,SLEEVE,SWING,NH,INSWING,0-6,CLEAR",EA,14.3,7.15,,,,
M-62299-21,"ARM,SLEEVE,SWING,NH,INSWING,6-12,204",EA,20.0,10.0,,,,
M-70249,"14-3184-021 JAMB,1-3/4 X 6-3/8,BRONZE,EXTRU",IN,4.91,2.46,,,,
M-70250,"14-2336-021 GLASS STOP,BASE,BRONZE,EXTRU",IN,0.65,0.33,,,,
M-70255,"14-2339-021 GLASS STOP,TOP,1/2"" TALL,313,EXTRU",IN,0.65,0.33,,,,
M-70256,"14-9014-021 CARRIER,BRONZE,EXTRU",IN,4.15,2.08,,,,
M-70264,"14-9085-021 RAIL,4 IN,BRONZE,EXTRU",IN,3.23,1.62,,,,
M-70265,"14-2335-021 GLASS STOP,1 TALL,SNAP IN,BRONZE,EXTRU",IN,0.65,0.33,,,,
M-70266,"14-2337-021 GLASS STOP,SCREW DOWN, BASE,BRONZE,EXTRU",IN,0.65,0.33,,,,
M-70267,"14-9088-021 RAIL,6.5 IN.,BRONZE,EXTRU",IN,4.29,2.15,,,,
M-70268,"14-2338-021 GLASS STOP,TOP,1 TALL,BRONZE,EXTRU",IN,0.65,0.33,,,,
M-70270,"14-9359-021 RAIL,4 IN.,TOP DOOR,BRONZE,EXTRU",IN,3.23,1.62,,,,
M-70273,"14-9433-021 STILE,MED,SIDE WEATHER,4IN,BRONZE,EXTRU",IN,2.78,1.39,,,,
M-70275,"14-9434-021 STILE,MEDIUM,DBL.WEATHER,4 IN,BRONZE,EXT",IN,2.78,1.39,,,,
M-70276,"14-5526-021 RAIL,10 IN.,BRONZE,EXTRU",IN,4.01,2.01,,,,
M-70277,"14-9501-021 MUNTIN 2"", BRONZE,EXTRU",IN,2.32,1.16,,,,
M-70278,"14-5636-021 HOLDER,WEATHERING BRUSH,BRONZE,EXTRU",IN,0.95,0.48,,,,
M-70283,"24-2497-021 JAMB,1-3/4 X 4-1/2,BRONZE,EXTRU",IN,2.95,1.48,,,,
M-70285,"24-9011-021 COVER,HEADER,1175,BRONZE,EXTRU",IN,3.7,1.85,,,,
M-70285-122,"COVER,HEADER,1175,BRONZE,EXTRU",EA,271.0,135.5,,,,
M-70285-146,"COVER,HEADER,1175,BRONZE,EXTRU",EA,323.0,161.5,,,,
M-70285-170,"COVER,HEADER,1175,BRONZE,EXTRU",EA,375.0,187.5,,,,
M-70285-98,"COVER,HEADER,1175,BRONZE,EXTRU",EA,219.0,109.5,,,,
M-70286,"14-8922-021 STILE,NAR, DOUBLE WEATHERING,313,EXTRU",IN,2.17,1.09,,,,
M-70287,"24-9870-021 JAMB,1-3/4 x 4-1/2,SGL. PKT,313,EXTRU",IN,2.32,1.16,,,,
M-70288,"14-9015-021 INTERFACE LEG,BRONZE,EXTRU",IN,0.48,0.24,,,,
M-70290,"24-9874-021 JAMB,1-3/4 x 4-1/2,DBL. PKT,313,EXTRU",IN,2.17,1.09,,,,
M-70292,"24-13163-021 HEADER,1175,313,EXTRU",IN,7.0,3.5,,,,
M-70292-122,"HEADER,1175,313,EXTRU,122",EA,812.0,406.0,,,,
M-70292-146,"HEADER,1175,313,EXTRU,146",EA,988.0,494.0,,,,
M-70292-170,"HEADER,1175,313,EXTRU,170",EA,1118.0,559.0,,,,
M-70292-264,"HEADER,1175,313,EXTRU,264 INCHES",EA,1768.0,884.0,,,,
M-70292-98,"HEADER,1175,313,EXTRU,98",EA,656.0,328.0,,,,
M-70293,"14-9086-021 STILE,NARROW,SGL. WEATHERING,313,EXTRU",IN,2.17,1.09,,,,
M-70294,"14-9087-021 RAIL,5 IN,BRONZE, EXTRU.",IN,2.78,1.39,,,,
M-70296,"14-9875-021 FILLER,POCKETED JAMB,BRONZE,EXTRU",IN,0.48,0.24,,,,
M-70298,"24-13359-021 GLASS STOP,BASE,POCKETED JAMB,313,EXTRU",IN,0.65,0.33,,,,
M-70304,"14-13288-021 STILE,MED,H105,SGL. WEATHER,BRONZE,EXTRU",IN,2.32,1.16,,,,
M-70306,"14-13289-021 STILE,MED,H105,DBL. WEATHER,BRONZE,EXTRU",IN,2.32,1.16,,,,
M-70310,"14-5841-021 GLASS STOP, REINFORCEMENT, BRONZ, EXTRU",IN,0.65,0.33,,,,
M-70312,"JAMB,2 X 5,BRONZE,EXTRU",IN,4.01,2.01,,,,24-0311-021
M-70313,"JAMB,2 X 7,BRONZE,EXTRU",IN,4.29,2.15,,,,24-0321-021
M-70314,"MUNTIN,4 IN., BRONZE ,EXTRU",IN,3.7,1.85,,,,24-0328-021
M-70315,"RAIL,ALL GLASS, BRONZE ,EXTRU",IN,3.7,1.85,,,,24-5923-02
M-70316,"JAMB,1-3/4 X 4-1/2,OPEN BACK,313,EXTRU",IN,2.95,1.48,,,,24-9871-021
M-70318,"FILLER,POCKETED,OPEN BACK,313,EXTRU",IN,0.95,0.48,,,,24-9872-021
M-70319,"FILLER,JAMB,OPEN BACK,313,EXTRU",IN,0.65,0.33,,,,24-9873-021
M-70320,"HEADER,TOP,TELESCOPIC,BRONZE,EXTRU",IN,2.41,1.21,,,,24-10046-021
M-70323,"TRACK,ROLLER,TELESCOPIC,BRONZE,EXTRU",IN,4.15,2.08,,,,24-10048-021
M-70327,"MUNTIN,F86,PANIC,BRONZE,EXTRU",IN,3.07,1.54,,,,24-12220-021
M-70328,"FILLER MUNTIN,F86 PANIC,BRONZE,EXTRU",IN,1.47,0.74,,,,24-12222-021
M-70330,"MUNTIN,6-3/8"", BRONZE,EXTRU",IN,2.48,1.24,,,,24-12953-021
M-70332,"GLASS STOP,BASE,H105,BRONZE,EXTRU",IN,0.65,0.33,,,,24-13291-021
M-70333,"GLASS STOP,TOP, 1"" TALL, BRONZE ,EXTRU",IN,0.65,0.33,,,,14-2743-021
M-70334,"GLASS STOP,TOP,H105,IMPACT,BRONZE,EXTRU",IN,0.65,0.33,,,,24-13292-021
M-70336,"GLASS STOP,TOP,H105,NON-IMPACT,BRONZE,EX",IN,0.65,0.33,,,,24-13293-021
M-70338,"GLASS STOP,BASE,SNAP IN,BRONZE,EXTRU",IN,0.65,0.33,,,,14-2341-021
M-70574,"END CAP,ONE PIECE HEADER,LH,313",EA,43.0,21.5,,,,24-13282-22
M-70582,"END CAP,ONE PIECE HEADER,RH,313",EA,43.0,21.5,,,,24-13282-12
M-70586,"RAIL,3 IN.,TOP,DOOR,BRONZE,EXTRU",IN,2.03,1.02,,,,14-10050-021
M-70637,"END CAP,LOCK BLOCK,BRONZE,EXTRU",IN,1.47,0.74,,,,24-8392-021
M-70808,"TRACK,TELESCOPIC,2100,313,EXTRU",IN,6.4,3.2,,,,14-10609-021
M-70882,"TUBE,ALUM.,4-1/2 X 4-1/2 X 1/8,313,EXTRU",IN,12.5,6.25,,,,14-5256-02
M-70884,"HEADER,SIDELOAD,BRONZE,EXTRU",IN,5.1,2.55,,,,24-11864-021
M-70885,"COVER,HEADER,SIDELOAD,BRONZE,EXTRU",IN,1.41,0.71,,,,24-10884-021
M-70886,"MOUNT,HEADER, GT8000,BRONZE,EXTRU",IN,5.5,2.75,,,,24-11866-021
M-70889,"SNAP CHANNEL, GT8000,BRONZE,EXTRU",IN,1.87,0.94,,,,24-11865-021
M-70892,"PUSHBAR,BRONZE,EXTRU",IN,0.81,0.41,,,,14-5469-021
M-70897,"CHANNEL,SNAP IN,BRONZE,EXTRU",IN,0.65,0.33,,,,24-0159-021
M-70899,"TUBE,ALUM.,1 X 1 X .092,313,EXTRU",IN,0.81,0.41,,,,14-10254-021
M-70908,"HEADER,BTM LOAD,SIDE PLATE,BLACK,EXTRU",IN,2.66,1.33,,,,24-0112-021
M-70909,"HEADER,BTM LOAD,TOP PLATE,BRONZE,EXTRU",IN,2.66,1.33,,,,24-0101-021
M-70910,"HEADER,BOTTOM LOAD,BOTTM PLATE,313,EXTRU",IN,2.66,1.33,,,,24-0146-021
M-70911,"HEADER,BTM LOAD,COVER PLATE,BRONZE,EXTRU",IN,2.66,1.33,,,,24-0129-021
M-70915,"HEADER,BI-FOLD,BRONZE,EXTRU",IN,6.3,3.15,,,,24-8912-021
M-70917,"CHANNEL,GUIDE,BI-FOLD,313,EXTRU",IN,6.4,3.2,,,,
M-70918,"TUBE,ALUM.,HINGE,BIFOLD,313,EXTRU",IN,1.47,0.74,,,,14-8957-021
M-70923,"HEADER,SWINGER,710,BRONZE, EXTRU",IN,3.38,1.69,,,,24-8727-021
M-70924,"COVER,HEADER,710,BRONZE,EXTRU",IN,2.32,1.16,,,,24-8728-021
M-71037,"HEADER,2100,313,EXTRU",IN,5.1,2.55,,,,14-10610-021
M-71051,"END CAP,SIDELOAD,NO ACCESS HOLE,313",EA,23.0,11.5,,,,14-12022-02
M-71055,"END CAP,710,BLANK,313",EA,48.0,24.0,,,,24-8724-02
M-71058,"HEADER,TELESCOPIC,2100,313,EXTRU",IN,6.4,3.2,,,,14-10611-021
M-71147,"WEATHERING,ALL GLASS,313;STRAIGHT",IN,1.47,0.74,,,,11-5945-30
M-71160,"STOP,DOOR,JAMB,POCKETED,313,EXTRU",IN,1.47,0.74,,,,14-14623-021
M-71172,"END CAP,SIDELOAD,OHC,2 ACCESS HOLES,313",EA,16.0,8.0,,,,14-12024-02
M-71179,"CARRIER,TELESCOPIC,BRONZE,EXTRU",IN,2.32,1.16,,,,14-10607-021
M-71184,"14-10608-021 COVER,HEADER,2100,313,EXTRU",IN,1.47,0.74,,,,
M-71199,"KIT,SCREW,CU,313",EA,28.0,14.0,,,,
M-71212,"24-5187-02 COVER,DOOR STOP,DBZ",EA,18.0,9.0,,,,
M-71239,"14-3933-02 GASKET,BLADE,1.00,BLACK",IN,0.81,0.41,,,,
M-71241,"14-5592-02 GASKET,BLADE,.56,BLACK",IN,0.77,0.39,,,,
M-71301,"24-0164-02 OHC,CHANNEL,SIM PAIR,MIDDLE, 4-1/2,313",EA,23.0,11.5,,,,
M-71302,"24-12034-12 SNAP IN,CHANNEL,313,NO-FG",EA,22.0,11.0,,,,
M-71303,"24-12034-22 SNAP IN,CHANNEL,313,W-FG",EA,22.0,11.0,,,,
M-71323,"14-11572-02 THRESHOLD,1/2 X 5,STEPPED,313,EXTRU",IN,25.0,12.5,,,,
M-71370,"14-4846-02 TUBE,ALUM.,1/2 X 1 X 1/8,313,EXTRU",IN,1.47,0.74,,,,
M-71372,"24-0157-02 C.U.,SIMULTANEOUS PAIR,STRIKE BASE,7""",EA,139.0,69.5,,,,
M-71374,"24-0158-02 STRIKE,BASE,OHC,SINGLE,313,3.25""",EA,89.0,44.5,,,,
M-71464,"14-12023-02 END CAP,SIDELOAD,W/ ACCESS HOLE,313",EA,24.0,12.0,,,,
M-71560,"24-2271-02 STRIKE,BASEPLATE,2.5 IN,313",EA,98.0,49.0,,,,
M-72128,"GLASS STOP,BASE,H105,LEVEL E,313",IN,1.08,0.54,,,,
M-72200,"HEADER,SWING,NH,3IN,EXTRU,313",IN,2.37,1.19,,,,
M-72200-39.375,"HEADER,SWING,NH,3IN,EXTRU,BRONZE,39.375""",EA,98.0,49.0,,,,
M-72200-51.375,"HEADER,SWING,NH,3IN,EXTRU,BRONZE,51.375",EA,127.0,63.5,,,,
M-72201,"COVER,SWING,NH,3"",BRONZE,EXTRU",IN,1.19,0.6,,,,
M-72201-39.350,"COVER,SWING,NH,3"",BRONZE,EXTRU,39.350""",EA,51.0,25.5,,,,
M-72201-51.350,"COVER,SWING,NH,3"",BRONZE,EXTRU,51.350""",EA,65.0,32.5,,,,
M-72203,"TRACK,MACHINED,SWING,NH,BRONZE 22""",EA,101.0,50.5,,,,
M-72205-39.375,"HEADER,MACHINED,SWING,NH,313,39.375”",EA,112.0,56.0,,,,
M-72205-51.375,"HEADER,MACHINED,SWING,NH,313,51.375”",EA,140.0,70.0,,,,
M-72299-10,"ARM,SLEEVE,SWING,NH,OUTSWING,0-12,BRONZE",EA,16.0,8.0,,,,
M-72299-11,"ARM,SLEEVE,SWING,NH,OUTSWING,12-26,BRONZ",EA,25.0,12.5,,,,
M-72299-20,"ARM,SLEEVE,SWING,NH,INSWING,0-6,BRONZE",EA,16.0,8.0,,,,
M-72299-21,"ARM,SLEEVE,SWING,NH,INSWING,6-12,313",EA,21.0,10.5,,,,
M-80249,"14-3184-041 JAMB,1-3/4 X 6-3/8,BLACK,EXTRU",IN,6.2,3.1,,,,
M-80250,"14-2336-041 GLASS STOP,BASE,BLACK,EXTRU",IN,0.69,0.35,,,,
M-80255,"14-2339-041 GLASS STOP,TOP,1/2"" TALL,BLK,EXTRU",IN,0.58,0.29,,,,
M-80256,"14-9014-041 CARRIER,BLACK,EXTRU",IN,3.0,1.5,,,,
M-80264,"14-9085-041 RAIL,4 IN,BLACK,EXTRU",IN,3.73,1.87,,,,
M-80265,"14-2335-041 GLASS STOP,1 TALL,SNAP IN,BLACK EXTRU",IN,0.65,0.33,,,,
M-80266,"14-2337-041 GLASS STOP,SCREW DOWN, BASE,BLACK,EXTRU",IN,0.69,0.35,,,,
M-80267,"14-9088-041 RAIL,6.5 IN.,BLACK,EXTRU",IN,4.46,2.23,,,,
M-80268,"14-2338-041 GLASS STOP,TOP,1 TALL,BLACK,EXTRU",IN,0.34,0.17,,,,
M-80270,"14-9359-041 RAIL,4 IN.,TOP DOOR,BLACK,EXTRU",IN,3.73,1.87,,,,
M-80273,"14-9433-041 STILE,MED,SIDE WEATHER,4IN,BLACK,EXTRU",IN,3.0,1.5,,,,
M-80275,"14-9434-041 STILE,MEDIUM,DBL.WEATHER,4 IN,BLACK,EXTR",IN,3.0,1.5,,,,
M-80276,"14-5526-041 RAIL,10 IN.,BLACK,EXTRU",IN,4.54,2.27,,,,
M-80277,"14-9501-041 MUNTIN 2"", BLACK,EXTRU",IN,2.26,1.13,,,,
M-80278,"14-5636-041 HOLDER,WEATHERING BRUSH,BLACK,EXTRU",IN,0.91,0.46,,,,
M-80283,"24-2497-041 JAMB,1-3/4 X 4-1/2,BLACK,EXTRU",IN,4.46,2.23,,,,
M-80285,"24-9011-041 COVER,HEADER,1175,BLACK,EXTRU",IN,4.46,2.23,,,,
M-80286,"14-8922-041 STILE,NAR, DBL WTHRING,BLACK,EXTRU",IN,3.0,1.5,,,,
M-80287,"24-9870-041 JAMB,1-3/4 x 4-1/2,SGL. PKT,BLK,EXTRU",IN,4.46,2.23,,,,
M-80288,"14-9015-041 INTERFACE LEG,BLACK,EXTRU",IN,0.41,0.21,,,,
M-80290,"24-9874-041 JAMB,1-3/4 x 4-1/2,DBL. PKT,BLK,EXTRU",IN,4.46,2.23,,,,
M-80292,"24-13163-041 HEADER,1175,BLACK,EXTRU",IN,7.5,3.75,,,,
M-80293,"14-9086-041 STILE,NAR,SGL. WTHRING,BLACK,EXTRU",IN,1.47,0.74,,,,
M-80294,"14-9087-041 RAIL,5 IN,BLACK, EXTRU.",IN,5.7,2.85,,,,
M-80296,"14-9875-041 FILLER,POCKETED JAMB,BLACK,EXTRU",IN,0.78,0.39,,,,
M-80298,"24-13359-041 GLASS STOP,BASE,POCKETED JAMB,BLK,EXTRU",IN,0.55,0.28,,,,
M-80312,"24-0311-041 JAMB,2 X 5,BLACK,EXTRU",IN,6.2,3.1,,,,
M-80313,"24-0321-041 JAMB,2 X 7,BLACK,EXTRU",IN,6.2,3.1,,,,
M-80314,"24-0328-041 MUNTIN,4 IN., BLACK ,EXTRU",IN,3.73,1.87,,,,
M-80315,"24-5923-041 RAIL,ALL GLASS, BLACK ,EXTRU",IN,6.2,3.1,,,,
M-80316,"24-9871-041 JAMB,1-3/4 X 4-1/2,OPEN BACK,BLK,EXTRU",IN,1.53,0.77,,,,
M-80318,"24-9872-041 FILLER,POCKETED,OPEN BACK,BLK,EXTRU",IN,0.68,0.34,,,,
M-80319,"24-9873-041 FILLER,JAMB,OPEN BACK,BLK,EXTRU",IN,0.78,0.39,,,,
M-80328,"24-12222-041 FILLER MUNTIN,F86 PANIC,BLACK,EXTRU",IN,0.78,0.39,,,,
M-80332,"GLASS STOP,BASE,H105,BLACK,EXTRU",IN,0.93,0.47,,,,
M-80333,"14-2743-041 GLASS STOP,TOP,1""TALL, BLACK ,EXTRU",IN,0.65,0.33,,,,
M-80334,"GLASS STOP,TOP,H105,IMPACT,BLACK,EXTRU",IN,0.37,0.19,,,,
M-80338,"14-2341-041 GLASS STOP,BASE,SNAP IN,BLK.EXTRU",IN,0.69,0.35,,,,
M-80586,"14-10050-041 RAIL,3 IN.,TOP,DOOR,BLACK,EXTRU",IN,6.2,3.1,,,,
M-80637,"24-8392-BLK END CAP,LOCK BLOCK,BLACK,EXTRU",IN,1.47,0.74,,,,
M-80827,"14-13295-04 END CAP,CARRIER,FRONT,BLK,EXTRU",IN,1.47,0.74,,,,
M-80884,"24-11864-041 HEADER,SIDELOAD,BLACK,EXTRU",IN,5.4,2.7,,,,
M-80885,"24-10884-041 COVER,HEADER,SIDELOAD,BLACK,EXTRU",IN,1.7,0.85,,,,
M-80889,"24-11865-041 SNAP CHANNEL, GT8000,BLACK,EXTRU",IN,1.81,0.91,,,,
M-80892,"14-5469-041 PUSHBAR,BLACK,EXTRU",IN,1.47,0.74,,,,
M-80893,"14-9706-041 WEATHERING CHANNEL,BLK.EXTRU",IN,1.47,0.74,,,,
M-80897,"24-0159-041 CHANNEL,SNAP IN,BLACK,EXTRU",IN,1.47,0.74,,,,
M-80899,"14-10254-041 TUBE,ALUM.,1 X 1 X .092,BLK,EXTRU",IN,6.2,3.1,,,,
M-80908,"24-0112-041 HEADER,BTM LOAD,SIDE PLATE,BLACK,EXTRU",IN,2.66,1.33,,,,
M-80909,"24-0101-04 HEADER,BTM LOAD,TOP PLATE,BLACK,EXTRU",IN,2.66,1.33,,,,
M-80910,"24-0146-041 HEADER,BOTTOM LOAD,BOTTM PLATE,BLK,EXTRU",IN,2.66,1.33,,,,
M-80911,"24-0129-041 HEADER,BTM LOAD,COVER PLATE,BLACK,EXTRU",IN,2.66,1.33,,,,
M-80923,"24-8727-041 HEADER,SWINGER,710,BLACK, EXTRU",IN,3.0,1.5,,,,
M-80924,"24-8728-041 COVER,HEADER,710,BLACK,EXTRU",IN,2.06,1.03,,,,
M-81037,"14-10610-041 HEADER,2100,BLK,EXTRU",IN,5.1,2.55,,,,
M-81160,"14-14623-041 STOP,DOOR,JAMB,POCKETED,BLK,EXTRU",IN,1.47,0.74,,,,
M-81184,"14-10608-041 COVER,HEADER,2100,BLK,EXTRU",IN,1.47,0.74,,,,
M-82200,"HEADER,SWING,NH,3IN,EXTRU,BLK",IN,3.55,1.78,,,,
M-82200-39.375,"HEADER,SWING,NH,3IN,EXTRU,BLK,39.375""",EA,108.0,54.0,,,,
M-82200-51.375,"HEADER,SWING,NH,3IN,EXTRU,BLK,51.375""",EA,139.0,69.5,,,,
M-82201,"COVER,SWING,NH,3IN,EXTRU,BLK",IN,2.37,1.19,,,,
M-82201-39.350,"COVER,SWING,NH,3IN,EXTRU,BLK,39.350""",EA,57.0,28.5,,,,
M-82201-51.350,"COVER,SWING,NH,3IN,EXTRU,BLK,51.350""",EA,71.0,35.5,,,,
M-82203,"TRACK,MACHINED,SWING,NH,BLACK 22""",EA,99.0,49.5,,,,
M-82205-39.375,"HEADER,MACHINED,SWING,NH,BLK,39.375”",EA,122.0,61.0,,,,
M-82205-51.375,"HEADER,MACHINED,SWING,NH,BLK,51.375”",EA,158.0,79.0,,,,
M-82299-10,"ARM,SLEEVE,SWING,NH,OUTSWING,0-12,BLK",EA,19.0,9.5,,,,
M-82299-11,"ARM,SLEEVE,SWING,NH,OUTSWING,12-26,BLK",EA,23.0,11.5,,,,
M-82299-20,"ARM,SLEEVE,SWING,NH,INSWING,0-6,BLK",EA,19.0,9.5,,,,
M-82299-21,"ARM,SLEEVE,SWING,NH,INSWING,6-12,BLK",EA,23.0,11.5,,,,
V-00003,"PLUG,5 POS,MOLEX #03-06-2055",EA,1.47,0.74,,,,10-0306
V-00004,"RECEPTACLE,5 POS,MOLEX #03-06-1056",EA,1.47,0.74,,,,10-0305
V-00005,"LOCK,MORTISE,HOOK,31/32,ADAMS RITE",EA,109.0,54.5,,,,24-0564-01
V-00012,"FLUSHBOLT,ADAMSRITE MS1870",EA,144.0,72.0,,,,14-2046-03
V-00014,"COVER,MS LOCK,W/ CUTOUT,204",EA,8.2,4.1,,,,24-0565-11
V-00017,"EXIT INDICATOR,STANDARD,204",EA,147.0,73.5,,,,12-1400-03
V-00018,"EXIT INDICATOR,INVERTED,204",EA,147.0,73.5,,,,12-1400-01
V-00019,"LATCHBOLT, HEAVY DUTY,AS PURCHASED",EA,162.0,81.0,,,,14-11255
V-00020,"CONTROLLER, U30",EA,1005.0,502.5,,,,24-8901-30
V-00022,"POWER SUPPLY,24VDC,1/2 AMP",EA,33.0,16.5,,,,14-14299
V-00024,"ELECTRIC STRIKE, FAIL SECURE, VON DUPRIN",EA,612.0,306.0,,,,14-10462-03
V-00026,"TERMINAL BLOCK,8 MM,6 POSITION",EA,25.0,12.5,,,,14-10412-04
V-00027,MAGNETIC REED SWITCH - WIDE GAP,EA,9.4,4.7,,,,10-3069-10
V-00029,"POWER SUPPLY, U30/DS150",EA,230.0,115.0,,,,14-11741
V-00030,"LOCK, BTM RAIL, ALL GLASS ASM",EA,238.0,119.0,,,,14-5697
V-00031,"MAGNETIC REED SWITCH,12 IN.TWISTED LEADS",EA,8.9,4.45,,,,10-3069-52
V-00034,"HOUSING,2 POS,FOR MATE-N-LOCK PINS",EA,7.6,3.8,,,,14-4264
V-00048,"PLUG,2 POS,AMP #1-480318-0",EA,1.47,0.74,,,,14-4263
V-00052,"TRANSFORMER,24 V / 40 VA.",EA,118.0,59.0,,,,14-2101-01
V-00057,"SENSOR,BEA IXIO MOTION",EA,529.0,264.5,,,,14-14264
V-00059,"HARNESS,OPEX X-ZONE CUSTOM 60(1524MM)",EA,77.0,38.5,,,,14-14404-30
V-00064,"HARNESS,IXIO CUSTOM 60(1524MM)",EA,72.0,36.0,,,,14-14264-30
V-00065,"BRKT,MTG,BEA IXIO SENSOR",EA,6.2,3.1,,,,
V-00066,"COVER,BEA IXIO SENSOR",EA,6.2,3.1,,,,
V-00069,"LOCK,PANIC,ADAMS-RITE G86,204",EA,585.0,292.5,,,,24-14072-01
V-00071,"ESCUTCHEON, ADAMS-RITE #8651, 204 FINISH",EA,51.0,25.5,,,,14-14073-01
V-00073,"HOLDING BEAM SET, W/ EXTENSION CABLES",EA,128.0,64.0,,,,14-9710-04
V-00085,"HOUSING,PIN,4 CIRCUIT",EA,4.46,2.23,,,,14-1868
V-00087,"AMPLIFIER,PHOTOEYE,OPTEX #OS-12C T MODEB",EA,178.0,89.0,,,,14-9710-03
V-00088,"PUSHBAR,ADAMS RITE 8600,30 IN,204",EA,800.0,400.0,,,,24-3603-01
V-00094,"LOCKROD, ADAMS-RITE #4015",EA,85.0,42.5,,,,22-4412
V-00096,"COVER,MS LOCK,W/O CUTOUT,204",EA,6.4,3.2,,,,24-0565-21
V-00098,"SADDLE, WIRE",EA,3.0,1.5,,,,14-9960
V-00099,"MAGNET,CERAMIC,1/4 X 1/4 X 1 LG",EA,8.2,4.1,,,,14-9943
V-00100,"CLAMP, CABLE",EA,1.81,0.91,,,,14-9959
V-00101,"CLOSER,DOOR,710,LH,LCN",EA,442.0,221.0,,,,24-5650-02
V-00102,"PLUG,4 POS,MAT-N-LOK,AMP #1-480424-0",EA,3.0,1.5,,,,14-6170-02
V-00104,"WASHER, CUP.312 ID X .88 OD X .040 THICK",EA,7.6,3.8,,,,14-1518-01
V-00105,"CLOSER,DOOR,710,RH,LCN",EA,442.0,221.0,,,,24-5650-01
V-00109,"PLUG,DOME,7/8 HOLE",EA,1.47,0.74,,,,14-1579
V-00111,"O-RING,.438 ID,.563 OD,.063 THK,BUNA-N",EA,3.0,1.5,,,,14-6186-01
V-00112,"BOLT,SEX 1/4-20,CLEAR,204",EA,6.2,3.1,,,,24-0696
V-00113,"FLUSHBOLT,5/8"" THROW,1/8"" OFFSET,204",EA,77.0,38.5,,,,24-5504-01
V-00114,"BALL BEARING, RADIAL-THRUST COMBINATION",EA,32.0,16.0,,,,14-0097
V-00115,"BEARING, 1/2 X 3/4 X 5/8 WIDE",EA,8.2,4.1,,,,14-0771
V-00116,"CYLINDER,LOCK,THUMBTURN,204",EA,71.0,35.5,,,,22-0090-01
V-00122,"BELT,TIMING,1/2 PITCH X 3/4,URETHANE",IN,2.17,1.09,,,,14-12114
V-00123,"CYLINDER,LOCK,KEYED,204",EA,71.0,35.5,,,,22-4495-01
V-00129,"END, ROD - 3/8-24",EA,17.0,8.5,,,,14-8846
V-00131,"TUBING, PE - THREADED ROD COVER, 204",EA,3.23,1.62,,,,14-8897-01
V-00137,"LOCK ROD,1/4-20X13L.PROD.MOD.",EA,30.0,15.0,,,,14-10425
V-00141,"MAGNET,CERAMIC",EA,14.5,7.25,,,,14-8319
V-00143,"BELT, TIMING, 5MM-CONTINUOUS",IN,2.17,1.09,,,,14-10169
V-00145,"SHEET,ALUM.,.125 X 48 X 96,6061-T6",SQ IN,9.6,4.8,,,,14-14403
V-00148,"RESISTOR,200 OHM,WW,5%;VITREOUS ENAMEL",EA,23.0,11.5,,,,10-1251
V-00150,"BEARING,NEEDLE",EA,12.6,6.3,,,,24-11468
V-00157,"O-RING,1.50ODX1.25ID,EPDM",EA,1.47,0.74,,,,14-12950
V-00161,"PUSH PLATE KIT (2) 4-1/2 IN SQ,SS",EA,669.0,334.5,,,,22-11795
V-00162,"RESISTOR,20 OHM,CF 5%,VITREOUS ENAMEL",EA,25.0,12.5,,,,10-1250
V-00163,"SENSOR,OPTEX #OA-EDGE2(44)BL",EA,1047.0,523.5,,,,24-14365-70
V-00165,"HOUSING,SFIC,7 PIN, A/R CAM,SATIN CHROME",EA,139.0,69.5,,,,14-11541-41
V-00166,"SECURITY COLLAR,LOCK,204",EA,47.0,23.5,,,,14-11541-51
V-00168,"KEY,CONTROL,7 PIN,NABCO",EA,24.0,12.0,,,,14-11647-30
V-00170,"HANDLE,""D"",8 INCH CTC,204",EA,95.0,47.5,,,,24-3729-01
V-00171,"FLANGE,BEARING SLEEVE,SELF LUBRICATING",EA,2.34,1.17,,,,14-10800-01
V-00173,"SENSOR,OPTEX REACTION 2,BLK",EA,457.0,228.5,,,,14-12893
V-00174,POWER CLOSE MODULE,EA,314.0,157.0,,,,14-13139
V-00175,"SFIC CONSTRUCTION CORE,7 PIN,US26D",EA,217.0,108.5,,,,14-11647-10
V-00177,"DOOR PULL,SET,204",EA,119.0,59.5,,,,14-3437-01
V-00180,"HANDLE,LOCK,ADAMS-RITE 4550,RH,204",EA,411.0,205.5,,,,14-10587-11
V-00182,"SOCKET,RELAY",EA,36.0,18.0,,,,14-8753
V-00184,"MAGNETIC SWITCH,710 ACUGARD SYSTEM",EA,38.0,19.0,,,,14-11453
V-00185,"CYLINDER,LOCK,DUMMY,204",EA,11.3,5.65,,,,14-11739-11
V-00186,"RING,CYLINDER,.157 TALL,204",EA,3.07,1.54,,,,14-11740-11
V-00188,"BEARING SLEEVE,1.181ODX.984IDX",EA,55.0,27.5,,,,14-8990
V-00190,"BUMPER,RUBBER,BIFOLD,LOCK COVER",EA,2.24,1.12,,,,14-13780
V-00194,"HYDRAULIC CLOSER,LCN,SIZE 6,RH",EA,415.0,207.5,,,,24-5650-03
V-00195,"HYDRAULIC CLOSER,LCN, SIZE 6, LH",EA,415.0,207.5,,,,24-5650-04
V-00196,"STRIKE ARMORED,ADAMS-RITE 4002,204",EA,153.0,76.5,,,,24-10602-01
V-00199,"EXIT DEVICE,ADAMS-RITE F86,204",EA,1362.0,681.0,,,,14-11901-01
V-00200,"BEARING,RADIAL,8MM ID,22MM OD,7MM WIDE",EA,32.0,16.0,,,,24-12120
V-00201,"ESCUTCHEON,ADAMS-RITE #8650,204",EA,85.0,42.5,,,,14-3604-01
V-00203,"ESCUTCHEON,CYLINDER,204",EA,34.0,17.0,,,,14-5759-01
V-00207,"CAPACITOR,30MFD,240V",EA,50.0,25.0,,,,14-2018
V-00208,"BEARING,RADIAL,25MM ID,47MM OD,12MM WIDE",EA,28.0,14.0,,,,24-0787
V-00210,"ACTUATOR,POSITIVE LATCH,RECESSED,204",EA,89.0,44.5,,,,21-5583-01
V-00212,"HINGE,CONTINUOUS,STD DUTY,BLK,95",EA,810.0,405.0,,,,24-12873-34
V-00214,"ROD END,FEMALE,3/8""-24,RH THREAD",EA,48.0,24.0,,,,14-9545
V-00216,"ROD END,FEMALE,3/8""-24,LH THREAD",EA,48.0,24.0,,,,14-9546
V-00217,"PIVOT ,FLOOR,CENTER HUNG",EA,173.0,86.5,,,,14-9640
V-00219,"DOOR STOP,OHC,GLYNN JOHN,39-45,BLK",EA,972.0,486.0,,,,14-14577-54
V-00220,"HANDLE,PUSH/PULL,SINGLE BAR SET,BLK",EA,513.0,256.5,,,,14-14214-04
V-00222,"HANDLE,LOCK,ADAMS-RITE 4550,LH,204",EA,411.0,205.5,,,,14-10587-21
V-00223,"COVER,SENSOR,BLACK - BEA #10IRA",EA,128.0,64.0,,,,14-13783
V-00224,"SENSOR,OPTEX #OA-EDGE1(44)BL",EA,565.0,282.5,,,,24-14365-60
V-00225,"HANDLE,DOUBLE ""D"",204",EA,229.0,114.5,,,,24-13262-01
V-00226,"HANDLE,LEVER,PAIR,204,ADAMS RITE",EA,559.0,279.5,,,,14-10588-01
V-00227,"OPTEX,OA-601C,SENSOR BLACK",EA,719.0,359.5,,,,14-14208-B
V-00231,"COVER,ACUSENSOR 1B, 8.66X3,BLK",EA,50.0,25.0,,,,14-9497-B
V-00232,"RECIEVER,RADIO CONTROL,CP/RX",EA,187.0,93.5,,,,14-11898
V-00234,"RAIN COVER,SENSOR - BLACK - RH-I",EA,102.0,51.0,,,,14-13796
V-00235,"LOCK,PANIC,PADDLE,JACKSON,LH,204",EA,757.0,378.5,,,,14-5758
V-00238,"HINGE,CONTINUOUS,HVY DUTY,CLEAR 83",EA,343.0,171.5,,,,24-12873-01
V-00239,"LOCK,PANIC,PADDLE,JACKSON,RH,204",EA,757.0,378.5,,,,14-5757
V-00240,"HANDLE,CURVED,ENTRY TRIM,NH,SATIN SS",EA,974.0,487.0,,,,24-12874-11
V-00242,"LOCK,PADDLE,2-PT,RH,204",EA,603.0,301.5,,,,24-12875-11
V-00248,"KIT,PUSH PLT,(2) 4-1/2 SQ,BLU CTP-H",EA,692.0,346.0,,,,22-11771
V-00249,"CP/TX,RADIO CONTROL TRANSMITTER",EA,180.0,90.0,,,,14-13523
V-00250,"PUSHBAR,ADAMS RITE 8600,48 IN,204",EA,800.0,400.0,,,,24-3603-48
V-00251,"SENSOR,ACUZONE,COVER ONLY",EA,90.0,45.0,,,,14-14404-20
V-00253,"MAGLOCK,SECURITRON #M34R",EA,1193.0,596.5,,,,24-12877
V-00254,"PUSHBAR,ADAMS RITE 8600,42 IN,204",EA,843.0,421.5,,,,24-3603-42
V-00256,"CLIP,ARROW,CLEAR",EA,1.47,0.74,,,,14-10743-01
V-00257,"BUSHING,ELECTRICAL,.750 HOLE",EA,1.47,0.74,,,,14-12490
V-00258,"FUSE,250V,FAST,2AG,3AMP,AXIAL LEAD",EA,2.32,1.16,,,,
V-00261,"CLIP,ARROW,BLACK",EA,1.47,0.74,,,,14-10743-02
V-00262,"RESISTOR, 33 OHM,CF, 1W, 5%",EA,1.47,0.74,,,,10-1240
V-00263,"RESISTOR,1K OHM,CF ,1/2W,5%",EA,1.47,0.74,,,,10-1226
V-00271,"DIODE,IN914A",EA,1.47,0.74,,,,10-0355
V-00272,"SWITCH,KEY,3 POSITION",EA,59.0,29.5,,,,14-9818
V-00273,"GROMMET,HHS 91121",EA,1.47,0.74,,,,10-0505
V-00277,"DIODE,1N5625,400V,3A",EA,1.47,0.74,,,,10-0354
V-00283,"SPACER,CIRCUIT BOARD,STANDOFF",EA,1.47,0.74,,,,14-8743
V-00286,"RELAY, 4PDT, 24VDC, 5AMP",EA,60.0,30.0,,,,10-1161
V-00289,"CAPACITOR,SPR SOFT-15MF,165V",EA,90.0,45.0,,,,14-3537
V-00290,"LATCH,POSITIVE,ADAMS-RITE #1847-11-630",EA,77.0,38.5,,,,14-9378-10
V-00292,"RELAY,DPDT,48VDC,10AMP",EA,41.0,20.5,,,,10-1153
V-00293,"PLUG,6 POS,CLEAR,MOLEX #39-01-3063",EA,1.47,0.74,,,,14-9237-01
V-00295,"RELAY, SPDT, 6VDC, 5AMP",EA,20.0,10.0,,,,
V-00297,"RECTIFIER, BRIDGE",EA,4.46,2.23,,,,14-6470
V-00303,"LOCKROD, ADAMS-RITE #4016-20",EA,85.0,42.5,,,,22-10256
V-00306,HARNESS:MOTOR:MICROPROCESSOR,EA,48.0,24.0,,,,21-9808
V-00309,"LOCK,PADDLE,2-PT,LH,204",EA,603.0,301.5,,,,24-12875-21
V-00314,"SHEET,ALUM.,.063 X 48 X 96,5052-H32",SQ IN,1.47,0.74,,,,14-0768
V-00315,RELAY:DPDT:120VAC / 10AMP.,EA,59.0,29.5,,,,14-10676
V-00316,"DRIVE MODULE,GT20",EA,2072.0,1036.0,,,,
V-00317,"CONTROL UNIT,GT20",EA,1087.0,543.5,,,,
V-00318,"END CAP,W/ BUTTONS,GT20",EA,150.0,75.0,,,,
V-00319,"END CAP,W/O BUTTONS,GT20",EA,87.0,43.5,,,,
V-00322,"COVER,PLASTIC,GT20 COVER",EA,226.0,113.0,,,,
V-00323,"ARM,OUTSWING,GT20",EA,354.0,177.0,,,,
V-00324,"ARM,INSWING,GT20,204",EA,399.0,199.5,,,,
V-00325,"STOP,OPEN POSITION,GT20",EA,119.0,59.5,,,,
V-00328,"BEARING,RADIAL,15MM ID,32MM OD,9MM WIDE",EA,10.7,5.35,,,,24-0413
V-00333,OUTSIDE SERVICE,AU,6.2,3.1,,,,
V-00347,"SWITCH,WALL,6 RND.PTO-HC-S-SM-RC",EA,402.0,201.0,,,,14-10435-121
V-00353,"BOLLARD,6 SQR X 42 TALL,36 PREP.204",EA,866.0,433.0,,,,14-14331-01
V-00358,"COVER,RAIN,SENSOR",EA,50.0,25.0,,,,14-10278
V-00363,"RELAY,100/110VDC,10A,DPDT",EA,24.0,12.0,,,,
V-00366,"POWER SUPPLY,MEAN WELL LPV-60-24",EA,122.0,61.0,,,,24-12539
V-00369,"BATTERY BACKUP,750 VA",EA,710.0,355.0,,,,14-10586-02
V-00373,"KEYPAD,OUTDOOR,STAND ALONE;[CM-120WV2]",EA,352.0,176.0,,,,
V-00374,"RELAY,ADVANCED LOGIC [CX-33]",EA,420.0,210.0,,,,
V-00382,"PUSHBAR,ADAMS RITE 8600,36 IN,204",EA,895.0,447.5,,,,24-3603-36
V-00384,"SWITCH,ROCKER,ON/OFF/ON,DPDT",EA,14.5,7.25,,,,14-9258-03
V-00391,"GLASS,1/2"" TEMPERED,ALL GLASS PANEL",SQ IN,1.47,0.74,,,,25-5895
V-00394,"BEARING,RADIAL,.750 ID,1.625 OD,.438 WD",EA,64.0,32.0,,,,24-0412
V-00395,"BEARING,RADIAL,15MM ID,35MM OD,11MM WIDE",EA,15.0,7.5,,,,24-13933
V-00396,"BEARING,RADIAL,17MM ID,35MM OD,10MM WIDE",EA,20.0,10.0,,,,24-13934
V-00397,"SWITCH,WALL 1-3/4 RT PTO S-SM",EA,155.0,77.5,,,,14-10445-120
V-00399,"RELAY,SPDT,12VDC",EA,33.0,16.5,,,,14-14593
V-00404,"GUIDE RAIL,30X30-CURAN#CE-806-1CLR",EA,412.0,206.0,,,,14-11437-21
V-00405,"GUIDE RAIL,30X30-CURAN#CE-806-1DK.BZ",EA,493.0,246.5,,,,
V-00406,"ADAPTER,CLAMPING,-13MM,GT20",EA,194.0,97.0,,,,45-0548-124
V-00407,"ADAPTER,CLAMPING,+20MM,GT20",EA,194.0,97.0,,,,
V-00408,"ADAPTER,CLAMPING,+50MM,GT20",EA,194.0,97.0,,,,
V-00410,TERMINAL BLOCKU30 WIRE CONNECTOR,EA,19.0,9.5,,,,
V-00411,"RESISTOR,200 OHM,20 WATT",EA,35.0,17.5,,,,14-13357
V-00412,"LOCK,ADAMS RITE 1847-02",EA,69.0,34.5,,,,14-9378-20
V-00414,"BEARING,FLANGE,.375 ID,.500 OD,.250 LG",EA,6.4,3.2,,,,
V-00418,"POWER SUPPLY,27 VDC,100 WATT -",EA,228.0,114.0,,,,14-14966
V-00419,"SWITCH,WALL,6RD,PTO-HC-S-SM-RC-WS",EA,403.0,201.5,,,,14-10435-123
V-00420,"SWITCH,JAMB,GT20",EA,102.0,51.0,,,,
V-00421,"SWITCH,WALL,4-1/2 SQUARE",EA,343.0,171.5,,,,14-10443-121
V-00423,"SWITCH, WALL, 4 1/2 SQ;PTO-S-FM",EA,152.0,76.0,,,,14-10441-110
V-00424,"SWITCH,WALL;6RD;PTO-S-FM",EA,147.0,73.5,,,,14-10433-110
V-00425,"SWITCH,WALL;6RD;PTO-S-FM-WS",EA,268.0,134.0,,,,
V-00426,"SWITCH,WALL;6RD;PTO-S-FM-RC-WS",EA,382.0,191.0,,,,
V-00427,"SWITCH,WALL;6RD;PTO-S-SM",EA,238.0,119.0,,,,
V-00428,"SWITCH,WALL;6RD;PTO-S-SM-RC-WS",EA,382.0,191.0,,,,
V-00429,"SWITCH,WALL,6RD;PTO-S-FSM-WS",EA,298.0,149.0,,,,
V-00430,"SWITCH,WALL,6RD;HC-S-FM",EA,142.0,71.0,,,,
V-00431,"SWITCH,WALL,6RD;HC-S-FM-RC",EA,251.0,125.5,,,,14-10434-111
V-00432,"SWITCH,WALL,6RD;HC-S-SM-RC-WS",EA,382.0,191.0,,,,
V-00433,"SWITCH,WALL,6RD;HC-S-SM",EA,216.0,108.0,,,,
V-00434,"SWITCH,WALL,6RD;HC-S-SM-WS",EA,278.0,139.0,,,,
V-00435,"SWITCH,WALL,6RD;HC-S-SM-RC-WS",EA,403.0,201.5,,,,14-10434-123
V-00436,"SWITCH,WALL,6RD;HC-S-FSM-RC",EA,337.0,168.5,,,,14-10434-131
V-00438,"SWITCH,WALL,6RD;PTO-HC-S-FM-WS",EA,278.0,139.0,,,,14-10435-112
V-00439,"SWITCH,WALL,6RD;PTO-HC-S-FSM",EA,329.0,164.5,,,,14-10435-130
V-00440,"SWITCH,WALL,6RD;PTO-HC-S-FSM-WS",EA,316.0,158.0,,,,
V-00441,"SWITCH,WALL,6RD;PTO-HC-MB-SM-RC",EA,336.0,168.0,,,,
V-00442,"SWITCH,WALL,4-1/2 RD;BLANK-S-FSM",EA,180.0,90.0,,,,
V-00443,"SWITCH,WALL,4-1/2RD;PTO-S-FM",EA,142.0,71.0,,,,
V-00444,"SWITCH,WALL,4-1/2RD;HC-S-FM",EA,142.0,71.0,,,,14-10438-110
V-00445,"SWITCH,WALL,4-1/2RD-S-FM-RC",EA,364.0,182.0,,,,
V-00446,"SWITCH,WALL,4-1/2RD;HC-S-FM-WS",EA,194.0,97.0,,,,
V-00447,"SWITCH,WALL,4-1/2RD;HC-S-FM-RC-WS",EA,304.0,152.0,,,,
V-00448,"SWITCH,WALL,4-1/2RD;HC-S-SM",EA,223.0,111.5,,,,
V-00449,"SWITCH,WALL,4-1/2RD;HC-S-SM-RC",EA,336.0,168.0,,,,
V-00450,"SWITCH,WALL,4-1/2RD;HC-S-SM-WS",EA,382.0,191.0,,,,
V-00451,"SWITCH,WALL,4-1/2RD;HC-S-SM-RC-WS",EA,382.0,191.0,,,,
V-00452,"SWITCH,WALL,4-1/2RD;HC-S-FSM",EA,223.0,111.5,,,,
V-00453,"SWITCH,WALL,4-1/2RD;PTO-HC-S-FM-RC",EA,364.0,182.0,,,,
V-00454,"SWITCH,WALL,4-1/2RD;PTO-HC-S-FM-WS",EA,161.0,80.5,,,,
V-00455,"SWITCH,WALL,4-1/2RD;PTO-HC-S-FM-RC-WS",EA,403.0,201.5,,,,
V-00456,"SWITCH,WALL,4-1/2RD;PTO-HC-S-SM",EA,223.0,111.5,,,,14-10439-120
V-00457,"SWITCH,WALL,4-1/2RD;PTO-HC-S-SM-RC",EA,336.0,168.0,,,,
V-00458,"SWITCH,WALL,4-1/2RD;PTO-HC-S-SM-WS",EA,293.0,146.5,,,,
V-00459,"SWITCH,WALL,4-1/2RD;PTO-HC-S-SM-RC-WS",EA,382.0,191.0,,,,
V-00460,"SWITCH,WALL,4-1/2RD;PTO-HC-S-FSM",EA,315.0,157.5,,,,
V-00461,"SWITCH,WALL,4-1/2RD;PTO-HC-S-FSM-WS",EA,298.0,149.0,,,,
V-00462,"SWITCH,WALL,4-1/2RD;PTO-HC-S-FSM-RC-W",EA,403.0,201.5,,,,
V-00463,"SWITCH,WALL,4-1/2SQ;BLANK-S-SM",EA,194.0,97.0,,,,
V-00464,"SWITCH,WALL,4-1/2SQ;PTO-S-FM-RC",EA,343.0,171.5,,,,
V-00465,"SWITCH,WALL,4-1/2SQ;PTO-S-FM-WS",EA,144.0,72.0,,,,
V-00466,"SWITCH,WALL,4-1/2SQ;PTO-S-SM",EA,211.0,105.5,,,,14-10441-120
V-00467,"SWITCH,WALL,4-1/2SQ;PTO-S-SM-RC",EA,316.0,158.0,,,,14-10441-121
V-00468,"SWITCH,WALL,4-1/2SQ;PTO-S-SM-WS",EA,316.0,158.0,,,,
V-00469,"SWITCH,WALL,4-1/2SQ;PTO-S-SM-RC-WS",EA,316.0,158.0,,,,
V-00470,"SWITCH,WALL,4-1/2SQ;PTO-S-FSM",EA,194.0,97.0,,,,
V-00471,"SWITCH,WALL,4-1/2 SQUARE",EA,155.0,77.5,,,,
V-00472,"SWITCH,WALL,4-1/2SQ;HC-S-SM-RC",EA,316.0,158.0,,,,
V-00476,"CLIP,MOTOR LEADS,GT20",EA,3.23,1.62,,,,
V-00477,"SWITCH,WALL,4-1/2SQ;PTO;HC-S-FM-RC",EA,373.0,186.5,,,,14-10443-111
V-00478,"SWITCH,WALL;4-1/2SQ;PTO;HC-S-FM-WS",EA,173.0,86.5,,,,
V-00479,"SWITCH,WALL;4-1/2SQ;PTO;HC-S-FM-RC-WS",EA,382.0,191.0,,,,
V-00480,"SWITCH,WALL;4-1/2SQ;PTO;HC-S-SM-WS",EA,271.0,135.5,,,,14-10443-122
V-00481,"SWITCH,WALL;4-1/2SQ;PTO;HC-S-SM-RC-WS",EA,416.0,208.0,,,,14-10443-123
V-00482,"SWITCH,WALL;4-1/2SQ;PTO;HC-S-FSM",EA,211.0,105.5,,,,14-10443-130
V-00483,"SWITCH,WALL;4-1/2SQ;PTO;HC-S-FSM-RC",EA,316.0,158.0,,,,
V-00484,"SWITCH,WALL;4-1/2SQ;PTO;HC-S-FSM-RC-WS",EA,382.0,191.0,,,,
V-00485,"TRANSMITTER,300MHZ;WIKK",EA,163.0,81.5,,,,
V-00486,"SWITCH,WALL1-3/4 RT;BLANK-S-SM",EA,505.0,252.5,,,,
V-00487,"SWITCH,WALL;1-3/4 RT;BLANK-S-SM-RC",EA,222.0,111.0,,,,
V-00488,SWITCH:WALL;1-3/4 RT;BLANK-MB-SM,EA,416.0,208.0,,,,
V-00489,"SWITCH,WALL;1-3/4RT;PTO-S-FM",EA,108.0,54.0,,,,
V-00490,"SWITCH,WALL;1-3/4RT;PTO-S-SM-RC",EA,304.0,152.0,,,,
V-00491,"SWITCH,WALL;1-3/4RT;PTO-MB-SM",EA,512.0,256.0,,,,
V-00492,"SWITCH,WALL;1-3/4RT;HC-S-FM",EA,119.0,59.5,,,,14-10446-110
V-00494,"SWITCH,WALL;1-3/4RT;HC-S-SM-RC",EA,304.0,152.0,,,,14-10446-121
V-00495,"SWITCH,WALL,1-3/4RT;PTO;HC-S-FM-RC",EA,304.0,152.0,,,,
V-00496,"SWITCH,WALL,1-3/4RT;PTO;HC-S-FM-WR",EA,304.0,152.0,,,,
V-00497,"SWITCH,WALL,1-3/4RT;PTO;HC-S-SM",EA,155.0,77.5,,,,
V-00498,"SWITCH,WALL,1-3/4RT;PTO;HC-S-SM-WR",EA,167.0,83.5,,,,
V-00499,"SWITCH,WALL,1-3/4RT;PTO;HC-S-SM-RC-WS",EA,167.0,83.5,,,,
V-00505,"GUIDE RAIL,30X36 CE-805-1DK.BZ",EA,493.0,246.5,,,,
V-00506,"GUIDE RAIL,43X36- #CE-810-H-605-1CLR",EA,1458.0,729.0,,,,
V-00507,"GUIDE RAIL,43X36- #CE-810-H-605-1DK.BZ",EA,1503.0,751.5,,,,
V-00508,"GUIDE RAIL,204,43X36- #CE-810-H-655-1",EA,1662.0,831.0,,,,
V-00509,"GUIDE RAIL,43X36 -#CE-810-H-655-1DK.BZ",EA,1503.0,751.5,,,,
V-00510,"GUIDE RAIL,30X36 CE-805-1CLR",EA,507.0,253.5,,,,14-11437-11
V-00513,"ADAPTER,CLAMPING,STANDARD,GT20",EA,194.0,97.0,,,,
V-00516,"GLASS STOP,ADJUSTING TOOL",EA,477.0,238.5,,,,
V-00517,"CLIP,V,GT20 INSWING TRACK",EA,50.0,25.0,,,,
V-00519,"DAMPER,ROTARY,SELF-CLOSER",EA,744.0,372.0,,,,14-13959
V-00520,"PULL SPRING,SELF-CLOSER",EA,1366.0,683.0,,,,24-13908
V-00521,"RACK,CONTROL,SELF-CLOSER",EA,240.0,120.0,,,,24-13909
V-00528,"LOCK,MS STYLE,1.5 BACKSET;HOOKBOLT",EA,70.0,35.0,,,,24-14811
V-00530,"BRACKET,MAGLOCK,SECURITRON #SMLS",EA,426.0,213.0,,,,24-12183
V-00531,"MAGLOCK,SECURITON,SAM",EA,2656.0,1328.0,,,,24-12182
V-00532,BOTTOM GUIDE;STANLEY;FSL;RH,EA,68.0,34.0,,,,S-11901R
V-00533,BOTTOM GUIDE;STANLEY;FSL;LH,EA,68.0,34.0,,,,S-11901L
V-00534,BOTTOM GUIDE;STANLEY;FBO,EA,63.0,31.5,,,,S-3150
V-00535,BOTTOM GUIDE;DOM;FSL;RH,EA,133.0,66.5,,,,D-122508RH
V-00536,BOTTOM GUIDE;DOM;FSL;LH,EA,133.0,66.5,,,,D-122508LH
V-00537,BOTTOM GUIDE;HORTON;FSL;RH,EA,97.0,48.5,,,,H-4051
V-00538,BOTTOM GUIDE;HORTON;FSL;LH,EA,97.0,48.5,,,,H-4050
V-00539,"SHEET,HDPE.,.250 X 48 X 96;BLACK",SQ IN,1.47,0.74,,,,
V-00540,"SHEET,HDPE.,.250 X 48 X 96;WHITE",SQ IN,1.47,0.74,,,,
V-00542,"KEY,SPARE;KEY SWITCH",EA,11.3,5.65,,,,10-3328
V-00551,"HOUSING,SOCKET;4 CKT.",EA,1.47,0.74,,,,
V-00552,FUSE;5A;GMA;5X20MM,EA,11.3,5.65,,,,14-9470
V-00553,TRANSMITTER;433MHZ;WIKK,EA,154.0,77.0,,,,
V-00554,"DIODE,400V 1N4004-TR",EA,1.47,0.74,,,,10-0352
V-00555,TERMINAL BLOCK,EA,10.6,5.3,,,,10-1501
V-00556,RESISTOR,EA,1.47,0.74,,,,
V-00557,"BOTTOM PIN GUIDE,BESAM",EA,55.0,27.5,,,,B-7000P
V-00567,"TRANSMITTER,300MHZ;HAND HELD",EA,116.0,58.0,,,,22-11943
V-00571,"ACTUATOR,POSITIVE LATCH,RECESSED,313",EA,89.0,44.5,,,,21-5583-02
V-00572,ALLEN KEY 3/32,EA,1.47,0.74,,,,14-6283
V-00573,"GUIDE RAIL,30X42 #CE-805-2CLR",EA,468.0,234.0,,,,14-11437-11 30X42
V-00574,"GUIDE RAIL,30X42 #CE-805-2DK.BZ",EA,541.0,270.5,,,,14-11437-12 30X42
V-00575,"GUIDE RAIL,36X36 #CE-805-3CLR",EA,468.0,234.0,,,,14-11437-11 36X36
V-00576,"GUIDE RAIL,36X36 #CE-805-3DK.BZ",EA,541.0,270.5,,,,14-11437-12 36X36
V-00577,"GUIDE RAIL,36X42 #CE-805-4CLR",EA,468.0,234.0,,,,14-11437-11 36X42
V-00578,"GUIDE RAIL,36X42 #CE-805-4DK.BZ",EA,468.0,234.0,,,,14-11437-12 36X42
V-00579,"GUIDE RAIL,30X48 #CE-805-5CLR",EA,982.0,491.0,,,,
V-00580,"GUIDE RAIL,30X48 #CE-805-5DK.BZ",EA,1132.0,566.0,,,,
V-00581,"GUIDE RAIL,36X48 #CE-805-6CLR",EA,982.0,491.0,,,,14-11437-11 36X48
V-00582,"GUIDE RAIL,36X48 #CE-805-6DK.BZ",EA,1132.0,566.0,,,,14-11437-12 36X48
V-00583,"GUIDE RAIL,30X36 #CE-806-2CLR",EA,820.0,410.0,,,,
V-00584,"GUIDE RAIL,30X36 #CE-806-2DK.BZ",EA,944.0,472.0,,,,
V-00585,"GUIDE RAIL,36X30 #CE-806-3CLR",EA,820.0,410.0,,,,14-11437-21 36X30
V-00586,"GUIDE RAIL,36X30 #CE-806-3DK.BZ",EA,944.0,472.0,,,,
V-00587,"GUIDE RAIL,36X36 #CE-806-4CLR",EA,820.0,410.0,,,,
V-00588,"GUIDE RAIL,36X36 #CE-806-4DK.BZ",EA,944.0,472.0,,,,
V-00589,"GUIDE RAIL,43X42 #CE-810-H-605-2CLR",EA,2037.0,1018.5,,,,
V-00590,"GUIDE RAIL,43X42 #CE-810-H-605-2DK.BZ",EA,2352.0,1176.0,,,,
V-00591,"GUIDE RAIL,43X48 #CE-810-H-605-3CLR",EA,2134.0,1067.0,,,,
V-00592,"GUIDE RAIL,43X48 #CE-810-H-605-3DK.BZ",EA,2463.0,1231.5,,,,
V-00593,"GUIDE RAIL,49X36 #CE-810-H-605-4CLR",EA,2086.0,1043.0,,,,
V-00594,"GUIDE RAIL,49X36 #CE-810-H-605-4DK.BZ",EA,2400.0,1200.0,,,,
V-00595,"GUIDE RAIL,49X42 #CE-810-H-605-5CLR",EA,2086.0,1043.0,,,,
V-00596,"GUIDE RAIL,49X42 #CE-810-H-605-5DK.BZ",EA,2400.0,1200.0,,,,
V-00597,"GUIDE RAIL,49X48 #CE-810-H-605-6CLR",EA,2181.0,1090.5,,,,
V-00598,"GUIDE RAIL,49X48 #CE-810-H-605-6DK.BZ",EA,2510.0,1255.0,,,,
V-00599,"GUIDE RAIL,37X36 #CE-810-H-605-7CLR",EA,2013.0,1006.5,,,,
V-00600,"GUIDE RAIL,37X36 #CE-810-H-605-7DK.BZ",EA,2316.0,1158.0,,,,
V-00601,"GUIDE RAIL,37X42 #CE-810-H-605-8CLR",EA,1452.0,726.0,,,,
V-00602,"GUIDE RAIL,37X42 #CE-810-H-605-8DK.BZ",EA,2316.0,1158.0,,,,
V-00603,"GUIDE RAIL,43X42 #CE-810-H-615-2CLR",EA,2037.0,1018.5,,,,
V-00604,"GUIDE RAIL,43X42 #CE-810-H-615-2DK.BZ",EA,2352.0,1176.0,,,,
V-00605,"GUIDE RAIL,43X48 #CE-810-H-615-3CLR",EA,2134.0,1067.0,,,,
V-00606,"GUIDE RAIL,43X48 #CE-810-H-615-3DK.BZ",EA,2463.0,1231.5,,,,
V-00607,"GUIDE RAIL,49X36 #CE-810-H-615-4CLR",EA,2086.0,1043.0,,,,
V-00608,"GUIDE RAIL,49X36 #CE-810-H-615-4DK.BZ",EA,2400.0,1200.0,,,,
V-00609,"GUIDE RAIL,49X42 #CE-810-H-615-5CLR",EA,2086.0,1043.0,,,,
V-00610,"GUIDE RAIL,49X42 #CE-810-H-615-5DK.BZ",EA,2400.0,1200.0,,,,
V-00611,"GUIDE RAIL,49X48 #CE-810-H-615-6CLR",EA,2181.0,1090.5,,,,
V-00612,"GUIDE RAIL,49X48 #CE-810-H-615-6DK.BZ",EA,2510.0,1255.0,,,,
V-00613,"GUIDE RAIL,37X36 #CE-810-H-615-7CLR",EA,2013.0,1006.5,,,,
V-00614,"GUIDE RAIL,37X36 #CE-810-H-615-7DK.BZ",EA,2316.0,1158.0,,,,
V-00615,"GUIDE RAIL,37X42 #CE-810-H-615-8CLR",EA,2013.0,1006.5,,,,
V-00616,"GUIDE RAIL,37X42 #CE-810-H-615-8DK.BZ",EA,2316.0,1158.0,,,,
V-00617,"BLOCK,TERMINAL,8 MM,4 POSITION",EA,24.0,12.0,,,,
V-00618,"GUIDE RAIL,43X36 #CE-810-H-615-1CLR",EA,2037.0,1018.5,,,,
V-00619,"GUIDE RAIL,43X36 #CE-810-H-615-1DK.BZ",EA,2352.0,1176.0,,,,
V-00622,BOLLARD POST;6SQUARE;WIRED;CLEAR,EA,955.0,477.5,,,,
V-00623,BOLLARD POST;6SQUARE;WIRED;DK.BZ.,EA,955.0,477.5,,,,
V-00624,BOLLARD POST;6SQUARE;RADIO;CLEAR,EA,988.0,494.0,,,,14-11436-11
V-00625,BOLLARD POST;6SQUARE;RADIO;DK.BZ.,EA,988.0,494.0,,,,14-11436-12
V-00626,FUSE 250 V FAST 2AG 1/2AMP AXIAL LEAD,EA,8.2,4.1,,,,
V-00628,"BLOCK,SLIDE,GT20",EA,43.0,21.5,,,,
V-00629,"BOLT,TRACK,38 MM,GT20",EA,55.0,27.5,,,,
V-00630,"ENDCAPS,TRACK,INSWING,GT20",EA,6.4,3.2,,,,
V-00631,"SHCS,M8 X 70,LOW PROFILE,GT20",EA,23.0,11.5,,,,
V-00632,"SHCS,M8 X 90,LOW PROFILE,GT20",EA,36.0,18.0,,,,
V-00633,"SHCS,M8 X 120,LOW PROFILE,GT20",EA,64.0,32.0,,,,
V-00635,"HINGE,CONTINUOUS,HVY DUTY,DK.BZ. 83",EA,412.0,206.0,,,,24-12873-02
V-00636,"CABLE,ENCODER,GT20",EA,23.0,11.5,,,,
V-00637,"CABLE,SWITCH,GT20",EA,4.76,2.38,,,,
V-00638,"COVER,SERVICE/CABLE GUIDE,GT20",EA,2.03,1.02,,,,
V-00639,"PLUNGER,SPRING,5/8-11,ZINC",EA,31.0,15.5,,,,14-3469-01
V-00640,"PAINT,SPRAY,12 OZ..NBW",EA,118.0,59.0,,,,14-1942-09
V-00643,"SWITCH,SNAP ACTION,ITW #16-304",EA,6.2,3.1,,,,
V-00645,"PLUG,2 POS,BLACK,MOLEX #39-01-3026",EA,6.2,3.1,,,,
V-00647,"SWITCH,WALL,6RD;BLANK;S-FSM",EA,194.0,97.0,,,,
V-00652,FUSE;5 AMP.,EA,2.48,1.24,,,,14-11862
V-00654,RESISTOR;1K OHM;1/4W;CF;5%,EA,1.47,0.74,,,,
V-00657,"GUIDE RAIL,43X48 #CE-810-H-605-3-318 CL",EA,1274.0,637.0,,,,
V-00658,GUIDE RAIL;RADIO RCVR #CE-605-NA-SM,EA,133.0,66.5,,,,
V-00659,"SWITCH,WALL;6RD; #CE-605-JJ-MNA-MC",EA,412.0,206.0,,,,
V-00660,"PIN GUIDE WASHER,BESAM",EA,18.0,9.0,,,,B-122108
V-00661,"SWITCH,WALL,(2)-1-3/4RT-PTO-HC-ARROWS",EA,300.0,150.0,,,,
V-00662,"PAINT,SPRAY,LT BRONZE;16OZ.",EA,75.0,37.5,,,,14-1942-03
V-00663,"END CAP,POWER ONLY,GT20",EA,90.0,45.0,,,,
V-00664,"RING,STOP,GT20",EA,118.0,59.0,,,,
V-00665,"CLIP,CABLE,T & B #FRPV-1000-8",EA,6.2,3.1,,,,
V-00666,"PAINT,SPRAY,TOUCH-UP",EA,152.0,76.0,,,,14-9639-03
V-00668,TRANSISTOR;2N3417,EA,1.47,0.74,,,,14-1780
V-00670,BOTTOM GUIDE;STANLEY;D/G FBO-NS,EA,791.0,395.5,,,,
V-00671,CAPACITOR;17.5 GE 97F9601BX,EA,60.0,30.0,,,,14-11718
V-00674,"PLUG,3 POS,DINKLE #5ESDV-03P",EA,6.2,3.1,,,,
V-00677,"BUSHING, ELECTRICAL, .438 HOLE",EA,1.47,0.74,,,,14-9243-02
V-00678,CAPACITOR;220 UF;50V,EA,1.47,0.74,,,,
V-00679,DOOR PRESSURE GAUGE,EA,136.0,68.0,,,,14-13315
V-00682,"SPLIT LOOM,FLEXIBLE CONDUIT",IN,1.47,0.74,,,,14-9958
V-00684,"RESISTOR;30K OHM,1/4W,CF",EA,1.47,0.74,,,,
V-00685,RESISTOR;180K OHM;1/4W;CF,EA,1.47,0.74,,,,
V-00688,RESISTOR;10K OHM;1/4W;CF,EA,1.47,0.74,,,,
V-00689,RESISTOR;5.1K OHM;1/4W;CF,EA,1.47,0.74,,,,
V-00690,RESISTOR;33K OHM;1/4W;CF,EA,1.47,0.74,,,,
V-00698,ROLLER;DOR-O-MATIC,EA,97.0,48.5,,,,D-8011
V-00699,"SWITCH,WALL,6RD;PTO-S-FSM-RC",EA,194.0,97.0,,,,14-10433-131
V-00700,PIVOT ;DOR-O-MATIC,EA,115.0,57.5,,,,D-9136
V-00701,ROLLER;BESAM,EA,51.0,25.5,,,,B-8040AR
V-00702,ROLLER;BESAM;ECCENTRIC,EA,146.0,73.0,,,,B-8040
V-00703,ROLLER;HORTON;DW4KX,EA,76.0,38.0,,,,H-DW4K
V-00704,ROLLER;STANLEY;S-300SWB,EA,60.0,30.0,,,,S-3005WB
V-00705,BOTTOM GUIDE;HORTON,EA,86.0,43.0,,,,H-C02852-2
V-00712,"FUSE,8 AMP,GLH 8",EA,8.2,4.1,,,,14-1460
V-00713,"FUSE,2 AMP,5X20MM,250V,FAST ACTING",EA,6.4,3.2,,,,
V-00714,"HINGE,CONTINUOUS,HVY DUTY,CLEAR, 95""",EA,397.0,198.5,,,,24-12873-11
V-00715,"HINGE,CONTINUOUS HVY DUTY,DK.BZ. 95",EA,397.0,198.5,,,,24-12873-12
V-00716,"HINGE,CONTINUOUS,HVY DUTY,CLEAR,120",EA,617.0,308.5,,,,24-12873-21
V-00717,"HINGE,CONTINUOUS HVY DUTY,DK.BZ. 120",EA,617.0,308.5,,,,24-12873-22
V-00719,"PLUG,HOLE,3/4",EA,1.47,0.74,,,,
V-00720,"PLUG,HOLE,13/16 DOME",EA,1.47,0.74,,,,14-9511-04
V-00721,"PLUG,HOLE,1-1/2",EA,433.0,216.5,,,,14-3441
V-00722,"PLUG,HOLE,17/32""",EA,1.47,0.74,,,,14-9511-05
V-00723,"PAINT,SPRAY,204;16OZ.",EA,62.0,31.0,,,,
V-00724,"PAINT,SPRAY,313:16 OZ",EA,42.0,21.0,,,,14-1942-02
V-00725,"PAINT,SPRAY,BLACK;16OZ.",EA,62.0,31.0,,,,14-1942-04
V-00726,"PAINT,SPRAY,313 TOP COAT;16OZ.",EA,42.0,21.0,,,,
V-00727,"PAINT,SPRAY,312;16OZ.",EA,62.0,31.0,,,,14-1942-06
V-00728,"PAINT,SPRAY,311;16OZ.",EA,68.0,34.0,,,,
V-00729,"PAINT,SPRAY,POLISHED CLEAR;16OZ.",EA,43.0,21.5,,,,
V-00730,"SWITCH,ROCKER-ON OFF",EA,12.6,6.3,,,,14-9258-02
V-00731,"SWITCH,ROCKER-ON OFF",EA,14.5,7.25,,,,14-9258-01
V-00741,"SENSOR,ACUSENSOR M",EA,445.0,222.5,,,,
V-00742,"SPACER, ANGLED - ACUSENSOR M",EA,31.0,15.5,,,,
V-00743,"COVER,ACUSENSOR M - SILVER",EA,31.0,15.5,,,,
V-00744,"COVER,ACUSENSOR M - BLACK",EA,33.0,16.5,,,,
V-00745,"SENSOR, OPTEX X-ZONE T",EA,529.0,264.5,,,,
V-00746,"SENSOR,OPTEX I-ONEX T",EA,529.0,264.5,,,,
V-00747,"MOUNT,LEVELING,SWIVEL,1.25""L,1/4-20",EA,34.0,17.0,,,,14-14303
V-00748,ELECTRO MAGNET,EA,166.0,83.0,,,,14-14302
V-00749,"BUSHING,OILITE,.375 IDX.500 ODX.438 LG",EA,6.2,3.1,,,,14-8431-11
V-00752,"FUSE,2 AMP,5X20MM,250V,SLOW REACTION",EA,6.4,3.2,,,,
V-00753,"TERMINAL BLOCK - 7P, DINKLE EC350V-07P",EA,6.3,3.15,,,,
V-00754,"TERMINAL BLOCK - 3P, DINKLE EC350V-03P",EA,32.0,16.0,,,,
V-00769,"RESISTOR,150 OHM, 12 WATT",EA,10.6,5.3,,,,
V-00778,MOTOR AND COUPLING SUB ASSY. RD RB,EA,526.0,263.0,,,,22-0575-R
V-00784,OPERATOR GT710 LH RD RB,EA,1451.0,725.5,,,,22-10311-02-R
V-00790,GT 500 OPERATOR LH RD RB,EA,961.0,480.5,,,,11-1391-R
V-00792,GT500 LH MAGNUM CTRL W/CLUTCH RD RB,EA,1144.0,572.0,,,,41-8987-09-R
V-00796,SWINGMASTER 350 LH RD RB,EA,1000.0,500.0,,,,NR30-10-104L
V-00797,SWINGMASTER 350 RH RD RB,EA,1000.0,500.0,,,,NR30-10-104R
V-00798,SWINGMASTER 400 RH RD RB,EA,1000.0,500.0,,,,NR30-10-106R
V-00799,SWINGMASTER 400 LH RD RB,EA,1000.0,500.0,,,,NR30-10-107R
V-00800,STANLEY MAGIC ACCESS LHO RB,EA,1072.0,536.0,,,,NR110379LO
V-00801,STANLEY MAGIC ACCESS RHO RB,EA,1072.0,536.0,,,,NR110378RO
V-00802,STANELY DURAGLIDE MOTOR/GEARBOX RD RB,EA,1450.0,725.0,,,,NR313443
V-00803,STANELY MAGIC FORCE OPERATOR RD RB,EA,1864.0,932.0,,,,
V-00804,SWINGMASTER CONTROL SINGLE RD RB,EA,510.0,255.0,,,,
V-00805,SWINGMASTER CONTROL DUAL RD RB,EA,876.0,438.0,,,,
V-00806,BESAM C SERIES CONTROL RD RB,EA,1156.0,578.0,,,,
V-00807,BESAM AMD II MOTOR/GEARBOX RD RB,EA,1712.0,856.0,,,,549712
V-00809,STANLEY MAGIC SWING MOTOR RD RB,EA,731.0,365.5,,,,R541542
V-00810,GEARBOX DURAGLIDE REBUILT RD RB,EA,731.0,365.5,,,,313034
V-00811,HORTON 7100 OPERATOR RHI RD RB,EA,849.0,424.5,,,,
V-00812,HORTON 7100 OPERATOR RHO RD RB,EA,849.0,424.5,,,,RC7100RO14
V-00813,HORTON 7100 OPERATOR LHO RD RB,EA,849.0,424.5,,,,RC7100LO14
V-00815,STANLEY BOTTOM GUIDE FBO RD RB,EA,223.0,111.5,,,,
V-00816,STANLEY MAGIC ACCESS MOTOR RD RB,EA,280.0,140.0,,,,
V-00817,HORTON 4100 LO OPERATOR 14 TH RD RB,EA,970.0,485.0,,,,RC4100L14
V-00818,HORTON S2003 MOTOR/GEARBOX RD RB,EA,1659.0,829.5,,,,RC5600-1ï¿½ï¿½
V-00819,DOM A/SW COMP OPERATOR RH RD RB,EA,1315.0,657.5,,,,R81002-401
V-00820,DOM A/SW COMP OPERATOR LH RD RB,EA,1315.0,657.5,,,,R81002-402
V-00821,DOM A/SW NON COMP OPERATOR LH RD RB,EA,889.0,444.5,,,,R81001-402
V-00822,DOM A/SW NON COMP OPERATOR RH RD RB,EA,889.0,444.5,,,,R81001-401
V-00823,STANLEY MOTOR (TELESCOPIC) RD RB,EA,788.0,394.0,,,,
V-00825,KM 3000 LHO SMSQ RD RB,EA,1049.0,524.5,,,,
V-00826,KM 3000 RHO SMSQ RD RB,EA,1049.0,524.5,,,,
V-00827,SWINGMASTER 405 OPERATOR LH RD RB,EA,1000.0,500.0,,,,R30-10-108L
V-00828,SWINGMASTER 405 OPERATOR RH RD RB,EA,1000.0,500.0,,,,R30-10-108R
V-00829,BESAM POWERSWING OPERATOR RD RB,EA,1655.0,827.5,,,,173721R
V-00830,SWINGMASTER 900 OHC RD RB,EA,1401.0,700.5,,,,US05-0583-12R
V-00831,SWINGMASTER 900 SM SPRING #2 RD RB,EA,1401.0,700.5,,,,US05-0583-22R
V-00832,SWINGMASTER 900 SM SPRING #1 RD RB,EA,1401.0,700.5,,,,US05-0583-21R
V-00833,SW100 OPERATOR RD RB,EA,1966.0,983.0,,,,R1003498
V-00834,HUNTER LHO OPERATOR OPEN SIDES RD RB,EA,1423.0,711.5,,,,HA/FA-8 LH
V-00835,HUNTER RHO OPERATOR OPEN SIDES RD RB,EA,1423.0,711.5,,,,HA/FA-8 RH
V-00836,SWINGMASTER 300 OPERATOR LH RD RB,EA,1000.0,500.0,,,,30-10-002
V-00837,SWINGMASTER 300 OPERATOR RH RD RB,EA,1000.0,500.0,,,,30-10-001
V-00838,HUNTER OPERATOR RH FULL CASE RD RB,EA,1606.0,803.0,,,,HA/FA-8 RH
V-00839,HUNTER OPERATOR LH FULL CASE RD RB,EA,1606.0,803.0,,,,HA/FA-8 LH
V-00840,HUNTER OPERATOR LOW PRO LH,EA,1423.0,711.5,,,,RW7-115L
V-00842,BESAM MOTOR SW200I RD RB,EA,944.0,472.0,,,,1007315
V-00843,UNISLIDE MOTOR/GEAR BOX RD RB,EA,1859.0,929.5,,,,550476R
V-00844,HORTON 4100 RO OPERATOR 14 TH RD RB,EA,970.0,485.0,,,,RC4100R14
V-00845,CLOSE SPEED MODULE RD RB,EA,125.0,62.5,,,,
V-00847,GT RH 500 OPERATOR NO CLUTCH/MOTOR RD RB,EA,661.0,330.5,,,,24-10920-02-R
V-00848,SM MP OPERATOR OHC RD RB,EA,1195.0,597.5,,,,3010100092
V-00849,HORTON 7100 LHO 48T RD RB,EA,915.0,457.5,,,,RC7100LO48
V-00850,HORTON 7100 RHO 48T RD RB,EA,915.0,457.5,,,,RC7100RO48
V-00851,HORTON HD MOTOR/GEARBOX RD RB,EA,2633.0,1316.5,,,,
V-00855,DOM MID SWING LH RD RB,EA,1315.0,657.5,,,,83800402
V-00856,DOM MID SWING RH RD RB,EA,1315.0,657.5,,,,83800401
V-00857,STAN DURAGLIDE TELESCOPIC RD RB,EA,1695.0,847.5,,,,
V-00858,BESAM SM MOTOR ETIK RD RB,EA,503.0,251.5,,,,
V-00859,MOTOR (LINEAR DRIVE) RD RB,EA,810.0,405.0,,,,
V-00862,GYROTECH TELESCOPIC GEARBOX RD RB,EA,1755.0,877.5,,,,
V-00863,RECORD 5100 MOTOR/GEARBOX RB,EA,907.0,453.5,,,,
V-00865,SW 200 OPERATOR RHO RB,EA,1662.0,831.0,,,,1007291RH
V-00866,SW 200 OPERATOR LHO RB,EA,1662.0,831.0,,,,
V-00867,BESAM MOTOR/GEARBOX SL500 RB,EA,1874.0,937.0,,,,
V-00868,STANLEY MAGIC SWING OHC LH W/REV RB,EA,1188.0,594.0,,,,
V-00869,STANLEY MAGIC SWING OHC RH W/REV RB,EA,1188.0,594.0,,,,
V-00870,"COVER, RAIN - OPTEX RH-IXT",EA,97.0,48.5,,,,
V-00891,"TERMINAL BLK-7P, DINKLE EC350V-07P 8-14",EA,6.3,3.15,,,,
V-00896,"SWITCH, BUTTON - EMERGENCY STOP",EA,204.0,102.0,,,,
V-00897,"ISOLATOR,RUBBER,DS150/VS150",EA,10.2,5.1,,,,
V-00900,"""CONTROLLER, OPUS - REBUILD""",EA,442.0,221.0,,,,M-01546
V-00901,"MODULE,BLUETOOTH,UG-A12 (w/o USB DONGLE)",EA,294.0,147.0,,,,
V-00902,"ADAPTER,BLUETOOTH,USB",EA,62.0,31.0,,,,
V-00904,"CABLE,BLUETOOTH MODULE,500mm",EA,234.0,117.0,,,,
V-00905,"CABLE,OPUS TO BLUETOOTH MODULE,1000mm",EA,33.0,16.5,,,,
V-00912,"COVER,RAIN,ACUZONE T SENSOR",EA,251.0,125.5,,,,
V-00914,"OPERATOR,VS-150",EA,964.0,482.0,,,,
V-00915,"PULLEY,IDLER,VS-150",EA,18.0,9.0,,,,
V-00916,"CLIP,BELT,""S8M"" PROFILE",EA,3.32,1.66,,,,
V-00917,"BELT,TIMING,S8M X 12mm WIDE",IN,0.45,0.23,,,,
V-00918,"CABLE,ADAPTER,U30,100mm",EA,71.0,35.5,,,,
V-00920,"CASE,NET-HT KIT",EA,68.0,34.0,,,,
V-00949,"TOUCHLESS SWITCH,BEA #10MS11S,STAINLESS",EA,588.0,294.0,,,,
V-00950,"TOUCHLESS SWITCH,BEA #10MS11D,STAINLESS",EA,643.0,321.5,,,,
V-00954,"""TOUCHLESS SWITCH,HOTRON CLEARWAVE""",EA,432.0,216.0,,,,
V-00960,"OPERATOR,SWING,NH",EA,739.0,369.5,,,,
V-00963,"LOCTITE,THREADLOCKER,242,.06FLOZ CAPSULE",EA,5.8,2.9,,,,
V-00964,"FILTER,FERRITE,310OHM@100MHZ,6.6MM ID",EA,5.2,2.6,,,,
V-00968,"RELAY,ISOLATION,12VDC/24VDC",EA,41.0,20.5,,,,
V-00979,"PACKING,THREE-SIDED JAMB,NAX",EA,50.0,25.0,,,,
V-00988-10,"HANGER,DOOR,NAX,LEAD",EA,666.0,333.0,,,,
V-00988-20,"HANGER,DOOR,NAX,TRAIL",EA,666.0,333.0,,,,
V-00998,"SENSOR,BEA,ULTIMO",EA,601.0,300.5,,,,
V-00999,"COVER,SENSOR,BEA,ULTIMO",EA,136.0,68.0,,,,
V-01001,"PULLEY, TIMING VS-150",EA,13.6,6.8,,,,
V-01006-10,"ARM,DOOR CLOSER,LCN,ADJUSTABLE,AL,RH",EA,196.0,98.0,,,,
V-01006-20,"ARM,DOOR CLOSER,LCN,ADJUSTABLE,AL,LH",EA,196.0,98.0,,,,
V-01012-10,"RECEIVER,SPRING MECH.,NAX,OPUS/VS-150,RH",EA,333.0,166.5,,,,
V-01012-20,"RECEIVER,SPRING MECH.,NAX,OPUS/VS-150,LH",EA,333.0,166.5,,,,
V-01016,"SENSOR,ACUSENSOR C",EA,433.0,216.5,,,,
V-60766,"GLASS STOP W/ VINYL, TOP, BEVELED, 204",IN,1.84,0.92,,,,
V-60767,"GLASS STOP W/ VINYL, BASE, BEVELED, 204",IN,1.84,0.92,,,,
V-70014,"COVER,MS LOCK,W/ CUTOUT,313",EA,8.2,4.1,,,,24-0565-12
V-70017,"EXIT INDICATOR,STANDARD,313",EA,147.0,73.5,,,,12-1400-04
V-70018,"EXIT INDICATOR,INVERTED,313",EA,147.0,73.5,,,,12-1400-02
V-70069,"LOCK,PANIC,ADAMS-RITE G86,313",EA,788.0,394.0,,,,24-14072-02
V-70071,"ESCUTCHEON, ADAMS-RITE #8651, 313 FINISH",EA,51.0,25.5,,,,14-14073-02
V-70088,"PUSHBAR,ADAMS RITE 8600,30 IN,313",EA,849.0,424.5,,,,24-3603-02
V-70096,"COVER,MS LOCK,W/O CUTOUT,313",EA,10.3,5.15,,,,24-0565-22
V-70113,"FLUSHBOLT,5/8"" THROW,1/8"" OFFSET,313",EA,76.0,38.0,,,,24-5504-02
V-70116,"CYLINDER,LOCK,THUMBTURN,313",EA,65.0,32.5,,,,22-0090-02
V-70123,"CYLINDER,LOCK,KEYED,313",EA,71.0,35.5,,,,22-4495-02
V-70131,"TUBING, PE - THREADED ROD COVER, 313",EA,3.23,1.62,,,,14-8897-02
V-70165,"HOUSING,SFIC,7 PIN, A/R CAM,DARK BRONZE",EA,139.0,69.5,,,,14-11541-42
V-70166,"SECURITY COLLAR,LOCK,313",EA,47.0,23.5,,,,14-11541-52
V-70177,"DOOR PULL,RECESSED,313,ADAMS RITE",EA,125.0,62.5,,,,14-3437-02
V-70180,"HANDLE,LOCK,ADAMS-RITE 4550,RH,313",EA,411.0,205.5,,,,14-10587-12
V-70185,"CYLINDER,LOCK,DUMMY,313",EA,12.0,6.0,,,,14-11739-12
V-70186,"RING,CYLINDER,.157 TALL,313",EA,4.42,2.21,,,,
V-70196,"STRIKE,ARMORED,ADAMS-RITE 4002,313",EA,281.0,140.5,,,,24-10602-02
V-70199,"EXIT DEVICE,ADAMS-RITE F86,313",EA,1362.0,681.0,,,,14-11901-02
V-70201,"ESCUTCHEON,ADAMS-RITE #8650,313",EA,113.0,56.5,,,,14-3604-02
V-70203,"ESCUTCHEON,CYLINDER,313",EA,41.0,20.5,,,,14-5759-02
V-70222,"HANDLE,LOCK,ADAMS-RITE 4550,LH,313",EA,411.0,205.5,,,,14-10587-22
V-70235,"LOCK,PANIC,PADDLE,JACKSON,LH,313",EA,816.0,408.0,,,,14-5758-02
V-70239,"LOCK,PANIC,PADDLE,JACKSON,RH,313",EA,757.0,378.5,,,,14-5757-02
V-70250,"PUSHBAR,ADAMS RITE 8600,48 IN,313",EA,843.0,421.5,,,,24-3603-48-02
V-70254,"PUSHBAR,ADAMS RITE 8600,42 IN,313",EA,843.0,421.5,,,,24-3603-42-02
V-70353,"BOLLARD,6 SQR X 42 TALL,36 PREP.313",EA,817.0,408.5,,,,14-14331-02
V-70382,"PUSHBAR,ADAMS RITE 8600,36 IN,313",EA,766.0,383.0,,,,24-3603-36-02
V-80116,"""CYLINDER,LOCK,THUMBTURN,BLK""",EA,65.0,32.5,,,,
V-00526,Noise Filter for 120 VAC Power Circuit helps to prevent interference with other sensitive electrical systems.,EA,,,Modules & Decals,,OCR-derived; net = 50% of list (NABCO standard),
A-01043,"Card Reader Harness Assy. inables activation of GT1175 with U30 control with software revisions A to C ir ny rocker switch position except ""OFF"" U3O controls rev D and higher do not require this harness.",EA,,,Modules & Decals,,OCR-derived; net = 50% of list (NABCO standard),
C-00073,"Decal, Front side - ""Do not Enter"", back side - Arrow with adhesive Diameter = 6.0""",EA,6.7,3.35,Modules & Decals,,OCR-derived; net = 50% of list (NABCO standard),
C-00072,"Decal, Front side - Arrow, back side - ""Do not Enter"" with adhesive Diameter = 6.0""",EA,6.7,3.35,Modules & Decals,,OCR-derived; net = 50% of list (NABCO standard),
C-00146,"Decal, Front side - Arrow, back side - white bar on red background with adhesive Canadian Diameter = 6.0""",EA,18.0,9.0,Modules & Decals,,OCR-derived; net = 50% of list (NABCO standard),
C-00079,"Decal, Front side - white bar on red background, back side - Arrow with adhesive Canadian Diameter = 6.0""",EA,18.0,9.0,Modules & Decals,,OCR-derived; net = 50% of list (NABCO standard),
C-00075,"Two sided decal with wording on both sides. Diameter = 6.5""",EA,6.7,3.35,Modules & Decals,,OCR-derived; net = 50% of list (NABCO standard),
14-9842,"Decal, Handicap Logo, Round, Double Sided",EA,,,Modules & Decals,,OCR-derived; net = 50% of list (NABCO standard),
C-00137,"Decal, Handicap Logo, Square, Double Sided",EA,6.0,3.0,Modules & Decals,,OCR-derived; net = 50% of list (NABCO standard),
14-8701,"Decal, ""AUTOMATIC DOOR"". ""PUSH DOOR TO OPERATE"", Single Sided",EA,,,Modules & Decals,,OCR-derived; net = 50% of list (NABCO standard),
C-00081,"Decal, Combination ""CAUTION AUTOMATIC DOOR/ACTIVATE SWITCH TO OPERATE"" Double Sided",EA,9.7,4.85,Modules & Decals,,OCR-derived; net = 50% of list (NABCO standard),
C-00148,"Decal, ""PUSH TO OPERATE"", Single Sided",EA,12.6,6.3,Modules & Decals,,OCR-derived; net = 50% of list (NABCO standard),
C-00149,"Decal, ""PULL TO OPERATE"", Single Sided",EA,12.6,6.3,Modules & Decals,,OCR-derived; net = 50% of list (NABCO standard),
C-00064,"Decal, Swing Door Safety Information Sticker",EA,7.6,3.8,Modules & Decals,,OCR-derived; net = 50% of list (NABCO standard),
C-00065,"Decal, Sliding Door Safety Information Sticker",EA,7.6,3.8,Modules & Decals,,OCR-derived; net = 50% of list (NABCO standard),
C-00158,"Decal, Folding Door Safety Information Sticker",EA,7.6,3.8,Modules & Decals,,OCR-derived; net = 50% of list (NABCO standard),
C-00080,"Decal, Low Energy Swing Door Safety Information Sticker",EA,7.6,3.8,Modules & Decals,,OCR-derived; net = 50% of list (NABCO standard),
C-00078,"Decal, ""AUTOMATIC SLIDING DOOR"", Two sided with wording on both sides. Overall size = 3.125"" × 12.25""",EA,10.6,5.3,Modules & Decals,,OCR-derived; net = 50% of list (NABCO standard),
C-00190,"Decal, Two sided, International Overall size = 3.125"" x 12.25""",EA,6.2,3.1,Modules & Decals,,OCR-derived; net = 50% of list (NABCO standard),
C-00076,"Decal, ""IN EMERGENCY PUSH TO OPEN"", One sided, Overall size = 1.75"" x 12.0""",EA,6.7,3.35,Modules & Decals,,OCR-derived; net = 50% of list (NABCO standard),
C-00077,"Decal, ""CAUTION STAND CLEAR"", One sided, Overall size = 1.75' x 9.5""",EA,6.7,3.35,Modules & Decals,,OCR-derived; net = 50% of list (NABCO standard),
C-00118,"Decal, ""CAUTION STAND CLEAR"", Two sided with wording on both sides. Overall size = 3.0"" x 11.0""",EA,51.0,25.5,Modules & Decals,,OCR-derived; net = 50% of list (NABCO standard),
C-00191,"Template,Jamb Drilling, One Sided For mounting GT300 Swing Door OHC Bottom Load Headers",EA,,,Modules & Decals,,OCR-derived; net = 50% of list (NABCO standard),
