vr_id,vendor_id,vr_productcode,vr_minqty,vr_maxqty,vr_price,vr_partno,vr_deactivate_until,lastmodified,lastmodby
"2379","44","0021000411","1","",".0100","0021000411","","2025-04-10 11:47:00","1"
"2380","44","0021000421","1","",".0100","0021000421","","2025-04-10 11:47:00","1"
"2375","44","0021000511","1","",".0100","0021000511","","2025-04-10 11:47:00","1"
"2377","44","0021000521","1","",".0100","0021000521","","2025-04-10 11:47:00","1"
"2381","44","0021000611","1","",".0100","0021000611","","2025-04-10 11:47:00","1"
"2382","44","0021000621","1","",".0100","0021000621","","2025-04-10 11:47:00","1"
"2300","44","0021000711","1","",".0100","0021000711","","2025-04-10 11:47:00","1"
"2376","44","0021000721","1","",".0100","0021000721","","2025-04-10 11:47:00","1"
"2403","44","0021000811","1","",".0100","0021000811","","2025-04-10 11:47:00","1"
"2402","44","0021000821","1","",".0100","0021000821","","2025-04-10 11:47:00","1"
"2400","44","0021000911","1","",".0100","0021000911","","2025-04-10 11:47:00","1"
"2401","44","0021000921","1","",".0100","0021000921","","2025-04-10 11:47:00","1"
"2392","44","0021001011","1","",".0100","0021001011","","2025-04-10 11:47:00","1"
"2391","44","0021001021","1","",".0100","0021001021","","2025-04-10 11:47:00","1"
"2393","44","0021001111","1","",".0100","0021001111","","2025-04-10 11:47:00","1"
"2394","44","0021001121","1","",".0100","0021001121","","2025-04-10 11:47:00","1"
"2389","44","0021001211","1","",".0100","0021001211","","2025-04-10 11:47:00","1"
"2390","44","0021001221","1","",".0100","0021001221","","2025-04-10 11:47:00","1"
"2412","44","0021001411","1","","399.6000","0021001411","","2025-04-10 11:47:00","1"
"2413","44","0021001421","1","",".0100","0021001421","","2025-04-10 11:47:00","1"
"2411","44","0021001511","1","",".0100","0021001511","","2025-04-10 11:47:00","1"
"3559","44","0021001611","1","",".0100","0021001611","","2025-04-10 11:47:00","1"
"2295","44","0021002411","1","",".0100","0021002411","","2025-04-10 11:47:00","1"
"2449","44","0021002421","1","",".0100","0021002421","","2025-04-10 11:47:00","1"
"2294","44","0021002811","1","",".0100","0021002811","","2025-04-10 11:47:00","1"
"2448","44","0021002821","1","",".0100","0021002821","","2025-04-10 11:47:00","1"
"2420","44","0021003211","1","",".0100","0021003211","","2025-04-10 11:47:00","1"
"2419","44","0021003221","1","",".0100","0021003221","","2025-04-10 11:47:00","1"
"2293","44","0021003611","1","",".0100","0021003611","","2025-04-10 11:47:00","1"
"2447","44","0021003621","1","",".0100","0021003621","","2025-04-10 11:47:00","1"
"2385","44","0021003811","1","",".0100","0021003811","","2025-04-10 11:47:00","1"
"2386","44","0021003821","1","",".0100","0021003821","","2025-04-10 11:47:00","1"
"2388","44","0021003911","1","",".0100","0021003911","","2025-04-10 11:47:00","1"
"2387","44","0021003921","1","",".0100","0021003921","","2025-04-10 11:47:00","1"
"2452","44","0021004211","1","",".0100","0021004211","","2025-04-10 11:47:00","1"
"2453","44","0021004221","1","",".0100","0021004221","","2025-04-10 11:47:00","1"
"2269","44","0021004511","1","",".0100","0021004511","","2025-04-10 11:47:00","1"
"2288","44","0021004521","1","",".0100","0021004521","","2025-04-10 11:47:00","1"
"2287","44","0021004611","1","",".0100","0021004611","","2025-04-10 11:47:00","1"
"2289","44","0021004621","1","",".0100","0021004621","","2025-04-10 11:47:00","1"
"2384","44","0021004711","1","",".0100","0021004711","","2025-04-10 11:47:00","1"
"2383","44","0021004721","1","",".0100","0021004721","","2025-04-10 11:47:00","1"
"2405","44","0021004821","1","",".0100","0021004821","","2025-04-10 11:47:00","1"
"2407","44","0021004911","1","",".0100","0021004911","","2025-04-10 11:47:00","1"
"2406","44","0021004921","1","",".0100","0021004921","","2025-04-10 11:47:00","1"
"2284","44","0021005311","1","",".0100","0021005311","","2025-04-10 11:47:00","1"
"2290","44","0021005321","1","",".0100","0021005321","","2025-04-10 11:47:00","1"
"2286","44","0021005411","1","",".0100","0021005411","","2025-04-10 11:47:00","1"
"2291","44","0021005421","1","",".0100","0021005421","","2025-04-10 11:47:00","1"
"2416","44","0021043711","1","",".0100","0021043711","","2025-04-10 11:47:00","1"
"2417","44","0021043721","1","",".0100","0021043721","","2025-04-10 11:47:00","1"
"2451","44","0021050211","1","",".0100","0021050211","","2025-04-10 11:47:00","1"
"2450","44","0021050221","1","",".0100","0021050221","","2025-04-10 11:47:00","1"
"2424","44","00210754711","1","",".0100","0021075411","","2025-04-10 11:47:00","1"
"2423","44","00210754721","1","",".0100","0021075421","","2025-04-10 11:47:00","1"
"2285","44","0021140711","1","",".0100","0021140711","","2025-04-10 11:47:00","1"
"2292","44","0021140721","1","",".0100","0021140721","","2025-04-10 11:47:00","1"
"2434","44","0021151111","1","",".0100","0021151111","","2025-04-10 11:47:00","1"
"2435","44","0021151121","1","",".0100","0021151121","","2025-04-10 11:47:00","1"
"2330","44","0021158300","1","",".0100","0021158300","","2025-04-10 11:47:00","1"
"2491","44","0021158313","1","",".0100","0021158313","","2025-04-10 11:47:00","1"
"2329","44","0021158413","1","",".0100","0021158413","","2025-04-10 11:47:00","1"
"2492","44","0021163613","1","",".0100","0021163613","","2025-04-10 11:47:00","1"
"2331","44","0021163713","1","",".0100","0021163713","","2025-04-10 11:47:00","1"
"2301","44","0021171411","1","",".0100","0021171411","","2025-04-10 11:47:00","1"
"2418","44","0021171421","1","",".0100","0021171421","","2025-04-10 11:47:00","1"
"2352","44","0021203313","1","",".0100","0021203313","","2025-04-10 11:47:00","1"
"2354","44","0021203413","1","",".0100","0021203413","","2025-04-10 11:47:00","1"
"2353","44","0021203513","1","",".0100","0021203513","","2025-04-10 11:47:00","1"
"2355","44","0021203613","1","",".0100","0021203613","","2025-04-10 11:47:00","1"
"2333","44","0021231000","1","",".0100","0021231000","","2025-04-10 11:47:00","1"
"2332","44","0021231113","1","",".0100","0021231113","","2025-04-10 11:47:00","1"
"2421","44","0021294711","1","",".0100","0021294711","","2025-04-10 11:47:00","1"
"2422","44","0021294721","1","",".0100","0021294721","","2025-04-10 11:47:00","1"
"2310","44","0021439800","1","",".0100","0021439800","","2025-04-10 11:47:00","1"
"2311","44","0021439813","1","",".0100","0021439813","","2025-04-10 11:47:00","1"
"2319","44","0021439900","1","",".0100","0021439900","","2025-04-10 11:47:00","1"
"2318","44","0021439913","1","",".0100","0021439913","","2025-04-10 11:47:00","1"
"2321","44","0021440000","1","",".0100","0021440000","","2025-04-10 11:47:00","1"
"2483","44","0021440013","1","",".0100","0021440013","","2025-04-10 11:47:00","1"
"2484","44","0021440100","1","",".0100","0021440100","","2025-04-10 11:47:00","1"
"2322","44","0021440113","1","",".0100","0021440113","","2025-04-10 11:47:00","1"
"2324","44","0021440200","1","",".0100","0021440200","","2025-04-10 11:47:00","1"
"2485","44","0021440213","1","",".0100","0021440213","","2025-04-10 11:47:00","1"
"2486","44","0021440300","1","",".0100","0021440300","","2025-04-10 11:47:00","1"
"2323","44","0021440313","1","",".0100","0021440313","","2025-04-10 11:47:00","1"
"2325","44","0021440400","1","",".0100","0021440400","","2025-04-10 11:47:00","1"
"2487","44","0021440413","1","",".0100","0021440413","","2025-04-10 11:47:00","1"
"2488","44","0021440500","1","",".0100","0021440500","","2025-04-10 11:47:00","1"
"2326","44","0021440513","1","",".0100","0021440513","","2025-04-10 11:47:00","1"
"2327","44","0021440600","1","",".0100","0021440600","","2025-04-10 11:47:00","1"
"2489","44","0021440613","1","",".0100","0021440613","","2025-04-10 11:47:00","1"
"2490","44","0021440700","1","",".0100","0021440700","","2025-04-10 11:47:00","1"
"2328","44","0021440713","1","",".0100","0021440713","","2025-04-10 11:47:00","1"
"2415","44","0021475411","1","",".0100","0021475411","","2025-04-10 11:47:00","1"
"2414","44","0021475421","1","",".0100","0021475421","","2025-04-10 11:47:00","1"
"2356","44","0021623013","1","",".0100","0021623013","","2025-04-10 11:47:00","1"
"2342","44","0021626000","1","",".0100","0021626000","","2025-04-10 11:47:00","1"
"2340","44","0021626013","1","",".0100","0021626013","","2025-04-10 11:47:00","1"
"2351","44","0021638700","1","",".0100","0021638700","","2025-04-10 11:47:00","1"
"2350","44","0021638713","1","",".0100","0021638713","","2025-04-10 11:47:00","1"
"2357","44","0021662713","1","",".0100","0021662713","","2025-04-10 11:47:00","1"
"2338","44","0021906900","1","",".0100","0021906900","","2025-04-10 11:47:00","1"
"2339","44","0021906913","1","",".0100","0021906913","","2025-04-10 11:47:00","1"
"2316","44","0021943900","1","",".0100","0021943900","","2025-04-10 11:47:00","1"
"2317","44","0021943913","1","",".0100","0021943913","","2025-04-10 11:47:00","1"
"2337","44","0021972400","1","",".0100","0021972400","","2025-04-10 11:47:00","1"
"2336","44","0021972413","1","",".0100","0021972413","","2025-04-10 11:47:00","1"
"2314","44","0021999500","1","",".0100","0021999500","","2025-04-10 11:47:00","1"
"2315","44","0021999513","1","",".0100","0021999513","","2025-04-10 11:47:00","1"
"2348","44","0022084400","1","",".0100","0022084400","","2025-04-10 11:47:00","1"
"2349","44","0022084413","1","",".0100","0022084413","","2025-04-10 11:47:00","1"
"2334","44","0022184300","1","",".0100","0022184300","","2025-04-10 11:47:00","1"
"2335","44","0022184313","1","",".0100","0022184313","","2025-04-10 11:47:00","1"
"2306","44","0022212600","1","",".0100","0022212600","","2025-04-10 11:47:00","1"
"2307","44","0022212613","1","",".0100","0022212613","","2025-04-10 11:47:00","1"
"2304","44","0022542300","1","",".0100","0022542300","","2025-04-10 11:47:00","1"
"2305","44","0022542313","1","",".0100","0022542313","","2025-04-10 11:47:00","1"
"2309","44","0022771300","1","",".0100","0022771300","","2025-04-10 11:47:00","1"
"2308","44","0022771313","1","",".0100","0022771313","","2025-04-10 11:47:00","1"
"2456","44","0022846711","1","",".0100","0022846711","","2025-04-10 11:47:00","1"
"2455","44","0022846721","1","",".0100","0022846721","","2025-04-10 11:47:00","1"
"2461","44","0022846911","1","",".0100","0022846911","","2025-04-10 11:47:00","1"
"2462","44","0022846921","1","",".0100","0022846921","","2025-04-10 11:47:00","1"
"2302","44","0022978711","1","",".0100","0022978711","","2025-04-10 11:47:00","1"
"2425","44","0022978721","1","",".0100","0022978721","","2025-04-10 11:47:00","1"
"2313","44","0023070700","1","",".0100","0023070700","","2025-04-10 11:47:00","1"
"2312","44","0023070713","1","",".0100","0023070713","","2025-04-10 11:47:00","1"
"2347","44","0023084500","1","",".0100","0023084500","","2025-04-10 11:47:00","1"
"2346","44","0023084513","1","",".0100","0023084513","","2025-04-10 11:47:00","1"
"2443","44","0023091911","1","",".0100","0023091911","","2025-04-10 11:47:00","1"
"2444","44","0023091921","1","",".0100","0023091921","","2025-04-10 11:47:00","1"
"2428","44","0023098611","1","",".0100","0023089611","","2025-04-10 11:47:00","1"
"2429","44","0023098621","1","",".0100","0023089621","","2025-04-10 11:47:00","1"
"2298","44","0023126211","1","",".0100","0023126211","","2025-04-10 11:47:00","1"
"2440","44","0023126221","1","",".0100","0023126221","","2025-04-10 11:47:00","1"
"2446","44","0023193211","1","",".0100","0023193211","","2025-04-10 11:47:00","1"
"2445","44","0023193221","1","",".0100","0023193221","","2025-04-10 11:47:00","1"
"2427","44","0023193311","1","",".0100","0023193311","","2025-04-10 11:47:00","1"
"2426","44","0023193321","1","",".0100","0023193321","","2025-04-10 11:47:00","1"
"2344","44","0023200700","1","",".0100","0023200700","","2025-04-10 11:47:00","1"
"2343","44","0023200713","1","",".0100","0023200713","","2025-04-10 11:47:00","1"
"2433","44","0023236711","1","",".0100","0023236711","","2025-04-10 11:47:00","1"
"2432","44","0023236721","1","",".0100","0023236721","","2025-04-10 11:47:00","1"
"2297","44","0023236811","1","",".0100","0023236811","","2025-04-10 11:47:00","1"
"2431","44","0023236821","1","",".0100","0023236821","","2025-04-10 11:47:00","1"
"2438","44","0023236911","1","",".0100","0023236911","","2025-04-10 11:47:00","1"
"2439","44","0023236921","1","",".0100","0023236921","","2025-04-10 11:47:00","1"
"2437","44","0023237011","1","",".0100","0023237011","","2025-04-10 11:47:00","1"
"2436","44","0023237021","1","",".0100","0023237021","","2025-04-10 11:47:00","1"
"2296","44","0023244311","1","",".0100","0023244311","","2025-04-10 11:47:00","1"
"2454","44","0023244321","1","",".0100","0023244321","","2025-04-10 11:47:00","1"
"2457","44","0023244511","1","",".0100","0023244511","","2025-04-10 11:47:00","1"
"2458","44","0023244521","1","",".0100","0023244521","","2025-04-10 11:47:00","1"
"2460","44","0023244611","1","",".0100","0023244611","","2025-04-10 11:47:00","1"
"2459","44","0023244621","1","",".0100","0023244621","","2025-04-10 11:47:00","1"
"2358","44","0033801913","1","",".0100","0033801913","","2025-04-10 11:47:00","1"
"4166","11","0345339W","1","","72.5400","0345339-W Lockmasters","","",""
"2378","11","04-02-654509","1","","3646.0000","04-02-654509 -#841-NEW","","2025-04-10 11:47:00","1"
"1723","11","04-02-692064","1","",".0100","04-02-692064","","2025-04-10 11:47:00","1"
"1722","11","04-02-692065","1","",".0100","04-02-692065","","2025-04-10 11:47:00","1"
"2","100","04-03-544958","1","",".0100","04-03-544958","","2025-04-10 11:47:00","1"
"3","100","04-03-654423","1","",".0100","04-03-654423","","2025-04-10 11:47:00","1"
"3618","55","04-15-548377","1","","293.2500","04-15-548377 -#1359","","2025-04-10 11:47:00","1"
"3215","55","04-15-548731","1","","37.8300","04-15-548731 -#1181","","2025-04-10 11:47:00","1"
"3141","55","04-15-832376","1","","60.7800","04-15-832376 -#766","","2025-04-10 11:47:00","1"
"3187","55","04-15-832440","1","","24.1100","04-15-832440 -#767","","2025-04-10 11:47:00","1"
"7","100","04-20-548722","1","",".0100","04-20-548722","","2025-04-10 11:47:00","1"
"8","100","04-20-548723","1","",".0100","04-20-548723","","2025-04-10 11:47:00","1"
"2610","55","04-20-735251","1","","7.6800","04-20-735251 -#1060 (# of FEET","","2025-04-10 11:47:00","1"
"3675","55","04-21-701239-08","1","","74.8000","04-21-701239-08 - 8ft. -#1032","","2025-04-10 11:47:00","1"
"3676","55","04-21-701239-16","1","","149.6000","04-21-701239-16 - 16ft. -#1032","","2025-04-10 11:47:00","1"
"4162","11","0635306-02","1","","44.1500","0635306-02","","",""
"4164","11","0635306-03","1","","44.1500","0635306-03","","",""
"4163","11","0635306-05","1","","44.1500"," 0635306-05","","",""
"4161","11","0635306-06","1","","44.1500","0635306-06","","",""
"989","100","10-1-0R","1","",".0100","10-1-0R","","2025-04-10 11:47:00","1"
"2088","100","10-1-24P","1","",".0100","10-1-24P","","2025-04-10 11:47:00","1"
"2089","100","10-1-24S","1","",".0100","10-1-24S","","2025-04-10 11:47:00","1"
"12","100","10-20-001","1","",".0100","10-20-001","","2025-04-10 11:47:00","1"
"991","100","10-FLG-100L","1","",".0100","10-FLG-100L","","2025-04-10 11:47:00","1"
"992","100","10-FLG-100R","1","",".0100","10-FLG-100R","","2025-04-10 11:47:00","1"
"2618","33","10.1311","1","","12.9800","10.1311","","2025-04-10 11:47:00","1"
"3635","55","1000062","1","","6.8000","1000062 -#1564","","2025-04-10 11:47:00","1"
"14","100","1000182","1","",".0100","1000182","","2025-04-10 11:47:00","1"
"15","100","1000290","1","",".0100","1000290","","2025-04-10 11:47:00","1"
"1550","11","1000459","1","","470.0000","314321 -#1763","","2025-04-10 11:47:00","1"
"1551","11","1000459KIT","1","","630.0000","314321KIT -#1763-#1764","","2025-04-10 11:47:00","1"
"16","100","1000595","1","",".0100","1000595","","2025-04-10 11:47:00","1"
"17","100","1001180","1","",".0100","1001180","","2025-04-10 11:47:00","1"
"2221","11","1003532","1","","805.5800","1003532 -#Call Rodney","","2025-04-10 11:47:00","1"
"1553","100","1003582","1","",".0100","1003582","","2025-04-10 11:47:00","1"
"3053","55","1006223","1","","35.7000","1006223 -#1597","","2025-04-10 11:47:00","1"
"1636","100","1006512","1","",".0100","1006512","","2025-04-10 11:47:00","1"
"19","100","1006804","1","",".0100","1006804","","2025-04-10 11:47:00","1"
"3826","11","1006CLB-630","1","","377.5000","1006CLB-630 -SECLK/LKMSTRS","","2025-04-10 11:47:00","1"
"3104","11","1007035","1","","1623.0000","1007035 -#0 (NEW)","","2025-04-10 11:47:00","1"
"3557","55","1007049","1","","4.2500","1007049 -#1596","","2025-04-10 11:47:00","1"
"2994","55","1007118","1","","139.8300","1007118 -#1606","","2025-04-10 11:47:00","1"
"2506","55","1007241BK","1","","317.9000","1007241BLK-#1400B","","2026-04-15 16:26:00","1"
"2505","55","1007241SL","1","","317.9000","1007241SLVR-#1400S","","2026-04-15 16:26:00","1"
"3636","55","1007247BK","1","","343.4000","1007247BK -#1609RB","","2025-04-10 11:47:00","1"
"2814","55","1007251BK","1","","283.0500","1007251BK -1608B","","2025-04-10 11:47:00","1"
"3637","55","1007251SL","1","","283.0500","1007251SL -#1608S","","2025-04-10 11:47:00","1"
"22","100","1007353","1","",".0100","1007353","","2025-04-10 11:47:00","1"
"23","100","1007364","1","",".0100","1007364","","2025-04-10 11:47:00","1"
"4024","55","1007365","1","","11.9000","1007365 -#1976","","",""
"3638","55","1007476BK","1","","343.4000","1007476BK -#1609LB","","2025-04-10 11:47:00","1"
"2788","11","1007773","1","","974.0000","1007773 -#1602","","2025-04-10 11:47:00","1"
"25","100","1008094","1","",".0100","1008094","","2025-04-10 11:47:00","1"
"3736","55","1008112","1","","20.4000","1008112 -#2009","","2025-04-10 11:47:00","1"
"2798","11","1008147","1","","280.3900","1008147 -#1601","","2025-04-10 11:47:00","1"
"3913","55","1008167","1","","453.0500","1008167 -#1600","","2025-04-10 11:47:00","1"
"28","100","1008287","1","",".0100","1008287","","2025-04-10 11:47:00","1"
"3914","55","1008354","1","","453.0500","1008354 -#1599","","2025-04-10 11:47:00","1"
"3639","55","1008396BK","1","","45.0500","1008396BK -#1588","","2025-04-10 11:47:00","1"
"3640","55","1008398BK","1","","60.3500","1008398BK -#1589","","2025-04-10 11:47:00","1"
"3771","55","1008400BK","1","","80.7500","1008400BK -#1590","","2025-04-10 11:47:00","1"
"1276","100","1008400SI","1","",".0100","1008400SI","","2025-04-10 11:47:00","1"
"30","100","1008415","1","",".0100","1008415","","2025-04-10 11:47:00","1"
"31","100","1008416","1","",".0100","1008416","","2025-04-10 11:47:00","1"
"4040","100","1008425","1","","505.8000","1008425","","",""
"2002","100","1008450","1","",".0100","1008450","","2025-04-10 11:47:00","1"
"2003","100","1008451","1","",".0100","1008451","","2025-04-10 11:47:00","1"
"32","100","1008492","1","",".0100","1008492","","2025-04-10 11:47:00","1"
"33","100","1008493","1","",".0100","1008493","","2025-04-10 11:47:00","1"
"3453","55","1009132BK","1","","20.5500","1009132BK -#0","","2025-04-10 11:47:00","1"
"3456","55","1009132SI","1","","20.5500","1009132SI -#0","","2025-04-10 11:47:00","1"
"3111","11","1009162","1","","53.3300","1009162 -ADDISON","","2025-04-10 11:47:00","1"
"34","100","1009163","1","",".0100","1009163","","2025-04-10 11:47:00","1"
"1255","100","1009330-LLBK-4","1","",".0100","1009330-LLBK-4ft.","","2025-04-10 11:47:00","1"
"1256","100","1009330-LLBK-8","1","",".0100","1009330-LLBK-8ft.","","2025-04-10 11:47:00","1"
"35","100","1009340","1","",".0100","1009340","","2025-04-10 11:47:00","1"
"36","100","1009341","1","",".0100","1009341","","2025-04-10 11:47:00","1"
"1565","100","1009345","1","",".0100","1009345","","2025-04-10 11:47:00","1"
"3454","55","1009450BK","1","","40.0500","1009450BK -#0","","2025-04-10 11:47:00","1"
"3455","55","1009450SI","1","","40.0500","1009450SI -#0","","2025-04-10 11:47:00","1"
"37","100","1009488","1","",".0100","1009488","","2025-04-10 11:47:00","1"
"3571","55","1009537","1","","810.3300","1009537 -#1953","","2025-04-10 11:47:00","1"
"3884","55","1009960","1","","32.3000","1009960 -#1942","","2025-04-10 11:47:00","1"
"993","100","1009CL","1","",".0100","1009CL","","2025-04-10 11:47:00","1"
"994","100","1009DB-4ft","1","",".0100","1009DB-4FT","","2025-04-10 11:47:00","1"
"1871","100","1009DB-8ft","1","",".0100","1009DB-8ft","","2025-04-10 11:47:00","1"
"38","100","1010111","1","",".0100","1010111","","2025-04-10 11:47:00","1"
"39","100","1010115","1","",".0100","1010115","","2025-04-10 11:47:00","1"
"40","100","1010116","1","",".0100","1010116","","2025-04-10 11:47:00","1"
"1278","100","1010337","1","",".0100","1010337","","2025-04-10 11:47:00","1"
"41","100","1010762","1","",".0100","1010762","","2025-04-10 11:47:00","1"
"2892","55","1010786","1","","232.0500","1010786 -#1598","","2026-02-27 17:47:00","1"
"3512","55","1011621","1","","90.9000","1011621 -#0","","2025-04-10 11:47:00","1"
"44","100","1011681","1","",".0100","1011681","","2025-04-10 11:47:00","1"
"4023","55","1012924","1","","17.8500","1012924 -#1966","","",""
"3237","55","1012969","1","","11.5900","1012969 -#1604","","2025-04-10 11:47:00","1"
"2001","100","1012970","1","",".0100","1012970","","2025-04-10 11:47:00","1"
"2527","33","1012VAC","1","","12.9800","1012VAC","","2025-04-10 11:47:00","1"
"3341","55","1013796","1","","14.4500","1013796 -#1547-N/S","","2025-04-10 11:47:00","1"
"3471","77","1015","1","","14.0000","1015","","2025-04-10 11:47:00","1"
"48","100","10161-000","1","",".0100","10161-000","","2025-04-10 11:47:00","1"
"4050","55","102-127816013","1","","118.0000","102-127816013","","",""
"4051","55","102-127816014","1","","136.0000","102-127816014","","",""
"4052","55","102-127816016","1","","176.0000","102-127816016","","",""
"4053","55","102-127816017","1","","176.0000","102-127816017","","",""
"4054","55","102-127816028","1","","420.7500","102-127816028 -#1334","","",""
"3472","77","1020","1","","14.0000","1020","","2025-04-10 11:47:00","1"
"4085","33","1024VAC","1","","14.2100","1024VAC","","",""
"3460","11","107-0111","1","",".3500","107-0111","","2025-04-10 11:47:00","1"
"3611","88","1077","1","","144.6900","1077","","2025-04-10 11:47:00","1"
"3619","88","1089","1","","23.3700","1089","","2025-04-10 11:47:00","1"
"3579","11","1089-3930","1","","68.6400","#1089-#3930","","2025-04-10 11:47:00","1"
"3649","11","109-0033","1","","172.4100","109-0033","","2025-04-10 11:47:00","1"
"3459","11","109-0293-SK","1","","116.7100","109-0293-SK","","2025-04-10 11:47:00","1"
"3634","11","109-0328","1","","55.5000","109-0328","","2025-04-10 11:47:00","1"
"3232","33","10ACP6","1","","301.3800","10ACP6","","2025-04-10 11:47:00","1"
"3234","33","10ACP6DS","1","","307.6900","10ACP6DS","","2025-04-10 11:47:00","1"
"2242","11","10ACPBSS1","1","",".0100","10ACPBSS1","","2025-04-10 11:47:00","1"
"2112","33","10BEAMBOX","1","","346.1200","10BEAMBOX","","2025-04-10 11:47:00","1"
"2234","11","10BGQD","1","",".0100","10BGQD","","2025-04-10 11:47:00","1"
"3994","11","10BODYGUARDT","1","","207.6700","10BODYGUARDT","","",""
"1601","33","10BODYMNT","1","","19.5700","10BODYMNT","","2025-04-10 11:47:00","1"
"2184","33","10BOLLARDBLK","1","","175.1200","10BOLLARDBLK","","2025-04-10 11:47:00","1"
"2185","33","10BOLLARDBRZ","1","","175.1200","10BOLLARDBRZ","","2025-04-10 11:47:00","1"
"2186","33","10BOLLARDSLV","1","","175.1200","10BOLLARDSLV","","2025-04-10 11:47:00","1"
"2532","33","10BOX24SGSM","1","","12.8800","10BOX24SGSM","","2025-04-10 11:47:00","1"
"2765","33","10BOX45SQFM","1","",".0100","10BOX45SQFM","","2025-04-10 11:47:00","1"
"2526","33","10BOX45SQSM","1","","14.9400","10BOX45SQSM","","2025-04-10 11:47:00","1"
"4159","11","10BOX475SQSM","1","","20.6000","10BOX475SQSM","","",""
"2239","11","10BOX6RNDSM","1","",".0100","10BOX6RNDSM","","2025-04-10 11:47:00","1"
"2303","33","10BOXJAMBSM","1","","5.4100","10BOXJAMBSM","","2025-04-10 11:47:00","1"
"3631","11","10BR3-X","1","","62.3200","10BR3X","","2025-04-10 11:47:00","1"
"2228","11","10CAPKIT","1","",".0100","10CAPKIT","","2025-04-10 11:47:00","1"
"2125","33","10COLIBRI","1","","129.8000","10COLIBRI","","2025-04-10 11:47:00","1"
"3632","11","10EAGLE","1","","129.7200","10EAGLE","","2025-04-10 11:47:00","1"
"1442","33","10EAGLE1HM","1","","151.4300","10EAGLE1HM","","2025-04-10 11:47:00","1"
"4034","11","10EAGLEARTEK","1","","132.7200","10EAGLEARTEK","","",""
"2236","11","10EAGLESPACER","1","",".0100","10EAGLESPACER","","2025-04-10 11:47:00","1"
"4022","33","10ECA","1","","28.2000","10ECA","","",""
"2231","11","10EQD","1","",".0100","10EQD","","2025-04-10 11:47:00","1"
"1595","33","10ERA","1","","19.5700","10ERA","","2025-04-10 11:47:00","1"
"2243","11","10ERC","1","",".0100","10ERC","","2025-04-10 11:47:00","1"
"2129","33","10FALCON","1","","241.5600","10FALCON","","2025-04-10 11:47:00","1"
"2132","33","10FALCONEX100","1","","899.9200","10FALCONEX100","","2025-04-10 11:47:00","1"
"2907","33","10FALCONEXW100","1","",".0100","10FALCONEXW100","","2025-04-10 11:47:00","1"
"2906","33","10FALCONEXXL100","1","",".0100","10FALCONEXXL100","","2025-04-10 11:47:00","1"
"2131","33","10FALCONW","1","","251.8700","10FALCONW","","2025-04-10 11:47:00","1"
"2130","33","10FALCONXL","1","","264.5100","10FLACONXL","","2025-04-10 11:47:00","1"
"2133","33","10FLYKITB","1","","53.5700","10FLYKITB","","2025-04-10 11:47:00","1"
"2134","33","10FLYKITBERT","1","","53.5700","10FLYKITBERT","","2025-04-10 11:47:00","1"
"3197","33","10FOCUS","1","","138.0400","10FOCUS","","2025-04-10 11:47:00","1"
"2136","33","10FOCUS2","1","","138.0400","10FOCUS2","","2025-04-10 11:47:00","1"
"2241","11","10GTSSHARN","1","",".0100","10GTSSHARN","","2025-04-10 11:47:00","1"
"2616","33","10INDBRACKET","1","","103.8400","10INDBRACKET","","2025-04-10 11:47:00","1"
"1955","11","10IRA","1","","63.5000","10IRA","","2025-04-10 11:47:00","1"
"2137","33","10IS40","1","","306.5700","10IS40","","2025-04-10 11:47:00","1"
"2138","33","10IS40XL","1","","306.5700","10IS40XL","","2025-04-10 11:47:00","1"
"2054","11","10IXIO-DT1","1","","155.0000","IXIODT1","","2025-04-10 11:47:00","1"
"2245","11","10IXIO-DT1V","1","",".0100","10IXIO-DT1V","","2025-04-10 11:47:00","1"
"2139","33","10JAMBCAM","1","","231.7800","10JAMBCAM","","2025-04-10 11:47:00","1"
"2189","33","10KEYPADU","1","","79.9700","10KEYPADU","","2025-04-10 11:47:00","1"
"2190","33","10KEYPADUSL","1","","79.9700","10KEYPADUSL","","2025-04-10 11:47:00","1"
"3956","33","10LBA","1","","29.1000","10LBA","","",""
"60","100","10LE21","1","",".0100","10LE21","","2025-04-10 11:47:00","1"
"3677","11","10LO21","1","",".0100","LO21","","2025-04-10 11:47:00","1"
"3678","55","10LO21B","1","","82.0000","10LO21B","","2025-04-10 11:47:00","1"
"1590","33","10LO21K","1","","59.4900","10LO21K","","2025-04-10 11:47:00","1"
"3679","55","10LO21P","1","","82.0000","10LO21P -#661P","","2025-04-10 11:47:00","1"
"3680","55","10LO21S","1","","82.0000","10LO21S -#661S","","2025-04-10 11:47:00","1"
"3681","11","10LO21U","1","","59.4900","10LO21U","","2025-04-10 11:47:00","1"
"2183","33","10LPR36-900","1","","257.5300","10LPR36-900","","2025-04-10 11:47:00","1"
"2182","33","10LPR36HW","1","","226.6300","10LPR36HW","","2025-04-10 11:47:00","1"
"2141","33","10LZRFLATSCAN-LELB","1","","360.5400","10LZRFLATSCAN-LELB","","2025-04-10 11:47:00","1"
"2142","33","10LZRFLATSCAN-LERB","1","","360.5400","10LZRFLATSCAN-LERB","","2025-04-10 11:47:00","1"
"2140","33","10LZRFLATSCAN-SWB","1","","789.5900","10LZRFLATSCAN-SWB","","2025-04-10 11:47:00","1"
"2143","33","10LZRH100","1","","969.1400","10LZRH100","","2025-04-10 11:47:00","1"
"2144","33","10LZRI30","1","","969.1400","10LZRI30","","2025-04-10 11:47:00","1"
"2146","33","10LZRMICROSCAN1T","1","","721.0900","10LZRMICROSCAN1T","","2025-04-10 11:47:00","1"
"2147","33","10LZRMICROSCAN2T","1","","1390.6700","10LZRMICROSCAN2T","","2025-04-10 11:47:00","1"
"3967","33","10LZRMICROSCANHUB","1","","91.6000","10LZRMICROSCANHUB","","2025-12-04 10:13:00","1"
"2145","33","10LZRS600","1","","1070.0900","10LZRS600","","2025-04-10 11:47:00","1"
"2148","33","10LZRWIDESCAN","1","","845.9900","10LZRWIDESCAN","","2025-04-10 11:47:00","1"
"2873","33","10MAGLOCK1UL","1","","100.5900","10MAGLOCK1UL","","2025-04-10 11:47:00","1"
"2872","33","10MAGLOCK3UL","1","","94.2600","10MAGLOCK3UL","","2025-04-10 11:47:00","1"
"2874","33","10MAGLOCK5UL","1","",".0100","10MAGLOCK5UL","","2025-04-10 11:47:00","1"
"2533","33","10MAGLOCK6UL","1","","152.9700","10MAGLOCK6UL","","2025-04-10 11:47:00","1"
"1594","33","10MC15","1","","52.0200","10MC15","","2025-04-10 11:47:00","1"
"68","100","10MC25","1","",".0100","MC-25","","2025-04-10 11:47:00","1"
"2641","11","10MICROCELL1DL","1","",".0100","10MICROCELL1DL","","2025-04-10 11:47:00","1"
"2149","33","10MICROCELL1S","1","","79.3200","10MICROCELL1S","","2025-04-10 11:47:00","1"
"2150","33","10MICROCELL1SL","1","","86.0200","10MICROCELL1SL","","2025-04-10 11:47:00","1"
"2617","33","10MINIBRACKET","1","","51.9200","10MINIBRACKET","","2025-04-10 11:47:00","1"
"4055","11","10MS08U","1","",".0100","10MS-08U","","",""
"2215","33","10MS09L","1","","143.7000","10MS09L","","2025-04-10 11:47:00","1"
"2216","33","10MS09TL","1","","143.7000","10MS09TL","","2025-04-10 11:47:00","1"
"2210","33","10MS11D","1","","154.5200","10MS11D","","2025-04-10 11:47:00","1"
"2161","33","10MS11J","1","",".0100","10MS11J","","2025-04-10 11:47:00","1"
"2211","33","10MS11S","1","","144.2200","10MS11S","","2025-04-10 11:47:00","1"
"2162","33","10MS21HR1","1","","91.6800","10MS41J","","2025-04-10 11:47:00","1"
"2214","33","10MS21HS","1","","91.6800","10MS21HS","","2025-04-10 11:47:00","1"
"2213","33","10MS21HS1","1","","91.6800","10MS21HS1","","2025-04-10 11:47:00","1"
"3989","33","10MS31U-B","1","","139.3100","10MS31U-B","","",""
"3988","33","10MS31U-W","1","","139.3100","10MS31U-W","","",""
"3888","33","10MS41-J","1","",".0100","10MS41-J","","2025-04-10 11:47:00","1"
"2159","33","10MS41D","1","","154.5200","10MS41D","","2025-04-10 11:47:00","1"
"2160","33","10MS41S","1","","144.2200","10MS41S","","2025-04-10 11:47:00","1"
"2180","33","10PBDGP1","1","","54.3900","10PBDGP1","","2025-04-10 11:47:00","1"
"1598","33","10PBJ1","1","","28.3300","10PBJ1","","2025-04-10 11:47:00","1"
"2181","33","10PBJ1B","1","","28.3300","10PBJ1B","","2025-04-10 11:47:00","1"
"1599","33","10PBR1","1","","32.4500","10PBR1","","2025-04-10 11:47:00","1"
"3982","33","10PBR451","1","","30.4600","10PBR451","","",""
"1600","33","10PBS1","1","","35.5300","10PBS1","","2025-04-10 11:47:00","1"
"2766","33","10PBS45","1","","29.8700","10PBS45","","2025-04-10 11:47:00","1"
"2079","33","10PBS451","1","","29.8700","10PBS451","","2025-04-10 11:47:00","1"
"3338","33","10PBS451B","1","","29.8700","10PBS451B","","2025-04-10 11:47:00","1"
"3235","33","10PBS45B","1","","29.8700","10PBS45B","","2025-04-10 11:47:00","1"
"2188","33","10PIEZO241","1","","112.2300","10PIEZO241","","2025-04-10 11:47:00","1"
"2164","33","10QUADSCANI","1","","173.0600","10QUADSCANI","","2025-04-10 11:47:00","1"
"2157","33","10R2E-100","1","","67.9900","10R2E-100","","2025-04-10 11:47:00","1"
"3847","55","10R300","1","","44.0000","10R300 -#1239","","2025-04-10 11:47:00","1"
"2629","33","10RD433","1","","30.3900","10RD433","","2025-04-10 11:47:00","1"
"2525","33","10RD900","1","","34.9700","10RD900","","2025-04-10 11:47:00","1"
"2273","11","10REMOTE","1","",".0100","10REMOTE","","2025-04-10 11:47:00","1"
"2158","33","10SPARROW","1","","190.5700","10SPARROW","","2025-04-10 11:47:00","1"
"2191","33","10STRIKECU","1","","118.4600","10STRIKECU","","2025-04-10 11:47:00","1"
"2192","33","10STRIKERE","1","","252.3800","10STRIKERE","","2025-04-10 11:47:00","1"
"2894","33","10T300HH","1","","36.5700","10T300HH","","2025-04-10 11:47:00","1"
"2675","11","10T300MINIPB","1","",".0100","T300MINIPB","","2025-04-10 11:47:00","1"
"3682","55","10T300PB","1","","34.0000","10T300PB -#1238","","2025-04-10 11:47:00","1"
"3239","33","10TD433HH1","1","","27.3000","10TD433HH1","","2025-04-10 11:47:00","1"
"2645","33","10TD433PB3V","1","","27.3000","10TD433PB3V","","2025-04-10 11:47:00","1"
"2630","33","10TD433PB9V","1","","27.3000","10TD433PB9V","","2025-04-10 11:47:00","1"
"2508","33","10TD900HH1","1","","35.5300","10TD900HH1","","2025-04-10 11:47:00","1"
"3236","33","10TD900PB","1","","35.5300","10TD900PB","","2025-04-10 11:47:00","1"
"2240","11","10URC","1","","28.2000","10URC","","2025-04-10 11:47:00","1"
"2730","33","10WBA","1","","92.7100","10WBA","","2025-04-10 11:47:00","1"
"77","100","11-01-150","1","",".0100","11-01-150","","2025-04-10 11:47:00","1"
"4098","55","11-02-175","1","","29.7500","11-02-175 -#1036","","",""
"79","100","11-02-176","1","",".0100","11-02-176","","2025-04-10 11:47:00","1"
"80","100","11-04-140","1","",".0100","11-04-140","","2025-04-10 11:47:00","1"
"3188","55","11-04-150","1","","148.9800","11-04-140 -#313","","2025-04-10 11:47:00","1"
"3189","55","11-04-180","1","","97.3300","11-04-180 -#333","","2025-04-10 11:47:00","1"
"82","100","11-04-185","1","",".0100","11-04-185","","2025-04-10 11:47:00","1"
"3190","55","11-04-850","1","","40.5200","11-04-850 -#77C","","2025-04-10 11:47:00","1"
"3191","55","11-04-851","1","","40.5200","11-04-851 -#272","","2025-04-10 11:47:00","1"
"3192","55","11-04-852R","1","","25.3300","11-04-852R -#77","","2025-04-10 11:47:00","1"
"3193","55","11-04-853","1","","25.3300","11-04-853 -#272W","","2025-04-10 11:47:00","1"
"87","100","11-04-856","1","",".0100","11-04-856","","2025-04-10 11:47:00","1"
"3194","55","11-15-111","1","","455.8600","11-15-111 -#624","","2025-04-10 11:47:00","1"
"3945","55","11-9906","1","","43.3500","11-9906 -#1088","","",""
"1996","100","11/20/6401","1","",".0100","11/20/6401","","2025-04-10 11:47:00","1"
"1836","11","110003","1","",".0100","110003","","2025-04-10 11:47:00","1"
"3543","55","110236","1","","81.1900","110236 -#1361R","","2025-04-10 11:47:00","1"
"3542","55","110237","1","","81.1900","110237 -#1361L","","2025-04-10 11:47:00","1"
"2025","11","110357-1","1","",".0100","110357-1","","2025-04-10 11:47:00","1"
"3305","11","110378RI","1","","945.6000","110378RI -ADDISON","","2025-04-10 11:47:00","1"
"3306","11","110378RO","1","","945.6000","110378RO -#ADDISON","","2025-04-10 11:47:00","1"
"3307","11","110379LI","1","","945.6000","110379LI -ADDISON","","2025-04-10 11:47:00","1"
"3308","11","110379LO","1","","945.6000","110379LO -#ADDISON","","2025-04-10 11:47:00","1"
"1765","100","110401","1","",".0100","110401","","2025-04-10 11:47:00","1"
"1837","11","110416","1","",".0100","110416","","2025-04-10 11:47:00","1"
"93","100","110445","1","",".0100","110445","","2025-04-10 11:47:00","1"
"3107","55","110564","1","","62.8100","110564 -#1214","","2025-04-10 11:47:00","1"
"1214","100","110624","1","",".0100","110624","","2025-04-10 11:47:00","1"
"1215","100","110625","1","",".0100","110625","","2025-04-10 11:47:00","1"
"1216","100","110743","1","",".0100","110743","","2025-04-10 11:47:00","1"
"1789","11","110755","1","",".0100","110755","","2025-04-10 11:47:00","1"
"4062","55","110820","1","","267.7500","110820 -#1476","","",""
"3819","55","112005","1","","94.3500","112005 -#270-DR","","2025-04-10 11:47:00","1"
"1620","100","112071","1","",".0100","112071","","2025-04-10 11:47:00","1"
"3247","55","112073","1","","50.2000","112073 -#1173","","2025-04-10 11:47:00","1"
"3227","55","117244","1","","9.1200","411797 -#A261-SW","","2025-04-10 11:47:00","1"
"1768","100","117244K","1","",".0100","117244K","","2025-04-10 11:47:00","1"
"3120","55","117244L","1","","9.1200","117244L -#A261-LW","","2025-04-10 11:47:00","1"
"1617","100","118051","1","",".0100","118051","","2025-04-10 11:47:00","1"
"1770","100","118483","1","",".0100","118483","","2025-04-10 11:47:00","1"
"97","100","12-03-009","1","",".0100","12-03-009","","2025-04-10 11:47:00","1"
"98","100","12-03-010","1","",".0100","12-03-010","","2025-04-10 11:47:00","1"
"3195","55","12-03-011","1","","32.1800","12-03-011 -#1576L","","2025-04-10 11:47:00","1"
"3196","55","12-03-012","1","","32.1800","12-03-012 -#1576R","","2025-04-10 11:47:00","1"
"1715","100","12-03-013","1","",".0100","12-03-013","","2025-04-10 11:47:00","1"
"3570","11","12-08-005","1","","8.0000","12-08-005 -#C406","","2025-04-10 11:47:00","1"
"102","100","12-10324","1","",".0100","12-10324","","2025-04-10 11:47:00","1"
"2741","11","12-15-110","1","","80.7500","12-15-110 -#785B-ICU (OP09)","","2025-04-10 11:47:00","1"
"103","100","12-15-115","1","",".0100","12-15-115","","2025-04-10 11:47:00","1"
"104","100","12-15-116","1","",".0100","12-15-116","","2025-04-10 11:47:00","1"
"105","100","12-21-001","1","",".0100","12-21-001","","2025-04-10 11:47:00","1"
"4075","55","12-8747","1","","27.2000","12-8747 -#609","","",""
"3377","55","120475","1","","233.1600","120475 -#1415","","2025-04-10 11:47:00","1"
"995","100","13-7-1","1","",".0100","13-7-1","","2025-04-10 11:47:00","1"
"999","100","130-003","1","",".0100","130-003","","2025-04-10 11:47:00","1"
"3584","55","130-004","1","","9.7200","130-004 -#1795","","2025-04-10 11:47:00","1"
"1771","100","138483","1","",".0100","138483","","2025-04-10 11:47:00","1"
"107","100","14-11871-1","1","",".0100","14-11871-1","","2025-04-10 11:47:00","1"
"3598","55","14-12114","1","","9.1200","14-12114 -#1583","","2025-04-10 11:47:00","1"
"108","100","14-2279-04","1","",".0100","14-2279-04","","2025-04-10 11:47:00","1"
"109","100","14-2279-08","1","",".0100","14-2279-08","","2025-04-10 11:47:00","1"
"3668","22","14-2339-011-6ft","1","",".0100","M-60255+M-00339 -6FT LENGTH","","2025-04-10 11:47:00","1"
"110","100","14-3867","1","",".0100","14-3867","","2025-04-10 11:47:00","1"
"111","100","14-8326-05","1","",".0100","14-8326-05","","2025-04-10 11:47:00","1"
"4072","11","140190","1","","257.5900","140190 -LEON","","",""
"114","100","140191","1","",".0100","140191","","2025-04-10 11:47:00","1"
"3408","55","140208","1","","5.4000","140208 -#1796","","2025-04-10 11:47:00","1"
"1217","100","140213","1","",".0100","140213","","2025-04-10 11:47:00","1"
"116","100","140484","1","",".0100","140484","","2025-04-10 11:47:00","1"
"1218","100","140488","1","",".0100","140488","","2025-04-10 11:47:00","1"
"1219","100","140586","1","",".0100","140586","","2025-04-10 11:47:00","1"
"1220","100","140587","1","",".0100","140587","","2025-04-10 11:47:00","1"
"2068","100","140588","1","",".0100","140588","","2025-04-10 11:47:00","1"
"1221","100","140589","1","",".0100","140589","","2025-04-10 11:47:00","1"
"2008","11","140712","1","",".0100","OS-12CST","","2026-06-26 15:08:00","1"
"117","100","140810","1","",".0100","140810","","2025-04-10 11:47:00","1"
"3068","55","141047","1","","62.4400","141047","","2025-04-10 11:47:00","1"
"1223","100","141134","1","",".0100","141134","","2025-04-10 11:47:00","1"
"1098","22","1411741","1","",".0100","A-00717","","2025-04-10 11:47:00","1"
"120","100","14315C","1","",".0100","14315C","","2025-04-10 11:47:00","1"
"3586","55","145-D8","1","","15.2000","145-D8 -#1182","","2025-04-10 11:47:00","1"
"121","100","14608","1","",".0100","14608","","2025-04-10 11:47:00","1"
"1002","100","150-200","1","",".0100","150-200","","2025-04-10 11:47:00","1"
"1000","100","150-202","1","",".0100","150-202","","2025-04-10 11:47:00","1"
"1001","100","150-203","1","",".0100","150-203","","2025-04-10 11:47:00","1"
"1228","100","150-204","1","",".0100","150-204","","2025-04-10 11:47:00","1"
"1003","100","150-205","1","",".0100","150-205","","2025-04-10 11:47:00","1"
"122","100","15142B","1","",".0100","15142B","","2025-04-10 11:47:00","1"
"1020","100","1550230","1","",".0100","1550230","","2025-04-10 11:47:00","1"
"123","100","16-20-106","1","",".0100","16-20-106","","2025-04-10 11:47:00","1"
"1004","100","160-001","1","",".0100","160-001","","2025-04-10 11:47:00","1"
"2751","11","1601-689","1","","70.1600","1601 689 -SEC LOCK","","2025-04-10 11:47:00","1"
"2752","11","1601-694","1","","70.1600","1601 694 -SEC LOCK","","2025-04-10 11:47:00","1"
"4151","10","1613-30","1","","159.3700","435","","",""
"3106","55","1668-MF-MS","1","",".9400","1668-MF-MS -#1668","","2025-04-10 11:47:00","1"
"124","100","16951U","1","",".0100","16951U-4ft. (QTY=#4FT PCS)","","2025-04-10 11:47:00","1"
"125","100","16952U-4","1","",".0100","16952U-4ft. (QTY=#4FT PCS)","","2025-04-10 11:47:00","1"
"1252","100","16952U-6","1","",".0100","16952U-6ft. (QTY=#6FT PCS)","","2025-04-10 11:47:00","1"
"126","100","170031","1","",".0100","170031","","2025-04-10 11:47:00","1"
"1537","100","170072","1","",".0100","170072","","2025-04-10 11:47:00","1"
"2975","55","1701406","1","","7.8000","1701406 -#1577 (in Feet)","","2025-04-10 11:47:00","1"
"2555","55","1767","1","",".0100","1767","","2025-04-10 11:47:00","1"
"2556","55","1768","1","",".0100","1768","","2025-04-10 11:47:00","1"
"2557","55","1769","1","",".0100","1769","","2025-04-10 11:47:00","1"
"2558","55","1770","1","",".0100","1770","","2025-04-10 11:47:00","1"
"2559","55","1780","1","",".0100","1780","","2025-04-10 11:47:00","1"
"2560","55","1781","1","",".0100","1781","","2025-04-10 11:47:00","1"
"2561","55","1782","1","",".0100","1782","","2025-04-10 11:47:00","1"
"3198","55","18-02-005","1","","45.5900","18-02-005 -#360","","2025-04-10 11:47:00","1"
"129","100","18-03-009","1","",".0100","18-03-009","","2025-04-10 11:47:00","1"
"130","100","18-03-016","1","",".0100","18-03-016","","2025-04-10 11:47:00","1"
"2681","55","18-03-018","1","","70.5500","18-03-018 -#78","","2025-04-10 11:47:00","1"
"132","100","18-03-018R","1","",".0100","18-03-018R","","2025-04-10 11:47:00","1"
"3219","55","18-03-019","1","","46.7500","18-03-019 -#339","","2025-04-10 11:47:00","1"
"3220","55","18-15-016","1","","40.5200","18-15-016 -#341","","2025-04-10 11:47:00","1"
"2679","55","18-20-002","1","",".0100","18-20-002 -#641","","2025-04-10 11:47:00","1"
"134","100","185036-20","1","",".0100","185036-20","","2025-04-10 11:47:00","1"
"1548","11","185101","1","",".0100","313975","","2025-04-10 11:47:00","1"
"4132","10","186468","1","","2.9900","186468","","",""
"2667","100","18PA-AL","1","",".0100","18PA-AL","","2025-04-10 11:47:00","1"
"3199","55","19-02-020","1","","39.7300","19-02-020 -#1378","","2025-04-10 11:47:00","1"
"136","100","19-03-003","1","",".0100","19-03-003","","2025-04-10 11:47:00","1"
"137","100","19-03-007","1","",".0100","19-03-007","","2025-04-10 11:47:00","1"
"2682","55","19-05-008","1","","53.1800","19-05-008 -#340","","2025-04-10 11:47:00","1"
"3399","100","19-24-001","1","",".0100","19-24-001","","2025-04-10 11:47:00","1"
"140","100","19-24-002","1","",".0100","19-24-002","","2025-04-10 11:47:00","1"
"3304","55","190-005","1","","45.0200","190-005 -#1501","","2025-04-10 11:47:00","1"
"1148","100","190-011","1","",".0100","190-011","","2025-04-10 11:47:00","1"
"3900","100","190-014","1","",".0100","190-014","","2025-04-10 11:47:00","1"
"3748","88","1922","1","","99.2200","1922","","2025-04-10 11:47:00","1"
"3749","88","1923","1","","99.2200","1923","","2025-04-10 11:47:00","1"
"3768","11","198NA-36","1","","12.4900","198NA-36","","2025-04-10 11:47:00","1"
"3733","11","198NA-48","1","","16.6500","198NA-48","","2025-04-10 11:47:00","1"
"1544","11","1P1516-CL","1","",".0100","1P1516-CL","","2025-04-10 11:47:00","1"
"1547","11","1P1516-DB","1","",".0100","1P1516-DB","","2025-04-10 11:47:00","1"
"1545","11","1P1517-CL","1","",".0100","1P1517-CL","","2025-04-10 11:47:00","1"
"1546","11","1P1517-DB","1","",".0100","1P1517-DB","","2025-04-10 11:47:00","1"
"2869","55","2-29-0026","1","","107.9500","2-29-0026 -#1360","","2025-04-10 11:47:00","1"
"1752","100","20-101M-17","1","",".0100","20-101M-17","","2025-04-10 11:47:00","1"
"1751","100","20-101M-18","1","",".0100","20-101M-18","","2025-04-10 11:47:00","1"
"1753","100","20-101M-19","1","",".0100","20-101M-19","","2025-04-10 11:47:00","1"
"1750","100","20-101M-20","1","",".0100","20-101M-20","","2025-04-10 11:47:00","1"
"3200","55","20-20-203","1","","35.3800","20-20-203 -#225","","2025-04-10 11:47:00","1"
"2267","100","20-728","1","",".0100","20-728","","2025-04-10 11:47:00","1"
"2268","100","20-902","1","",".0100","20-902","","2025-04-10 11:47:00","1"
"4108","99","20-944","1","","13.8100","DHOHC-2000-GE","","",""
"2650","33","20.0035","1","","42.0300","20.0035","","2025-04-10 11:47:00","1"
"2227","11","20.2015","1","",".0100","20.2015","","2025-04-10 11:47:00","1"
"3673","11","20.5349","1","","12.8800","20.5349","","2025-04-10 11:47:00","1"
"2233","11","20.5384","1","",".0100","20.5384","","2025-04-10 11:47:00","1"
"3850","11","200-762-96","1","","60.0000","200-762-96 -HAMILTON GLASS","","2025-04-10 11:47:00","1"
"2688","11","20110214","1","","4.2000","20110214","","2025-04-10 11:47:00","1"
"2274","11","20110281","1","",".0100","20110281","","2025-04-10 11:47:00","1"
"3990","55","202-003815735","1","","1386.0000","202-003815735 -#1532SK","","2024-01-24 12:52:00","1"
"3100","55","202-003815736","1","","1386.0000","202-003815736 -#1532CK","","2025-04-10 11:47:00","1"
"2875","55","202-005816400","1","","387.6000","202-005816400 -#1333","","2025-04-10 11:47:00","1"
"2876","11","20200142","1","","10.0000","20200142","","2025-04-10 11:47:00","1"
"2825","100","21-03-010","1","",".0100","21-03-010","","2025-04-10 11:47:00","1"
"3723","55","21-03-205","1","","25.5000","21-03-205 -#1981","","2025-04-10 11:47:00","1"
"2514","55","21-03-206","1","","43.3500","21-03-206 -#1965","","2025-04-10 11:47:00","1"
"1558","100","21-03-207","1","",".0100","21-03-207","","2025-04-10 11:47:00","1"
"2627","22","21-10546-51","1","",".0100","A-60771","","2025-04-10 11:47:00","1"
"2931","22","21-10546-52","1","",".0100","A-70771","","2025-04-10 11:47:00","1"
"3683","22","21-3567","1","",".0100","A-60722","","2025-04-10 11:47:00","1"
"3685","22","21-3568","1","",".0100","A-60726","","2025-04-10 11:47:00","1"
"3686","22","21-3569","1","",".0100","A-70722","","2025-04-10 11:47:00","1"
"3684","22","21-3570","1","",".0100","A-70726","","2025-04-10 11:47:00","1"
"2280","44","21203300","1","",".0100","21203300","","2025-04-10 11:47:00","1"
"2283","44","21203400","1","",".0100","21203400","","2025-04-10 11:47:00","1"
"2281","44","21203500","1","",".0100","21203500","","2025-04-10 11:47:00","1"
"2282","44","21203600","1","",".0100","21203600","","2025-04-10 11:47:00","1"
"4059","77","216","1","","128.5000","216","","2024-11-18 17:46:00","1"
"2277","44","21623000","1","",".0100","21623000","","2025-04-10 11:47:00","1"
"2278","44","21662700","1","",".0100","21662700","","2025-04-10 11:47:00","1"
"1623","100","218049","1","",".0100","218049","","2025-04-10 11:47:00","1"
"1624","100","218049R","1","",".0100","218049R","","2025-04-10 11:47:00","1"
"1621","100","218065","1","",".0100","218065","","2025-04-10 11:47:00","1"
"1618","100","218353","1","",".0100","218353","","2025-04-10 11:47:00","1"
"1619","100","218409","1","",".0100","218409","","2025-04-10 11:47:00","1"
"1622","100","218831","1","",".0100","218831","","2025-04-10 11:47:00","1"
"152","100","219206","1","",".0100","219206","","2025-04-10 11:47:00","1"
"155","100","22-10422-01","1","",".0100","22-10422-01","","2025-04-10 11:47:00","1"
"3666","22","22-13992-41","1","",".0100","A-60786","","2025-04-10 11:47:00","1"
"3667","22","22-13992-42","1","",".0100","A-70786","","2025-04-10 11:47:00","1"
"2929","22","22-13992-51","1","",".0100","A-60787","","2025-04-10 11:47:00","1"
"2930","22","22-13992-52","1","",".0100","A-70787","","2025-04-10 11:47:00","1"
"156","100","22-9220-01","1","",".0100","22-9220-01","","2025-04-10 11:47:00","1"
"157","100","22-9220-02","1","",".0100","22-9220-02","","2025-04-10 11:47:00","1"
"3500","22","229210","1","",".0100","A-00042","","2025-04-10 11:47:00","1"
"1009","100","230-001","1","",".0100","230-001","","2025-04-10 11:47:00","1"
"3457","44","233804","1","",".0100","233804","","2025-04-10 11:47:00","1"
"4145","10","234","1","",".5400","234","","",""
"2846","44","234475","1","",".0100","234475","","2025-04-10 11:47:00","1"
"4143","10","235","1","","1.8500","235","","",""
"4020","11","2389","1","","2.1900","AAADMS-2389 -D/C","","",""
"3687","55","24-0004","1","","8.5000","24-0004 -#101","","2025-04-10 11:47:00","1"
"159","100","24-0399-01","1","",".0100","24-0399-01","","2025-04-10 11:47:00","1"
"163","100","240744S","1","",".0100","240744S","","2025-04-10 11:47:00","1"
"4122","10","241","1","",".7400","241","","",""
"4123","10","242","1","","1.1000","242","","",""
"160","100","242458","1","",".0100","224750+242458","","2025-04-10 11:47:00","1"
"4124","10","243","1","","1.9500","243","","2026-08-19 12:08:00","10657"
"4125","10","244","1","","1.1800","244","","",""
"164","100","244632","1","",".0100","244632","","2025-04-10 11:47:00","1"
"165","100","244726","1","",".0100","244726","","2025-04-10 11:47:00","1"
"166","100","244960","1","",".0100","244960","","2025-04-10 11:47:00","1"
"167","100","244960SPDX","1","",".0100","244960SPDX","","2025-04-10 11:47:00","1"
"4126","11","245","1","","2.6700","245","","",""
"168","100","245743","1","",".0100","245743","","2025-04-10 11:47:00","1"
"169","100","245745","1","",".0100","245745","","2025-04-10 11:47:00","1"
"170","100","245777","1","",".0100","245777","","2025-04-10 11:47:00","1"
"171","100","246230","1","",".0100","246230","","2025-04-10 11:47:00","1"
"172","100","246231","1","",".0100","246231","","2025-04-10 11:47:00","1"
"173","100","246465","1","",".0100","246465","","2025-04-10 11:47:00","1"
"174","100","246469","1","",".0100","246469","","2025-04-10 11:47:00","1"
"175","100","246655","1","",".0100","246655","","2025-04-10 11:47:00","1"
"176","100","248516","1","",".0100","248516","","2025-04-10 11:47:00","1"
"4014","11","2495","1","","2.9100","AAADMS-2495","","",""
"4018","11","2496","1","","2.9100","AAADMS-2496 -D/C","","",""
"4139","10","254D","1","","11.3600","254D","","",""
"4138","10","255","1","","4.2200","255","","",""
"1975","100","260-001","1","",".0100","260-001","","2025-04-10 11:47:00","1"
"177","100","260040","1","",".0100","260040","","2025-04-10 11:47:00","1"
"4079","11","260508","1","","150.0000","260508","","2026-01-21 18:33:00","1"
"178","100","262136","1","",".0100","262136","","2025-04-10 11:47:00","1"
"3838","55","262159","1","","1773.0000","262159 -#0","","2025-04-10 11:47:00","1"
"3642","55","262529","1","","531.5200","262529 -#0","","2025-04-10 11:47:00","1"
"180","100","262822","1","",".0100","262822","","2025-04-10 11:47:00","1"
"181","100","264612","1","",".0100","264612","","2025-04-10 11:47:00","1"
"4128","10","265","1","","1.5300","265","","",""
"182","100","265154","1","",".0100","265154","","2025-04-10 11:47:00","1"
"183","100","265265","1","",".0100","265265","","2025-04-10 11:47:00","1"
"184","100","265712","1","",".0100","265712","","2025-04-10 11:47:00","1"
"185","100","265730","1","",".0100","265730","","2025-04-10 11:47:00","1"
"4129","10","266","1","","2.0100","266","","",""
"4135","10","267","1","","4.9200","267","","",""
"4136","10","269","1","","5.4700","269","","",""
"4141","10","270","1","","4.5400","270","","",""
"4142","10","271","1","","5.4800","271","","",""
"1838","11","273499","1","",".0100","273499","","2025-04-10 11:47:00","1"
"922","100","2810-3077CP-AL","1","",".0100","2810-3077CP-AL","","2025-04-10 11:47:00","1"
"923","100","2810-3077OP","1","",".0100","2810-3077OP","","2025-04-10 11:47:00","1"
"924","100","2810-3077OPCM","1","",".0100","2810-3077OPCM","","2025-04-10 11:47:00","1"
"4095","11","29A-W","1","","5.7200","29A-W (SEC LK)","","",""
"3427","77","2WIRE","1","","47.7200","2WIRE","","2025-04-10 11:47:00","1"
"2091","100","3-2-4567L","1","",".0100","3-2-4567L","","2025-04-10 11:47:00","1"
"996","100","3-2-4567R","1","",".0100","3-2-4567R","","2025-04-10 11:47:00","1"
"2090","100","3/2/2002","1","",".0100","3/2/2002","","2025-04-10 11:47:00","1"
"3735","55","30-02-200","1","","8.5000","30-02-200 -#309","","2025-04-10 11:47:00","1"
"187","100","30-02-202","1","",".0100","30-02-202","","2025-04-10 11:47:00","1"
"3221","55","30-02-216","1","","21.2800","30-02-216 -#216","","2025-04-10 11:47:00","1"
"2579","55","30-06-101","1","","53.5500","30-06-101 -#60","","2025-04-10 11:47:00","1"
"3201","55","30-06-102","1","","146.9900","30-06-102 -#61","","2025-04-10 11:47:00","1"
"3992","55","30-06-103","1","","318.7500","30-06-103 -#276R","","",""
"3993","55","30-06-104","1","","318.7500","30-06-104 -#276L","","",""
"1293","100","30-06-202","1","",".0100","30-06-202","","2025-04-10 11:47:00","1"
"3202","55","30-06-211","1","","121.5700","30-06-211/30-15-202 -#61M","","2025-04-10 11:47:00","1"
"1285","100","30-06-213","1","",".0100","30-06-213","","2025-04-10 11:47:00","1"
"1286","100","30-06-216","1","",".0100","30-06-216","","2025-04-10 11:47:00","1"
"3577","55","30-06-217","1","","146.9900","30-06-102 -#61 PAINT DK BRZ","","2025-04-10 11:47:00","1"
"1289","100","30-06-223","1","",".0100","30-06-223","","2025-04-10 11:47:00","1"
"3203","55","30-15-202","1","","49.7400","30-15-202 -#598","","2025-04-10 11:47:00","1"
"3204","55","30-15-224","1","","43.6200","30-15-224 -#394","","2025-04-10 11:47:00","1"
"2230","11","30.0345","1","",".0100","30.0345","","2025-04-10 11:47:00","1"
"3954","11","30.0385","1","","2.5800","30.0385 - BEA","","",""
"3955","11","30.0388","1","","16.9200","30.0388 - BEA","","",""
"4038","33","30.5558","1","","42.3000","30.5558","","",""
"1839","11","303379","1","",".0100","303379","","2025-04-10 11:47:00","1"
"4019","11","3044","1","","2.9100","AAADMS-3044 -D/C","","",""
"4089","100","31-0944","1","","20.0900","31-0944","","",""
"4090","100","31-0945","1","","17.3200","31-0945","","",""
"1520","100","310258","1","",".0100","310258","","2025-04-10 11:47:00","1"
"2729","11","310373","1","","17.1800","310373 -#1330","","2025-04-10 11:47:00","1"
"2152","11","31050","1","",".0100","31050","","2025-04-10 11:47:00","1"
"3248","55","311375","1","","99.3100","311375 -#252C","","2025-04-10 11:47:00","1"
"1495","100","311594","1","",".0100","311594","","2025-04-10 11:47:00","1"
"3121","55","311652","1","","60.7800","311652 -#267","","2025-04-10 11:47:00","1"
"3467","55","311727","1","","49.6400","311727 -#779","","2025-04-10 11:47:00","1"
"190","100","311730","1","",".0100","311730","","2025-04-10 11:47:00","1"
"1840","11","311901","1","",".0100","311901","","2025-04-10 11:47:00","1"
"1497","100","312143","1","",".0100","312143","","2025-04-10 11:47:00","1"
"3122","55","312249","1","","199.5700","312249 -#269R","","2025-04-10 11:47:00","1"
"3123","55","312250","1","","199.5700","312250 -#269L","","2025-04-10 11:47:00","1"
"2699","55","312251","1","","204.8500","312251 -#268","","2026-05-22 16:51:00","1"
"4153","11","312462","1","","42.9000","312462 -AEW PARTED OUT","","",""
"3574","55","312717RND","1","","96.0500","312717RND -#270 ROUND","","2025-04-10 11:47:00","1"
"1775","100","312728R","1","",".0100","312728R","","2025-04-10 11:47:00","1"
"4154","11","312729","1","","19.0000","312729 -E&L","","",""
"4078","11","312729S","1","","36.1200","414011 -D/C","","",""
"3186","55","312847","1","","146.0500","917312847 -#1674","","2025-04-10 11:47:00","1"
"3124","55","312892","1","","17.7300","312892 -#273","","2025-04-10 11:47:00","1"
"3125","55","312903-1","1","","132.6000","312903-1 -#1372","","2026-08-03 14:46:00","3294"
"2542","55","312976","1","","83.3000","312976 -#1072","","2026-08-03 15:05:00","3294"
"3912","100","312987","1","",".0100","312987","","2025-04-10 11:47:00","1"
"2972","11","313034","1","",".0100","313034","","2025-04-10 11:47:00","1"
"3127","55","313105","1","","422.4500","313105 -#1184","","2026-05-20 13:17:00","1"
"199","100","313126-1","1","",".0100","313126-1","","2025-04-10 11:47:00","1"
"2056","11","313150","1","",".0100","313150","","2025-04-10 11:47:00","1"
"3128","55","313160","1","","147.0500","313160 -#1142","","2025-04-10 11:47:00","1"
"3648","55","313161","1","","172.5500","313161 -#1854","","2025-05-16 09:50:00","1"
"202","100","313180","1","",".0100","313180","","2025-04-10 11:47:00","1"
"2757","11","313185PL","1","","9.5600","313185PL","","2025-04-10 11:47:00","1"
"3249","55","313229","1","","144.5100","313229 -#1093","","2025-04-10 11:47:00","1"
"205","100","313242","1","",".0100","313242","","2025-04-10 11:47:00","1"
"2784","55","313367","1","","218.5800","313367 -#1357","","2025-04-10 11:47:00","1"
"1628","100","313399","1","",".0100","313399","","2025-04-10 11:47:00","1"
"3130","55","313421","1","","69.5200","313421 -#1331","","2025-04-10 11:47:00","1"
"2026","11","313528","1","","451.0000","313528 -#2047","","2025-04-10 11:47:00","1"
"1534","100","313562","1","",".0100","313562","","2025-04-10 11:47:00","1"
"1535","100","313563","1","",".0100","313563","","2025-04-10 11:47:00","1"
"3873","55","313576","1","","76.5000","313576 -#2019","","2025-04-10 11:47:00","1"
"1841","11","313578","1","",".0100","313578","","2025-04-10 11:47:00","1"
"207","100","313651","1","",".0100","313651","","2025-04-10 11:47:00","1"
"3131","55","313664","1","","116.3000","313664 -#1248","","2025-04-10 11:47:00","1"
"2007","11","313710","1","",".0100","313710 =DUAL OPTEX","","2025-05-10 13:29:00","1"
"209","100","313719","1","",".0100","313719","","2025-04-10 11:47:00","1"
"210","100","313720","1","",".0100","313720","","2025-04-10 11:47:00","1"
"3132","55","313735","1","","106.3700","313735 -#1492","","2025-04-10 11:47:00","1"
"1938","11","313852","1","",".0100","313852","","2025-04-10 11:47:00","1"
"1507","100","313872","1","",".0100","313872","","2025-04-10 11:47:00","1"
"1508","100","313873","1","",".0100","313873","","2025-04-10 11:47:00","1"
"3228","55","313874","1","","218.9900","313874 -#1366","","2025-04-10 11:47:00","1"
"3251","55","313875","1","","172.2200","313875 -#1141R","","2025-04-10 11:47:00","1"
"3252","55","313876","1","","172.2200","313876 -#1141L","","2025-04-10 11:47:00","1"
"3074","55","313904","1","","206.5800","313904 -#1433","","2025-04-10 11:47:00","1"
"215","100","313918","1","",".0100","313918","","2025-04-10 11:47:00","1"
"216","100","313920","1","",".0100","313920","","2025-04-10 11:47:00","1"
"3075","55","313921","1","","324.3600","313921 -#1393","","2025-04-10 11:47:00","1"
"3110","11","313923-1","1","","126.1600","313923-1","","2025-04-10 11:47:00","1"
"1842","11","313928","1","",".0100","313928","","2025-04-10 11:47:00","1"
"218","100","313941-XX","1","",".0100","313941-XX","","2025-04-10 11:47:00","1"
"3911","55","313943","1","","42.5000","312987/313943 -#913","","2025-04-10 11:47:00","1"
"220","100","313943-1","1","",".0100","313943-1","","2025-04-10 11:47:00","1"
"4025","55","313959","1","","734.0000","313959 -#2059","","",""
"221","100","313979","1","",".0100","313979","","2025-04-10 11:47:00","1"
"3622","11","313984","1","","80.0000","313984 -#0","","2025-04-10 11:47:00","1"
"4000","11","313985-1","1","","556.7500","313985-1 -#1353RF","","",""
"4001","11","313985-2","1","","556.7500","313985-2 -#1353LF","","",""
"3999","11","313985-3","1","","556.7500","313985-3 -#1353RC","","",""
"4002","11","313985-4","1","","556.7500","313985-4 -#1353LC","","",""
"222","100","314050","1","",".0100","314050","","2025-04-10 11:47:00","1"
"1533","100","314096","1","",".0100","314096","","2025-04-10 11:47:00","1"
"1549","11","314117","1","",".0100","314117","","2025-04-10 11:47:00","1"
"3138","55","314126","1","","370.7900","314126 -#1563L","","2025-04-10 11:47:00","1"
"3137","55","314127","1","","370.7900","314127 -#1563R","","2025-04-10 11:47:00","1"
"3230","55","314132","1","","31.4500","314132 -#1519","","2025-04-10 11:47:00","1"
"3998","55","314151","1","","65.4500","314151 -#1670","","",""
"4046","11","314263","1","","73.6000","314263 -ADDISON","","",""
"1939","11","314309","1","",".0100","314309","","2025-04-10 11:47:00","1"
"1937","11","314326","1","",".0100","314326","","2025-04-10 11:47:00","1"
"1977","11","314326-IQ","1","",".0100","314326-IQ","","2025-04-10 11:47:00","1"
"1552","11","314327","1","","133.5400","314327 -#1764","","2025-04-10 11:47:00","1"
"1763","11","314328","1","",".0100","314328 & 415078","","2025-04-10 11:47:00","1"
"1978","11","314328-IQ","1","",".0100","314328-IQ","","2025-04-10 11:47:00","1"
"1005","100","330-001","1","",".0100","330-001","","2025-04-10 11:47:00","1"
"2944","55","330000227","1","","23.8000","330000227 -#1856","","2025-04-10 11:47:00","1"
"3088","55","330000230","1","","15.3400","330000230 -#1594","","2025-04-10 11:47:00","1"
"2933","55","330000270BK","1","","28.0500","330000270BK -#1587B","","2025-05-05 11:48:00","1"
"3416","55","330000270SI","1","","25.3100","330000270SI -#1587S","","2025-04-10 11:47:00","1"
"1280","100","330000272BK","1","",".0100","330000272BK","","2025-04-10 11:47:00","1"
"3076","55","330000276","1","","38.4700","330000276 -#1591","","2025-04-10 11:47:00","1"
"3240","11","330000330","1","","154.5000","330000330 -ADDISON #0","","2025-04-10 11:47:00","1"
"2995","55","330000341","1","","41.9500","330000341 -#1845","","2025-04-10 11:47:00","1"
"2465","11","331007291","1","","1874.0000","331007291 - #1964","","2025-04-10 11:47:00","1"
"3885","55","331007327","1","","37.4000","331007327 -#1848","","2025-04-10 11:47:00","1"
"3514","55","331007504","1","","226.2500","331007504 -#1935","","2025-04-10 11:47:00","1"
"2466","11","331008346","1","","1498.0000","331008346 - #1593","","2025-04-10 11:47:00","1"
"3129","55","333160","1","","147.0500","333160 -#1142","","2025-04-10 11:47:00","1"
"226","100","333180","1","",".0100","333180","","2025-04-10 11:47:00","1"
"3314","55","33550654","1","","12.8100","33550654 -#1253","","2025-04-10 11:47:00","1"
"2544","44","33681700","1","",".0100","33681700","","2025-04-10 11:47:00","1"
"2545","44","33681711","1","",".0100","33681711","","2025-04-10 11:47:00","1"
"2546","44","33681720","1","",".0100","33681720","","2025-04-10 11:47:00","1"
"2279","44","33801900","1","",".0100","33801900","","2025-04-10 11:47:00","1"
"229","100","339866","1","",".0100","339866","","2025-04-10 11:47:00","1"
"230","100","339873","1","",".0100","339873","","2025-04-10 11:47:00","1"
"4140","10","3423","1","","37.8400","3423","","",""
"3979","55","343718","1","","157.2500","343718 -#1386","","",""
"2802","11","35.1286","1","","3.9600","35.1286","","2025-04-10 11:47:00","1"
"2731","33","35.1554","1","","23.1800","35.1554","","2025-04-10 11:47:00","1"
"4116","11","35.1609","1","","4.5900","35.1609","","",""
"1006","100","350-001","1","",".0100","350-001","","2025-04-10 11:47:00","1"
"1007","100","350-003B","1","",".0100","350-003B","","2025-04-10 11:47:00","1"
"1008","100","350-020","1","",".0100","350-020","","2025-04-10 11:47:00","1"
"1011","100","350-201","1","",".0100","350-201","","2025-04-10 11:47:00","1"
"1010","100","352-002","1","",".0100","352-002","","2025-04-10 11:47:00","1"
"2070","100","352-004","1","",".0100","352-004","","2025-04-10 11:47:00","1"
"1012","100","352-016","1","",".0100","352-016","","2025-04-10 11:47:00","1"
"1013","100","352-205","1","",".0100","352-205","","2025-04-10 11:47:00","1"
"1014","100","353-004","1","",".0100","353-004","","2025-04-10 11:47:00","1"
"232","100","353068","1","",".0100","353068","","2025-04-10 11:47:00","1"
"3952","55","35BS12H-5-8","1","","89.0000","35BS12H-5/8 -#1567","","",""
"1015","100","390-002","1","",".0100","390-002","","2025-04-10 11:47:00","1"
"4047","11","3x5-ST-RC-BK","1","","18.9900","3x5-ST-RC-BK","","",""
"1452","100","4-11-0022","1","",".0100","4-11-0022","","2025-04-10 11:47:00","1"
"2060","100","4-11-0457","1","",".0100","DC-09-0369-0","","2025-04-10 11:47:00","1"
"233","100","4-11-0459","1","",".0100","4-11-0459","","2025-04-10 11:47:00","1"
"3337","55","4-11-0469","1","","32.4200","4-11-0469 -#1412","","2025-04-10 11:47:00","1"
"3412","55","4-11-0470","1","","86.1100","4-11-0470 -#860L","","2025-04-10 11:47:00","1"
"3413","55","4-11-0471","1","","86.1100","4-11-0471 -#860R","","2025-04-10 11:47:00","1"
"1445","100","4-11-0600","1","",".0100","4-11-0600","","2025-04-10 11:47:00","1"
"1450","100","4-11-0820","1","",".0100","4-11-0820","","2025-04-10 11:47:00","1"
"1449","100","4-11-0821","1","",".0100","4-11-0821","","2025-04-10 11:47:00","1"
"237","100","4-11-1031","1","",".0100","4-11-1031","","2025-04-10 11:47:00","1"
"2108","11","4-11-1078","1","",".0100","4-11-1078","","2025-04-10 11:47:00","1"
"1735","100","4-11-1085","1","",".0100","4-11-1085","","2025-04-10 11:47:00","1"
"1734","100","4-11-1086","1","",".0100","4-11-1086","","2025-04-10 11:47:00","1"
"238","100","4-11-4095DB","1","",".0100","4-11-4095DB","","2025-04-10 11:47:00","1"
"239","100","4-12-0470","1","",".0100","4-12-0470","","2025-04-10 11:47:00","1"
"240","100","4-12-0471","1","",".0100","4-12-0471","","2025-04-10 11:47:00","1"
"241","100","4-19-0025","1","",".0100","4-19-0025","","2025-04-10 11:47:00","1"
"1942","11","4-19-0026","1","",".0100","4-19-0026","","2025-04-10 11:47:00","1"
"1941","11","4-19-0027","1","",".0100","4-19-0027","","2025-04-10 11:47:00","1"
"1958","11","4-19-1007","1","","30.1500","4-19-1007","","2025-04-10 11:47:00","1"
"245","100","4-19-1015","1","",".0100","4-19-1015","","2025-04-10 11:47:00","1"
"246","100","4-19-1016","1","",".0100","4-19-1016","","2025-04-10 11:47:00","1"
"247","100","4-19-1017","1","",".0100","4-19-1017","","2025-04-10 11:47:00","1"
"248","100","4-19-1018","1","",".0100","4-19-1018","","2025-04-10 11:47:00","1"
"249","100","4-19-1019","1","",".0100","4-19-1019","","2025-04-10 11:47:00","1"
"2746","55","4-20-0203","1","","189.6300","4-20-0203 -#148","","2025-04-10 11:47:00","1"
"250","100","4-20-1090","1","",".0100","4-20-1090","","2025-04-10 11:47:00","1"
"1480","100","4-40-0028","1","",".0100","4-40-0028","","2025-04-10 11:47:00","1"
"1477","100","4-45-0016","1","",".0100","4-45-0016","","2025-04-10 11:47:00","1"
"1478","100","4-45-0022","1","",".0100","4-45-0022","","2025-04-10 11:47:00","1"
"1479","100","4-45-0023","1","",".0100","4-45-0023","","2025-04-10 11:47:00","1"
"3225","55","4-51-0003","1","","201.4500","4-51-0003 -#1586","","2025-04-10 11:47:00","1"
"3222","55","4-51-0004","1","","195.5000","4-51-0004 -#1585","","2025-04-10 11:47:00","1"
"3620","55","4-51-0005","1","","28.9000","4-51-0005 -#1418","","2025-04-10 11:47:00","1"
"2793","55","4-51-0006","1","","84.1500","4-51-0006 -1628","","2025-04-10 11:47:00","1"
"3223","55","4-51-0007","1","","33.9000","4-51-0007 -#1639","","2025-04-10 11:47:00","1"
"3224","55","4-51-0008","1","","33.9000","4-51-0008 -#1638","","2025-04-10 11:47:00","1"
"257","100","4-51-0010","1","",".0100","4-51-0010","","2025-04-10 11:47:00","1"
"2791","55","4-51-0012","1","","184.4500","4-51-0012 -#1584","","2025-04-10 11:47:00","1"
"2916","55","4-51-0020","1","","9.4600","4-51-0020 -892","","2025-04-10 11:47:00","1"
"4028","100","4-51-0021","1","",".0100","4-51-0021","","",""
"1576","100","4-51-0022","1","",".0100","4-51-0022","","2025-04-10 11:47:00","1"
"1961","11","4-51-0023","1","",".0100","4-51-0023","","2025-04-10 11:47:00","1"
"1577","100","4-51-0024","1","",".0100","4-51-0024","","2025-04-10 11:47:00","1"
"1578","100","4-51-0025","1","",".0100","4-51-0025","","2025-04-10 11:47:00","1"
"261","100","4-51-0028","1","",".0100","4-51-0028","","2025-04-10 11:47:00","1"
"2868","100","4-51-0095","1","",".0100","4-51-0095","","2025-04-10 11:47:00","1"
"3099","55","4-51-0103","1","","823.3700","202-003815735 -#1532SK","","2025-04-10 11:47:00","1"
"2701","55","4-51-0105","1","","861.9000","4-51-0105 -#1627","","2026-08-27 10:27:00","1"
"264","100","4-51-0106","1","",".0100","4-51-0106","","2025-04-10 11:47:00","1"
"2200","11","4-51-0107","1","","293.8900","4-51-0107 -#1335","","2025-04-10 11:47:00","1"
"1980","11","4-51-0142","1","","273.2600","4-51-0142 -#1630","","2025-04-10 11:47:00","1"
"2771","11","4-51-0144","1","","1574.4900","4-51-0144 -ADDISON","","2025-04-10 11:47:00","1"
"1472","100","4-51-0803","1","",".0100","4-51-0803","","2025-04-10 11:47:00","1"
"268","100","4-51-0805","1","",".0100","4-51-0805","","2025-04-10 11:47:00","1"
"1471","100","4-51-0807","1","",".0100","4-51-0807","","2025-04-10 11:47:00","1"
"3554","55","4-51-0819","1","","309.4000","4-51-0819 -#1535D","","2025-04-10 11:47:00","1"
"2792","55","4-51-1001","1","","22.1000","4-51-1001/4-51-1002 -#1649","","2025-04-10 11:47:00","1"
"270","100","4-51-1002","1","",".0100","4-51-1002","","2025-04-10 11:47:00","1"
"271","100","4-51-1010","1","",".0100","4-51-1010","","2025-04-10 11:47:00","1"
"272","100","4-51-1037","1","",".0100","4-51-1037","","2025-04-10 11:47:00","1"
"273","100","4-51-1038","1","",".0100","4-51-1038","","2025-04-10 11:47:00","1"
"2509","11","4-51-1039","1","","17.1400","4-51-1039 -1534L","","2025-04-10 11:47:00","1"
"2510","11","4-51-1040","1","","17.1400","4-51-1040 -1534R","","2025-04-10 11:47:00","1"
"276","100","4-51-1041","1","",".0100","4-51-1041","","2025-04-10 11:47:00","1"
"277","100","4-51-1042","1","",".0100","4-51-1042","","2025-04-10 11:47:00","1"
"278","100","4-51-1062","1","",".0100","4-51-1062","","2025-04-10 11:47:00","1"
"279","100","4-51-4008","1","",".0100","4-51-4008","","2025-04-10 11:47:00","1"
"280","100","4-52-0010","1","",".0100","4-52-0010","","2025-04-10 11:47:00","1"
"281","100","4-52-0011","1","",".0100","4-52-0011","","2025-04-10 11:47:00","1"
"2794","55","4-59-0012","1","",".0100","4-59-0012","","2025-04-10 11:47:00","1"
"3688","11","4-59-0019","1","",".0100","4-59-0019","","2025-04-10 11:47:00","1"
"3689","11","4-59-0020","1","",".0100","4-59-0020","","2025-04-10 11:47:00","1"
"2481","11","4-59-0021-CL","1","","72.3500","4-59-0021-CL","","2025-04-10 11:47:00","1"
"2482","11","4-59-0021-DB","1","","72.3500","4-59-0021-DB","","2025-04-10 11:47:00","1"
"2735","11","4-59-0023","1","","64.5000","4-59-0023","","2025-04-10 11:47:00","1"
"1940","11","4-59-0024","1","",".0100","4-59-0024","","2025-04-10 11:47:00","1"
"3643","55","4-59-0025","1","","34.8500","4-59-0025 -#2029","","2025-04-10 11:47:00","1"
"1959","11","4-59-1009","1","",".0100","4-59-1009","","2025-04-10 11:47:00","1"
"2838","11","4-59-4001","1","","4.6700","4-59-4001 -ADDISON","","2025-04-10 11:47:00","1"
"2254","11","4-59-9001","1","",".0100","4-59-9001","","2025-04-10 11:47:00","1"
"2270","11","4-60-1091","1","",".0100","4-60-1091","","2025-04-10 11:47:00","1"
"1483","100","4-60-1890","1","",".0100","4-60-1890","","2025-04-10 11:47:00","1"
"3851","55","4-70-0582","1","","37.4000","4-70-0582 -#1648","","2025-04-10 11:47:00","1"
"3761","55","4-70-0672","1","","29.7500","4-70-0672 -#699","","2025-04-10 11:47:00","1"
"2257","11","4-70-0702","1","",".0100","4-70-0702","","2025-04-10 11:47:00","1"
"1454","100","4-70-1034","1","",".0100","4-70-1034 / 9-58-0008","","2025-04-10 11:47:00","1"
"1457","100","4-70-4342","1","",".0100","4-70-4342","","2025-04-10 11:47:00","1"
"2992","55","4-80-0802","1","","111.5900","4-80-0802 -#1632","","2025-04-10 11:47:00","1"
"3098","55","4-80-1003","1","","30.8400","4-80-1003 -(Set of 2 BRACKETS)","","2025-04-10 11:47:00","1"
"283","100","4-85-0019","1","",".0100","4-85-0019","","2025-04-10 11:47:00","1"
"3806","11","4.5x7-SD-ST-OV-BK","1","","19.9900","4.5x7-SD-ST-OV-BK -LIGHTPOLE","","2025-04-10 11:47:00","1"
"3861","11","4.5x7-SD-ST-RC-BK","1","","19.9900","4.5x7-SD-ST-RC-BK","","2025-04-10 11:47:00","1"
"1451","100","4/11/4093","1","",".0100","4/11/4093","","2025-04-10 11:47:00","1"
"2095","11","4/19/7001","1","",".0100","4/19/7001","","2025-04-10 11:47:00","1"
"3523","55","4/19/9001","1","","63.5900","4-19-9001 -#0","","2025-04-10 11:47:00","1"
"1248","100","40-09-200","1","",".0100","40-09-200","","2025-04-10 11:47:00","1"
"2858","11","400-1B","1","","17.2800","400-1B -#SECLOCK","","2025-04-10 11:47:00","1"
"1494","100","400573","1","",".0100","400573","","2025-04-10 11:47:00","1"
"1786","11","401145","1","",".0100","401145","","2025-04-10 11:47:00","1"
"2361","44","4033811300","1","",".0100","4033811300","","2025-04-10 11:47:00","1"
"2364","44","4033811311","1","",".0100","4033811311","","2025-04-10 11:47:00","1"
"2363","44","4033811313","1","",".0100","4033811313","","2025-04-10 11:47:00","1"
"2362","44","4033811331","1","",".0100","4033811331","","2025-04-10 11:47:00","1"
"2365","44","4033811400","1","",".0100","4033811400","","2025-04-10 11:47:00","1"
"2368","44","4033811411","1","",".0100","4033811411","","2025-04-10 11:47:00","1"
"2367","44","4033811413","1","",".0100","4033811413","","2025-04-10 11:47:00","1"
"2366","44","4033811431","1","",".0100","4033811431","","2025-04-10 11:47:00","1"
"3052","100","4040XP-62A","1","","18.0000","4040XP-62A","","2025-04-10 11:47:00","1"
"3887","55","405648","1","","227.7800","405648 -#0","","2025-04-10 11:47:00","1"
"284","100","41-1512","1","",".0100","41-1512","","2025-04-10 11:47:00","1"
"285","100","41-2208","1","",".0100","41-2208","","2025-04-10 11:47:00","1"
"2223","11","41.3879","1","",".0100","41.3879","","2025-04-10 11:47:00","1"
"2229","11","41.4703","1","",".0100","70.0207","","2025-04-10 11:47:00","1"
"4061","55","410100","1","","39.9500","410100 -#803R","","",""
"4060","55","410101","1","","39.9500","410101 -#803L","","",""
"2592","100","410432","1","",".0100","410432","","2025-04-10 11:47:00","1"
"3184","55","410872","1","","18.7000","410872 -#265S","","2025-04-10 11:47:00","1"
"1787","11","410889","1","",".0100","410889","","2025-04-10 11:47:00","1"
"1788","100","410895","1","",".0100","410895","","2025-04-10 11:47:00","1"
"1017","100","411-004B-190-4","1","",".0100","411-004B-190-4 (QTY=#4FT PCS)","","2025-04-10 11:47:00","1"
"1018","100","411-004B-190-8","1","",".0100","411-004B-190-8 (QTY=#8FT PCS)","","2025-04-10 11:47:00","1"
"289","100","411247","1","",".0100","411247","","2025-04-10 11:47:00","1"
"290","100","411248","1","",".0100","411248","","2025-04-10 11:47:00","1"
"291","100","411341","1","",".0100","411341","","2025-04-10 11:47:00","1"
"3185","55","411376","1","","18.5900","411376 -#265L","","2025-04-10 11:47:00","1"
"3862","55","411456","1","","71.4000","515059 -#254","","2025-04-10 11:47:00","1"
"3867","11","411507","1","","17.8500","411507 -STEAL OFF","","2025-04-10 11:47:00","1"
"3105","55","411622","1","","48.6300","411622 -#770","","2025-04-10 11:47:00","1"
"3101","11","411624","1","","1.2800","411624 -968B","","2025-04-10 11:47:00","1"
"2961","11","411624-BK","1","","1.2800","411624-BLACK","","2025-04-10 11:47:00","1"
"4071","11","411624-GREY","1","",".0100","411624-GR","","",""
"2666","100","4116AL","1","",".0100","4116AL","","2025-04-10 11:47:00","1"
"3139","55","411709","1","","62.0500","411709 -#678L","","2025-04-10 11:47:00","1"
"3243","55","411714","1","","13.9100","411714 -#1049","","2025-04-10 11:47:00","1"
"1792","11","411720","1","",".0100","411720","","2025-04-10 11:47:00","1"
"1794","100","411746","1","",".0100","411746","","2025-04-10 11:47:00","1"
"3140","55","411794","1","","18.2300","411794 -#1273","","2025-04-10 11:47:00","1"
"3144","55","411795-4ft","1","","15.4800","411795-4FT SECTION -#1434A","","2025-04-10 11:47:00","1"
"3740","55","411795-6ft","1","","23.2200","411795-6FT -#1434A","","2025-04-10 11:47:00","1"
"3800","55","411795-8ft","1","","30.9600","411795-8FT -#1434A","","2025-04-10 11:47:00","1"
"3147","55","411796-4ft.","1","","17.0000","411796 -#947 (4ft. Section)","","2025-04-10 11:47:00","1"
"3148","55","411796-8ft.","1","","34.0000","411796 -#947 (8ft. Section)","","2025-04-10 11:47:00","1"
"3585","55","411810","1","","17.8500","411810 -#1074","","2025-04-10 11:47:00","1"
"2942","55","411842","1","","48.6300","411842 -#398","","2025-04-10 11:47:00","1"
"301","100","411858","1","",".0100","411858","","2025-04-10 11:47:00","1"
"1538","100","411976","1","",".0100","411976","","2025-04-10 11:47:00","1"
"2589","55","412051","1","","21.1900","412051 -#1739","","2025-04-10 11:47:00","1"
"1936","11","412117","1","",".0100","412117","","2025-04-10 11:47:00","1"
"3057","11","412139-21R150PRP","1","",".0100","412139 & 21R150PRP","","2025-04-10 11:47:00","1"
"303","100","412158","1","",".0100","412158","","2025-04-10 11:47:00","1"
"4026","55","4121612","1","","85.8500","4121612 - #1612","","2026-08-13 12:31:00","1"
"1800","100","412172","1","",".0100","412172","","2025-04-10 11:47:00","1"
"3901","55","412199","1","","62.9000","412199 -#2080","","2025-04-10 11:47:00","1"
"1817","11","412343-21000","1","",".0100","412343-21000","","2025-04-10 11:47:00","1"
"3951","55","412395-L","1","","14.0000","412395-L -#0","","",""
"3950","55","412395-R","1","","14.0000","412395-R -#0","","",""
"3949","55","412397-1","1","","10.0000","412397-1 -#0","","",""
"3149","55","412435","1","","23.3000","412435 -#857","","2025-04-10 11:47:00","1"
"1805","100","412465","1","",".0100","412465","","2025-04-10 11:47:00","1"
"3150","55","412466","1","","14.1900","412466 -#848","","2025-04-10 11:47:00","1"
"1806","11","412467","1","",".0100","412467","","2025-04-10 11:47:00","1"
"3226","55","412468","1","","16.2100","412468 -#1348A","","2025-04-10 11:47:00","1"
"1808","11","412469","1","",".0100","412469","","2025-04-10 11:47:00","1"
"1809","11","412470","1","",".0100","412470","","2025-04-10 11:47:00","1"
"1810","11","412471","1","",".0100","412471","","2025-04-10 11:47:00","1"
"3691","55","412472-4","1","","27.2000","412472-4FT -#713ASG","","2025-04-10 11:47:00","1"
"3690","55","412472-8","1","","54.4000","412472-8FT -#713ASG","","2025-04-10 11:47:00","1"
"305","100","412481","1","",".0100","412481","","2025-04-10 11:47:00","1"
"3445","55","412497","1","","48.5800","412497 -#0","","2025-04-10 11:47:00","1"
"3151","55","412498","1","","51.8500","412498 -#725","","2025-04-24 13:30:00","1"
"3623","55","412502","1","","58.6500","412502-#741","","2025-04-10 11:47:00","1"
"3152","55","412544","1","","5.9500","412544 -#1663","","2025-04-10 11:47:00","1"
"1812","100","412545","1","",".0100","412545","","2025-04-10 11:47:00","1"
"3046","55","412554-2","1","","30.4500","412554-2 -#1395","","2025-04-10 11:47:00","1"
"3692","55","412569-4","1","","43.5200","G412569/706812-4FOOT -#713AB","","2025-04-10 11:47:00","1"
"3693","55","412569-6","1","","65.2800","G412569/706812-6FOOT -#713AB","","2025-04-10 11:47:00","1"
"3694","55","412569-8","1","","87.0400","G412569/706812-8FOOT -#713AB","","2025-04-10 11:47:00","1"
"2626","100","412604","1","",".0100","412604","","2025-04-10 11:47:00","1"
"3244","55","412621","1","","7.9500","412621 -#1377","","2025-04-10 11:47:00","1"
"3695","55","412637-4","1","","43.5200","G412637/706812-4FOOT -#713ABG","","2025-04-10 11:47:00","1"
"3696","55","412637-8","1","","87.0400","G412637/706812-8FOOT -#713ABG","","2025-04-10 11:47:00","1"
"3991","11","412638","1","","12.8000","410796 -#0","","",""
"4082","55","412654","1","",".0100","2028","","",""
"3153","55","412680","1","","55.7200","412680 -#678S","","2025-04-10 11:47:00","1"
"3752","55","412691","1","","56.9500","412691 -#1838","","2025-04-10 11:47:00","1"
"1814","100","412900","1","",".0100","412900","","2025-04-10 11:47:00","1"
"1813","100","412901-2","1","",".0100","412901-2","","2025-04-10 11:47:00","1"
"1815","100","412902-2","1","",".0100","412902-2","","2025-04-10 11:47:00","1"
"1816","100","412903","1","",".0100","412903","","2025-04-10 11:47:00","1"
"3903","55","413268","1","","115.6000","413268 -#2081","","2025-04-10 11:47:00","1"
"3902","55","413269","1","","88.4000","413269 -#2082","","2025-04-10 11:47:00","1"
"3596","55","413311","1","","17.8500","413311 -#1409","","2025-04-10 11:47:00","1"
"1820","11","413344-5","1","",".0100","413344-5","","2025-04-10 11:47:00","1"
"1822","100","413362","1","",".0100","413362","","2025-04-10 11:47:00","1"
"1823","11","413362-1","1","",".0100","413362-1","","2025-04-10 11:47:00","1"
"313","100","413368","1","",".0100","413368","","2025-04-10 11:47:00","1"
"3564","55","413379","1","","35.6600","413379 - #1048","","2025-04-10 11:47:00","1"
"3154","55","413426","1","","84.2800","413426 -#1516R","","2025-04-10 11:47:00","1"
"3155","55","413427","1","","84.2800","413427 -#1516L","","2025-04-10 11:47:00","1"
"3156","55","413436","1","","34.0300","413436 -#1537","","2025-04-10 11:47:00","1"
"3157","55","413454","1","","26.8200","413454 -#1350","","2025-04-10 11:47:00","1"
"319","100","413464","1","",".0100","413464","","2025-04-10 11:47:00","1"
"1519","100","413477","1","",".0100","413477","","2025-04-10 11:47:00","1"
"2723","55","413549","1","","28.5100","413549 -#1520","","2025-04-10 11:47:00","1"
"3158","55","413550","1","","96.0500","413550 -#1232","","2025-05-27 17:14:00","1"
"3162","55","413584","1","","113.9000","413584 -#1233","","2025-04-10 11:47:00","1"
"3874","55","413649","1","","11.0500","413649 -#2012","","2025-04-10 11:47:00","1"
"3773","11","413708","1","","63.7600","413708 -CRL 777SL","","2025-04-10 11:47:00","1"
"1825","11","413733","1","",".0100","413733","","2025-04-10 11:47:00","1"
"1826","11","413766","1","",".0100","413766","","2025-04-10 11:47:00","1"
"322","100","413767","1","",".0100","413767","","2025-04-10 11:47:00","1"
"3604","11","413769-4","1","",".0100","413769 -ADDISON","","2025-04-10 11:47:00","1"
"3603","11","413769-6","1","",".0100","413769 -ADDISON","","2025-04-10 11:47:00","1"
"2671","11","413791","1","","18.7400","413791 -#1385","","2025-04-10 11:47:00","1"
"3980","55","413810","1","","58.6500","413810 -#1836","","",""
"325","100","413811-1","1","",".0100","413811-1","","2025-04-10 11:47:00","1"
"3401","55","413828","1","","72.9400","413828 -#1392L","","2025-04-10 11:47:00","1"
"3402","55","413829","1","","72.9400","413829 -#1392R","","2025-04-10 11:47:00","1"
"3229","55","413830","1","","182.1300","413830 -#1365","","2025-04-10 11:47:00","1"
"1828","100","413930","1","",".0100","413930","","2025-04-10 11:47:00","1"
"1829","100","413931","1","",".0100","413931","","2025-04-10 11:47:00","1"
"3090","55","413936","1","","51.0000","413936 -#1741","","2025-04-10 11:47:00","1"
"1632","100","413946","1","",".0100","413946","","2025-04-10 11:47:00","1"
"2622","55","413960","1","","62.8100","413960 -#1673","","2025-04-10 11:47:00","1"
"3159","55","413973","1","","68.0000","413973 -#1672","","2025-04-10 11:47:00","1"
"4077","11","414011","1","","36.1200","414011 -D/C","","",""
"3161","55","414104","1","","61.2900","414104 -#1671","","2025-04-10 11:47:00","1"
"2724","55","414107-1","1","",".0100","414107-1 -#1520 & #1517","","2025-04-10 11:47:00","1"
"1831","11","414107-2","1","",".0100","414107-2","","2025-04-10 11:47:00","1"
"3050","55","415000","1","","17.4100","415000 -#1662","","2025-04-10 11:47:00","1"
"2996","55","415001","1","","14.1400","415001 -1462","","2025-04-10 11:47:00","1"
"2670","11","415049-1","1","","16.6900","415049-1 -#1666","","2025-04-10 11:47:00","1"
"2048","11","415049-2","1","","16.6900","415049-2 -#1667","","2025-04-10 11:47:00","1"
"331","100","415069-1","1","",".0100","415069-1","","2025-04-10 11:47:00","1"
"332","100","415069-2","1","",".0100","415069-2","","2025-04-10 11:47:00","1"
"333","100","415077-1","1","",".0100","415077-1","","2025-04-10 11:47:00","1"
"2997","55","415078","1","","16.1500","415078 -#1580","","2026-03-12 13:48:00","1"
"3621","11","415117-2","1","","53.6000","415117-2 -#0","","2025-04-10 11:47:00","1"
"2583","55","415119","1","","141.5000","415119 -#1669","","2025-04-10 11:47:00","1"
"3062","55","417024-1","1","","9.0800","417024-1 -#1653","","2025-04-10 11:47:00","1"
"3063","55","417024-2","1","","9.0800","417024-2 -#1654","","2025-04-10 11:47:00","1"
"1850","100","417047","1","",".0100","417047","","2025-04-10 11:47:00","1"
"3061","55","417049","1","","6.8100","417049 -#1660","","2025-04-10 11:47:00","1"
"1852","100","417057","1","",".0100","417057","","2025-04-10 11:47:00","1"
"1853","100","417060","1","",".0100","417060","","2025-04-10 11:47:00","1"
"3085","55","417061","1","","5.1600","417061 -#1779","","2025-04-10 11:47:00","1"
"1854","100","417066","1","",".0100","417066","","2025-04-10 11:47:00","1"
"3163","55","417131","1","","17.4100","417131 -#1659","","2025-04-10 11:47:00","1"
"3164","55","417218","1","","35.5600","417218 -#1656","","2025-04-10 11:47:00","1"
"3066","55","417221","1","","7.6400","417221 -(ADDISON)","","2025-04-10 11:47:00","1"
"2845","11","417667","1","",".0100","417667","","2025-04-10 11:47:00","1"
"3917","11","417667-03","1","","1.0000","417667-03 -#0","","2025-04-10 11:47:00","1"
"336","100","4204100092","1","",".0100","4204100092","","2025-04-10 11:47:00","1"
"865","100","4204100147","1","",".0100","4204100147","","2025-04-10 11:47:00","1"
"866","100","4204100148","1","",".0100","4204100148","","2025-04-10 11:47:00","1"
"877","100","4204100313","1","",".0100","4204100313","","2025-04-10 11:47:00","1"
"3302","55","4204100379","1","","47.0000","4204100379 -#34-O/S","","2025-04-10 11:47:00","1"
"867","100","4204100707","1","",".0100","4204100707","","2025-04-10 11:47:00","1"
"868","100","4204100708","1","",".0100","4204100708","","2025-04-10 11:47:00","1"
"869","100","4204100831-4","1","",".0100","4204100831-4 - (QTY=#4 FT PCS)","","2026-04-23 15:48:00","1"
"870","100","4204100831-8","1","",".0100","4204100831-8ft.(QTY=#8FT PCS)","","2025-04-10 11:47:00","1"
"4105","100","4204100831A-4","1","",".0100","4204100831A-(QTY=#4 FT PCS)","","2026-04-23 15:47:00","1"
"4106","100","4204100831A-8","1","",".0100","4204100831A-(QTY=#8 FT PCS)","","2026-04-23 15:47:00","1"
"878","100","4204101996","1","",".0100","4204101996","","2025-04-10 11:47:00","1"
"879","100","4204102019","1","",".0100","4204102019","","2025-04-10 11:47:00","1"
"880","100","4204102971","1","",".0100","4204102971","","2025-04-10 11:47:00","1"
"881","100","4204103797","1","",".0100","4204103797","","2025-04-10 11:47:00","1"
"3361","55","4204104975","1","","52.9900","4204104975 -#187L","","2025-04-10 11:47:00","1"
"3362","55","4204104976","1","","52.9900","4204104976 -#187R","","2025-04-10 11:47:00","1"
"876","100","4204106938","1","",".0100","4204106938","","2025-04-10 11:47:00","1"
"3298","55","4204106943","1","","75.9800","4204106943 -#1137","","2025-04-10 11:47:00","1"
"882","100","4204108593","1","",".0100","4204108593","","2025-04-10 11:47:00","1"
"3299","55","4204108946","1","","60.7800","4204108946 -#701","","2025-04-10 11:47:00","1"
"939","100","4204109416","1","",".0100","4204109416","","2025-04-10 11:47:00","1"
"883","100","4204109417","1","",".0100","4204109417","","2025-04-10 11:47:00","1"
"873","100","4204109598","1","",".0100","4204109598","","2025-04-10 11:47:00","1"
"4049","55","4204109715","1","","33.1500","4204109715 -#905","","",""
"3301","55","4204109746","1","","47.0000","4204109746 -#34-N/S","","2025-04-10 11:47:00","1"
"884","100","4204109752A","1","",".0100","4204109752A","","2025-04-10 11:47:00","1"
"885","100","4204109770","1","",".0100","4204109770","","2025-04-10 11:47:00","1"
"886","100","4204109771","1","",".0100","4204109771","","2025-04-10 11:47:00","1"
"887","100","4204109772","1","",".0100","4204109772","","2025-04-10 11:47:00","1"
"888","100","4204109773","1","",".0100","4204109773","","2025-04-10 11:47:00","1"
"958","100","4204110674","1","",".0100","4204110674","","2025-04-10 11:47:00","1"
"889","100","4204111653","1","",".0100","4204111653","","2025-04-10 11:47:00","1"
"3909","55","4204115460","1","","33.1500","4204115460 -#784","","2025-04-10 11:47:00","1"
"892","100","4204115762","1","",".0100","4204115762","","2025-04-10 11:47:00","1"
"3441","55","4204115764","1","","11.1400","4204115764 -#1021","","2025-04-10 11:47:00","1"
"3440","55","4204115765","1","","12.1600","4204115765 -#1020","","2025-04-10 11:47:00","1"
"891","100","4204115784","1","",".0100","4204115784","","2025-04-10 11:47:00","1"
"895","100","4204116919","1","",".0100","4204116919","","2025-04-10 11:47:00","1"
"957","100","4204118236","1","",".0100","4204118236","","2025-04-10 11:47:00","1"
"896","100","4204118653","1","",".0100","4204118653","","2025-04-10 11:47:00","1"
"897","100","4204120316","1","",".0100","4204120316","","2025-04-10 11:47:00","1"
"898","100","4204120572","1","",".0100","4204120572","","2025-04-10 11:47:00","1"
"4149","10","425","1","","11.9700","425","","",""
"941","100","4299100689","1","",".0100","4299100689","","2025-04-10 11:47:00","1"
"940","100","4299100917","1","",".0100","4299100917","","2025-04-10 11:47:00","1"
"3779","55","430-001B","1","","29.2000","430-001B -#0","","2025-04-10 11:47:00","1"
"1635","100","431622","1","",".0100","431622","","2025-04-10 11:47:00","1"
"3597","55","431795-4ft","1","","20.4000","431795-4ft. -#1434B","","2025-04-10 11:47:00","1"
"1858","100","431795-8ft","1","",".0100","431795-8ft","","2025-04-10 11:47:00","1"
"3699","55","432472-4","1","","27.2000","G432472/706812-4FOOT -#713BSG","","2025-04-10 11:47:00","1"
"3700","55","432472-8","1","","54.4000","G432472/706812-8FOOT -#713BSG","","2025-04-10 11:47:00","1"
"3701","55","432569-4","1","","27.2000","G432569/706812-4FOOT -#713BB","","2025-04-10 11:47:00","1"
"3702","55","432569-8","1","","54.4000","G432569/706812-8FOOT -#713BB","","2025-04-10 11:47:00","1"
"3703","55","432637-4","1","","27.2000","G432637/706812-4FOOT -#713BBG","","2025-04-10 11:47:00","1"
"3704","55","432637-8","1","","54.4000","G432637/706812-8FOOT -#713BBG","","2025-04-10 11:47:00","1"
"1859","11","432943","1","",".0100","432943","","2025-04-10 11:47:00","1"
"2073","100","44-1100-0003","1","",".0100","44-1100-0003","","2025-04-10 11:47:00","1"
"3614","88","4410","1","","18.0200","4410","","2025-04-10 11:47:00","1"
"3744","88","4419","1","","47.7000","4419","","2025-04-10 11:47:00","1"
"1860","100","442436","1","",".0100","442436","","2025-04-10 11:47:00","1"
"3610","88","4459","1","","291.5000","4459","","2025-04-10 11:47:00","1"
"4150","10","446","1","","22.8300","446","","",""
"3613","88","4461","1","","450.0000","4461","","2025-04-10 11:47:00","1"
"3794","11","4591-01-00-628","1","","75.5000","4591-01-00-628 -#SEC LOCK","","2025-04-10 11:47:00","1"
"3797","11","4591-02-00-628","1","","75.5000","4591-02-00-628 -#SEC LOCK","","2025-04-10 11:47:00","1"
"3798","11","4591-03-00-628","1","","75.5000","4591-03-00-628 -#SEC LOCK","","2025-04-10 11:47:00","1"
"3796","11","4591-04-00-628","1","","75.5000","4591-04-00-628 -#SEC LOCK","","2025-04-10 11:47:00","1"
"3490","11","4603","1","","9.5000","4603 -#SEC LOCK","","2025-04-10 11:47:00","1"
"3018","55","4630-3034","1","","14.9600","4630-3034 -#1719","","2025-04-10 11:47:00","1"
"3015","55","4630-3077T-AL","1","1","200.3000","4630-3077T -#1717","","2025-04-10 11:47:00","1"
"3019","55","4630-4640-1545","1","","14.9600","4630/4640 -#1545","","2025-04-10 11:47:00","1"
"3573","55","4630-4640-2023","1","","25.5000","4630/4640 -#2023","","2025-04-10 11:47:00","1"
"3016","55","4640-3077","1","","99.4500","4640-3077 -#1716","","2025-04-10 11:47:00","1"
"3799","55","4640-3077AL","1","","99.4500","4640-3077AL -#1716","","2025-04-10 11:47:00","1"
"938","100","4640-3077DU","1","",".0100","4640-3077DU","","2025-04-10 11:47:00","1"
"3017","55","4640-480","1","","50.4000","4640-480 -#1718","","2025-04-10 11:47:00","1"
"2984","11","4810-3077T-AL","1","","124.2000","4810-3077T-AL -ADDISON","","2025-04-10 11:47:00","1"
"3997","11","481H","1","","27.6000","481H US26D -PARK AVE LK","","",""
"2856","11","482A1U","1","","39.4200","482A1U -#SEC LK","","2025-04-10 11:47:00","1"
"2857","11","484A1U","1","","102.6000","484A1U -SECLK","","2025-04-10 11:47:00","1"
"3795","11","4900-35-101-628","1","","68.0000","4900-35-101-628 -#SEC LOCK","","2025-04-10 11:47:00","1"
"4155","10","491","1","","6.7000","491","","",""
"4156","10","492","1","","4.2900","492","","",""
"4157","10","493","1","","4.6100","493","","",""
"4158","10","495","1","","5.4500","495","","",""
"4084","100","5-11-4004MF","1","","45.2800","5-11-4004MF (CUT TO 7FT)","","",""
"1458","100","5-11-4007-04","1","",".0100","5-11-4007-4ft.(QTY=#4FT PCS)","","2025-04-10 11:47:00","1"
"1459","100","5-11-4007-08","1","",".0100","5-11-4007-8ft. (QTY=#8FT. PCS)","","2025-04-10 11:47:00","1"
"3705","55","5-11-4008-MF-04","1","","137.7000","5-11-4008/9-70-0077 -#1047-4","","2025-04-10 11:47:00","1"
"3706","55","5-11-4008-MF-08","1","","276.2500","5-11-4008/9-70-0077 -#1047-8","","2025-04-10 11:47:00","1"
"3707","55","5-11-4039CL-04","1","","23.8000","5-11-4039CL-4FOOT -#1635AG","","2025-04-10 11:47:00","1"
"3708","55","5-11-4039CL-8ft","1","","47.6000","5-11-4039CL-8FOOT -#1635AG","","2025-04-10 11:47:00","1"
"3709","55","5-11-4039DB-04","1","","23.8000","5-11-4039DB-4FOOT -#1635BG","","2025-04-10 11:47:00","1"
"3710","55","5-11-4039DB-8ft","1","","47.6000","5-11-4039DB-8FOOT -#1635BG","","2025-04-10 11:47:00","1"
"3711","55","5-11-4040-04","1","","17.0000","5-11-4040-4FOOT -#1635AS","","2025-04-10 11:47:00","1"
"3712","55","5-11-4040-8FT","1","","34.0000","5-11-4040-8FOOT -#1635AS","","2025-04-10 11:47:00","1"
"3713","55","5-11-4040DB-04","1","","17.0000","5-11-4040DB-4FOOT -#1635BS","","2025-04-10 11:47:00","1"
"3714","55","5-11-4040DB-8ft","1","","34.0000","5-11-4040DB-8FOOT -#1635BS","","2025-04-10 11:47:00","1"
"3715","11","5-11-4042CL-04","1","",".0100","5-11-4042CL (SPECIAL ORDER)","","2025-04-10 11:47:00","1"
"3716","11","5-11-4042CL-8FT","1","",".0100","5-11-4042CL ((SPECIAL ORDER)","","2025-04-10 11:47:00","1"
"344","100","5-19-4003-4","1","",".0100","5-19-4003-4","","2025-04-10 11:47:00","1"
"345","100","5-19-4003-8","1","",".0100","5-19-4003-8","","2025-04-10 11:47:00","1"
"3717","55","5-51-4004-08","1","","41.6500","5-51-4004-08 -#1629","","2025-04-10 11:47:00","1"
"348","100","5-51-4013","1","",".0100","5-51-4013","","2025-04-10 11:47:00","1"
"349","100","5-51-4014-4","1","",".0100","5-51-4014-4","","2025-04-10 11:47:00","1"
"350","100","5-51-4014-8","1","",".0100","5-51-4014-8","","2025-04-10 11:47:00","1"
"351","100","5-51-4015-4","1","",".0100","5-51-4015-4","","2025-04-10 11:47:00","1"
"352","100","5-51-4015-8","1","",".0100","5-51-4015-8","","2025-04-10 11:47:00","1"
"3718","55","5-51-4016-04","1","","88.4000","5-51-4016-4FOOT -#982","","2025-04-10 11:47:00","1"
"3719","55","5-51-4016-08","1","","176.8000","5-51-4016-8FOOT -#982","","2025-04-10 11:47:00","1"
"997","100","5-9-2R","1","",".0100","5-9-2R","","2025-04-10 11:47:00","1"
"355","100","50-01-063","1","",".0100","50-01-063","","2025-04-10 11:47:00","1"
"2850","55","50-01-602-4","1","","9.3600","US01-0517-LLMF -1299 (4ft)","","2025-04-10 11:47:00","1"
"2855","55","50-01-602-8","1","","18.7200","US01-0517-LLMF -1299 (8ft)","","2025-04-10 11:47:00","1"
"3720","55","50-01-620-4","1","","37.4000","50-01-620 -4 -#1298","","2025-04-10 11:47:00","1"
"3721","55","50-01-620-8","1","","74.8000","50-01-620-8FOOT -#1298","","2025-04-10 11:47:00","1"
"2913","55","50-04-100","1","","99.2800","50-04-100 -75C","","2025-04-10 11:47:00","1"
"3734","55","50-04-147","1","","60.3500","50-04-147 -#278","","2025-04-10 11:47:00","1"
"362","100","50-04-147A","1","",".0100","50-04-147A","","2025-04-10 11:47:00","1"
"2852","55","50-04-203","1","","97.7500","50-04-203 -#673","","2025-04-10 11:47:00","1"
"2911","55","50-04-410","1","","14.4300","50-04-410 -#298","","2025-04-10 11:47:00","1"
"365","100","50-04-410DC","1","",".0100","50-04-410DC","","2025-04-10 11:47:00","1"
"366","100","50-04-411","1","",".0100","50-04-411","","2025-04-10 11:47:00","1"
"3205","55","50-05-009","1","","81.0400","50-05-009 -#1388A","","2025-04-10 11:47:00","1"
"3206","55","50-05-010","1","","91.1700","50-05-010 -#1388B","","2025-04-10 11:47:00","1"
"369","100","50-05-016","1","",".0100","50-05-016","","2025-04-10 11:47:00","1"
"370","100","50-05-041","1","",".0100","50-05-041","","2025-04-10 11:47:00","1"
"371","100","50-08-8805","1","",".0100","50-08-8805","","2025-04-10 11:47:00","1"
"3253","55","50-15-0005","1","","38.5000","50-15-0005 -#155","","2025-04-10 11:47:00","1"
"2756","55","50-15-114","1","","92.4500","50-15-114 -#362","","2025-04-10 11:47:00","1"
"372","100","50-15-137","1","",".0100","50-15-137","","2025-04-10 11:47:00","1"
"2570","55","50-15-146","1","","83.3000","50-15-146-#178","","2026-08-18 10:30:00","1"
"2680","55","50-15-147","1","","163.8700","50-15-147 -#179C","","2025-04-10 11:47:00","1"
"375","100","50-15-167","1","",".0100","50-05-015","","2025-04-10 11:47:00","1"
"376","100","50-15-380","1","",".0100","50-15-380","","2025-04-10 11:47:00","1"
"2910","55","50-15-390","1","","96.0500","50-15-390 -#298C","","2025-04-10 11:47:00","1"
"378","100","50-15-396","1","",".0100","50-15-396 - 4ft.","","2025-04-10 11:47:00","1"
"1251","100","50-15-396-8","1","",".0100","50-15-396 - 8ft","","2025-04-10 11:47:00","1"
"379","100","50-15-400","1","",".0100","50-15-400","","2025-04-10 11:47:00","1"
"380","100","50-15-410","1","",".0100","50-15-410","","2025-04-10 11:47:00","1"
"381","100","50-15-416","1","",".0100","50-15-416","","2025-04-10 11:47:00","1"
"382","100","50-15-417","1","",".0100","50-15-417","","2025-04-10 11:47:00","1"
"383","100","50-15-475","1","",".0100","50-15-475 (# of 4FT Sections)","","2025-04-10 11:47:00","1"
"384","100","50-15-475-8","1","",".0100","50-15-475 (# of 8FT Sections)","","2025-04-10 11:47:00","1"
"2812","55","50-15-560SCL","1","","80.7500","50-15-560SCL -785R","","2025-04-10 11:47:00","1"
"2813","55","50-15-561SCL","1","","80.7500","50-15-561SCL -785L","","2025-04-10 11:47:00","1"
"387","100","50-20-100","1","",".0100","50-20-100","","2025-04-10 11:47:00","1"
"1742","100","50-20-102","1","",".0100","50-20-102","","2025-04-10 11:47:00","1"
"388","100","50-20-103","1","",".0100","50-20-103","","2025-04-10 11:47:00","1"
"1717","100","50-20-106","1","",".0100","50-20-106","","2025-04-10 11:47:00","1"
"3958","55","50-20-123","1","","1.7300","50-20-123 -#2071","","",""
"2851","55","50-20-135","1","","4.2500","50-20-135 -#625","","2025-04-10 11:47:00","1"
"3772","11","50-20-6402","1","","2.5500","50-20-6402 -#1268","","2025-04-10 11:47:00","1"
"2912","55","50-21-002","1","","4.0500","50-21-002 -#755","","2025-04-10 11:47:00","1"
"2914","55","50-21-0901","1","","30.9900","50-21-0901 -76","","2025-04-10 11:47:00","1"
"393","100","50-331-AL","1","",".0100","50-331-AL","","2025-04-10 11:47:00","1"
"394","100","50-331-BLK","1","",".0100","50-331-BLK","","2025-04-10 11:47:00","1"
"395","100","50-331-DU","1","",".0100","50-331-40","","2025-04-10 11:47:00","1"
"2224","11","50.0007","1","",".0100","50.0007","","2025-04-10 11:47:00","1"
"1021","100","50010130K","1","",".0100","50010130K","","2025-04-10 11:47:00","1"
"1023","100","50040007","1","",".0100","50040007","","2025-04-10 11:47:00","1"
"1022","100","50040008","1","",".0100","50040008","","2025-04-10 11:47:00","1"
"1024","100","50040042K","1","",".0100","50040042K","","2025-04-10 11:47:00","1"
"1025","100","50070075S","1","",".0100","50070075S","","2025-04-10 11:47:00","1"
"1026","100","50070117","1","",".0100","50070117","","2025-04-10 11:47:00","1"
"1027","100","50070450","1","",".0100","50070450","","2025-04-10 11:47:00","1"
"1028","100","50070600","1","",".0100","50070600","","2025-04-10 11:47:00","1"
"1029","100","50070602","1","",".0100","50070602","","2025-04-10 11:47:00","1"
"1030","100","50070603","1","",".0100","50070603","","2025-04-10 11:47:00","1"
"1031","100","50070604","1","",".0100","50070604","","2025-04-10 11:47:00","1"
"1032","100","50070610","1","",".0100","50070610","","2025-04-10 11:47:00","1"
"1033","100","50070611","1","",".0100","50070611","","2025-04-10 11:47:00","1"
"1036","100","50070962","1","",".0100","50070962","","2025-04-10 11:47:00","1"
"1035","100","500709951","1","",".0100","500709951","","2025-04-10 11:47:00","1"
"1037","100","50071106","1","",".0100","50071106","","2025-04-10 11:47:00","1"
"1034","100","50071199","1","",".0100","50071199","","2025-04-10 11:47:00","1"
"1038","100","50071267","1","",".0100","50071267","","2025-04-10 11:47:00","1"
"1039","100","50071267B","1","",".0100","50071267B","","2025-04-10 11:47:00","1"
"1040","100","50071268","1","",".0100","50071268","","2025-04-10 11:47:00","1"
"1041","100","50071269","1","",".0100","50071269","","2025-04-10 11:47:00","1"
"1043","100","50071410","1","",".0100","50071410","","2025-04-10 11:47:00","1"
"1042","100","50071602","1","",".0100","50071602","","2025-04-10 11:47:00","1"
"1044","100","50080010","1","",".0100","50080010","","2025-04-10 11:47:00","1"
"4144","10","507","1","","5.8600","507","","",""
"1754","11","514542","1","",".0100","514542 & 415078","","2025-04-10 11:47:00","1"
"3165","55","514878","1","","13.5600","514878 -#266","","2025-04-10 11:47:00","1"
"1861","11","514886","1","",".0100","514886","","2025-04-10 11:47:00","1"
"3166","55","515059","1","","71.4000","515059 -#254","","2025-04-10 11:47:00","1"
"3118","55","515073-411507","1","","21.0500","515073/411507 -#1073","","2025-04-10 11:47:00","1"
"1633","100","515101","1","",".0100","515101","","2025-04-10 11:47:00","1"
"1514","100","515190","1","",".0100","515190","","2025-04-10 11:47:00","1"
"2937","55","515191","1","","19.7500","515191 -261R","","2025-04-10 11:47:00","1"
"2938","55","515191-2","1","","19.7500","515191-2 -695R","","2025-04-10 11:47:00","1"
"2939","55","515192","1","","20.4000","515192 -261L","","2025-04-10 11:47:00","1"
"2941","55","515192-2","1","","19.7500","515192-2 -695L","","2025-04-10 11:47:00","1"
"1542","100","515193","1","",".0100","515193","","2025-04-10 11:47:00","1"
"1541","100","515193-2","1","",".0100","515193-2","","2025-04-10 11:47:00","1"
"1864","100","515252","1","",".0100","515252","","2025-04-10 11:47:00","1"
"1638","100","515260-4","1","",".0100","515260-4","","2025-04-10 11:47:00","1"
"1639","100","515260-6","1","",".0100","515260-6FT","","2025-04-10 11:47:00","1"
"1640","100","515260-8","1","",".0100","515260-8FT","","2025-04-10 11:47:00","1"
"3432","55","515261","1","","76.8700","515261 -#1839","","2025-04-10 11:47:00","1"
"3755","55","515262-4","1","","127.2000","515262 -#249A (#4ft Sections)","","2025-04-10 11:47:00","1"
"3756","55","515262-6","1","","190.8000","515262-#249A (#6ft Sections)","","2025-04-10 11:47:00","1"
"3757","55","515262-8","1","","254.4000","515262-#249A (#8ft Sections)","","2025-04-10 11:47:00","1"
"3464","55","515488-1","1","","23.8000","515488 -#1829","","2025-12-22 15:40:00","1"
"1631","100","515489","1","",".0100","515489","","2025-04-10 11:47:00","1"
"1866","100","515589","1","",".0100","515589","","2025-04-10 11:47:00","1"
"3211","55","515694","1","","9.9300","515694 -#1380","","2025-04-10 11:47:00","1"
"3776","55","515695","1","","9.3500","515695 -#1379","","2025-04-10 11:47:00","1"
"405","100","515716","1","",".0100","515716","","2025-04-10 11:47:00","1"
"3595","55","515735","1","","44.2000","515735 -#1371S","","2025-04-10 11:47:00","1"
"3594","55","515736","1","","44.2000","515736 -#1371D","","2025-04-10 11:47:00","1"
"2632","55","515769","1","","44.2000","515769 -#1514","","2025-04-10 11:47:00","1"
"1874","100","515787","1","",".0100","515787","","2025-04-10 11:47:00","1"
"1875","100","515828","1","",".0100","515828","","2025-04-10 11:47:00","1"
"3592","55","515872-4ft","1","","127.1200","515872-4FT -#1311A","","2025-04-10 11:47:00","1"
"3593","55","515872-8FT","1","","254.2400","515872-8FT -#1311A","","2025-04-10 11:47:00","1"
"1668","100","515878-18","1","",".0100","515878-18FT","","2025-04-10 11:47:00","1"
"1667","100","515878-9","1","",".0100","515878-9FT","","2025-04-10 11:47:00","1"
"1878","11","515884","1","",".0100","515884","","2025-04-10 11:47:00","1"
"4039","55","515885","1","","39.1000","515885 -#2030","","",""
"3846","55","515895","1","","70.0400","515895 -#2057","","2025-04-10 11:47:00","1"
"2833","55","515909","1","","65.8500","516699-3 -771R","","2025-04-10 11:47:00","1"
"2834","55","515910","1","","65.8500","516699-4 -771L","","2025-04-10 11:47:00","1"
"1881","11","515918","1","",".0100","515918","","2025-04-10 11:47:00","1"
"3168","55","516030","1","","9.9300","516030 -#1381","","2025-04-10 11:47:00","1"
"1884","100","516076","1","",".0100","516076","","2025-04-10 11:47:00","1"
"407","100","516203","1","",".0100","516203","","2025-04-10 11:47:00","1"
"3588","55","516214","1","","148.3100","516214 -#1202","","2025-04-10 11:47:00","1"
"1634","100","516285","1","",".0100","516285","","2025-04-10 11:47:00","1"
"1661","100","516327-4","1","",".0100","516327-4FT","","2025-04-10 11:47:00","1"
"1660","100","516327-6","1","",".0100","516327-6FT","","2025-04-10 11:47:00","1"
"1659","100","516327-8","1","",".0100","516327-8FT","","2025-04-10 11:47:00","1"
"1649","100","516339-4","1","",".0100","516339-4FT","","2025-04-10 11:47:00","1"
"1648","100","516339-6","1","",".0100","516339-6FT","","2025-04-10 11:47:00","1"
"1647","100","516339-8","1","",".0100","516339-8FT","","2025-04-10 11:47:00","1"
"1650","100","516340-4","1","",".0100","516340-4FT","","2025-04-10 11:47:00","1"
"1651","100","516340-6","1","",".0100","516340-6FT","","2025-04-10 11:47:00","1"
"1652","100","516340-8","1","",".0100","516340-8FT","","2025-04-10 11:47:00","1"
"1885","100","516630-11500","1","",".0100","516630-11500","","2025-04-10 11:47:00","1"
"3510","11","516660","1","","81.0400","516660 -#1205","","2025-04-10 11:47:00","1"
"3428","55","516671","1","","40.1900","516671 -#1183","","2025-04-10 11:47:00","1"
"3170","55","516699-5","1","","65.8500","516699-5 -#771RM","","2025-04-10 11:47:00","1"
"2835","55","516699-6","1","","65.8500","516699-6 -771LM","","2025-04-10 11:47:00","1"
"1886","100","516704","1","",".0100","516704","","2025-04-10 11:47:00","1"
"3094","55","516777","1","","53.6900","516777 -#1405","","2025-04-10 11:47:00","1"
"1504","100","516791","1","",".0100","516791","","2025-04-10 11:47:00","1"
"1505","100","516792","1","",".0100","516792","","2025-04-10 11:47:00","1"
"413","100","516855","1","",".0100","516855","","2025-04-10 11:47:00","1"
"3169","55","516857-1","1","","39.9500","516857-1 -#1664","","2025-04-10 11:47:00","1"
"415","100","516857-2","1","",".0100","516857-2","","2025-04-10 11:47:00","1"
"3171","55","516861","1","","7.9500","516861 -#1339","","2025-04-10 11:47:00","1"
"3524","55","516871","1","","66.4700","516987-1 -#1987","","2025-04-10 11:47:00","1"
"1891","11","516872","1","",".0100","516872","","2025-04-10 11:47:00","1"
"3722","11","516907","1","","538.0000","516907-#0","","2025-04-10 11:47:00","1"
"1893","11","516908","1","","1154.5400","516908","","2025-04-17 13:00:00","1"
"3929","11","516910","1","","280.8000","516910 -#0","","2025-04-10 11:47:00","1"
"4042","100","517081-4","1","","35.2800","517081-4ft.","","",""
"1895","100","517081-8FT","1","",".0100","517081-8ft","","2025-04-10 11:47:00","1"
"417","100","517082","1","","19.9800","517082 -6FT LENGTHS","","2025-04-10 11:47:00","1"
"1898","11","517083-4ft","1","",".0100","517083-4FT","","2025-04-10 11:47:00","1"
"1899","11","517083-8ft","1","",".0100","517083-8ft","","2025-04-10 11:47:00","1"
"3172","55","517104","1","","9.8300","517104 -#1658","","2025-04-10 11:47:00","1"
"3173","55","517105","1","","10.5900","517105 -#1657","","2025-04-10 11:47:00","1"
"3064","55","517117-1","1","","18.1300","517117-1 -(ADDISON)","","2025-04-10 11:47:00","1"
"3065","55","517117-2","1","","18.1300","517117-2 -(ADDISON)","","2025-04-10 11:47:00","1"
"1972","11","517211","1","","80.2000","517211 -#1561","","2025-04-10 11:47:00","1"
"1973","11","517211-1","1","","80.2000","517211-1 (ADDISON #1561)","","2025-04-10 11:47:00","1"
"3943","11","517350","1","","48.5600","517350 -D/C","","2025-04-10 11:47:00","1"
"2648","11","517864","1","",".0100","517864","","2025-04-10 11:47:00","1"
"2672","11","517924","1","","30.0000","517924","","2025-04-10 11:47:00","1"
"3753","11","517940","1","","70.0000","517940 -#0","","2025-04-10 11:47:00","1"
"3947","11","5200C-630","1","","117.0000","5200C-630 -SECLK/LKMSTRS","","",""
"1643","100","535260-4","1","",".0100","535260-4FT","","2025-04-10 11:47:00","1"
"1642","100","535260-6","1","",".0100","535260-6FT","","2025-04-10 11:47:00","1"
"1641","100","535260-8","1","",".0100","535260-8FT","","2025-04-10 11:47:00","1"
"3758","55","535262-4","1","","127.2000","535262 -#249B (#4ft Sections)","","2025-04-10 11:47:00","1"
"3759","55","535262-6","1","","190.8000","535262-#249B (#6ft Sections)","","2025-04-10 11:47:00","1"
"3760","55","535262-8","1","","254.4000","535262-#249B (#8ft Sections)","","2025-04-10 11:47:00","1"
"1901","11","535872","1","",".0100","535872","","2025-04-10 11:47:00","1"
"1666","100","535878-18","1","",".0100","535878-18FT","","2025-04-10 11:47:00","1"
"1664","100","535878-9","1","",".0100","535878 - 9FT","","2025-04-10 11:47:00","1"
"1656","100","536327-4","1","",".0100","536327-4FT","","2025-04-10 11:47:00","1"
"1657","100","536327-6","1","",".0100","536327-6FT","","2025-04-10 11:47:00","1"
"1658","100","536327-8","1","",".0100","536327-8FT","","2025-04-10 11:47:00","1"
"1644","100","536339-4","1","",".0100","536339-4FT","","2025-04-10 11:47:00","1"
"1645","100","536339-6","1","",".0100","536339-6FT","","2025-04-10 11:47:00","1"
"1646","100","536339-8","1","",".0100","536339-8FT","","2025-04-10 11:47:00","1"
"1655","100","536340-4","1","",".0100","536340  (# of 4ft Sections)","","2025-04-10 11:47:00","1"
"1654","100","536340-6","1","",".0100","536340 (# of 8ft Sections CUT)","","2025-04-10 11:47:00","1"
"1653","100","536340-8","1","",".0100","536340  (# of 8ft Sections)","","2025-04-10 11:47:00","1"
"2797","100","537081-4","1","",".0100","537081 - (4FT SECTION)","","2025-04-10 11:47:00","1"
"1903","11","537081-8ft","1","",".0100","537081-8ft","","2025-04-10 11:47:00","1"
"1904","100","537082-4ft","1","","13.3200","537082-4FT LENGTHS","","2025-04-10 11:47:00","1"
"1905","11","537082-8ft","1","",".0100","537082-8ft","","2025-04-10 11:47:00","1"
"1907","11","537083-4ft","1","",".0100","537083-4ft","","2025-04-10 11:47:00","1"
"1906","11","537083-8ft","1","",".0100","537083-8ft","","2025-04-10 11:47:00","1"
"3115","11","5414","1","","93.2800","5414","","2025-04-10 11:47:00","1"
"3612","88","5417","1","","254.4000","5417","","2025-04-10 11:47:00","1"
"4127","10","547","1","","2.7600","547","","",""
"4133","10","548","1","","4.5800","548","","",""
"2946","55","548786-1","1","","8.2500","548786-1 -#1458","","2025-04-10 11:47:00","1"
"420","100","549758","1","",".0100","549758","","2025-04-10 11:47:00","1"
"4005","55","549855","1","","17.0000","2 x #1458","","",""
"1242","100","55-03-017","1","",".0100","55-03-017","","2025-04-10 11:47:00","1"
"1234","100","55-03-040","1","",".0100","55-03-040","","2025-04-10 11:47:00","1"
"1241","100","55-03-042","1","",".0100","55-03-042","","2025-04-10 11:47:00","1"
"1235","100","55-03-055","1","",".0100","55-03-055","","2025-04-10 11:47:00","1"
"1236","100","55-03-056","1","",".0100","55-03-056","","2025-04-10 11:47:00","1"
"1238","100","55-04-096","1","",".0100","55-04-096","","2025-04-10 11:47:00","1"
"3879","55","55-09-045","1","","8.6700","55-09-045 -#0","","2025-04-10 11:47:00","1"
"1244","100","55-15-004","1","",".0100","55-15-004","","2025-04-10 11:47:00","1"
"1245","100","55-15-005","1","",".0100","55-15-005","","2025-04-10 11:47:00","1"
"1740","100","55-15-008","1","",".0100","55-15-008","","2025-04-10 11:47:00","1"
"1246","100","55-15-012","1","",".0100","55-15-012","","2025-04-10 11:47:00","1"
"1247","100","55-15-012-8","1","",".0100","55-15-012-8","","2025-04-10 11:47:00","1"
"422","100","55-15-015","1","",".0100","55-15-015","","2025-04-10 11:47:00","1"
"1243","100","55-15-040","1","",".0100","55-15-040","","2025-04-10 11:47:00","1"
"1741","100","55-15-055","1","",".0100","55-15-055","","2025-04-10 11:47:00","1"
"1739","100","55-15-060","1","",".0100","55-15-060","","2025-04-10 11:47:00","1"
"1738","100","55-15-061","1","",".0100","55-15-061","","2025-04-10 11:47:00","1"
"3877","55","55-15-120","1","","147.7900","55-15-120 -#0","","2025-04-10 11:47:00","1"
"3878","55","55-15-121","1","","159.1400","55-15-121 -#0","","2025-04-10 11:47:00","1"
"3876","55","55-15-122","1","","109.5500","55-15-122 -#0","","2025-04-10 11:47:00","1"
"3880","55","55-15-123","1","","154.0000","55-15-123 -#0","","2025-04-10 11:47:00","1"
"3881","55","55-15-124","1","","154.0000","55-15-124 -#0","","2025-04-10 11:47:00","1"
"1239","100","55-15-345","1","",".0100","55-15-345","","2025-04-10 11:47:00","1"
"1240","100","55-21-023","1","",".0100","55-21-023","","2025-04-10 11:47:00","1"
"423","100","550191","1","",".0100","550191","","2025-04-10 11:47:00","1"
"424","100","550463","1","",".0100","550463","","2025-04-10 11:47:00","1"
"3405","55","550474","1","","127.4600","550474 -#1244","","2025-04-10 11:47:00","1"
"3503","55","550494","1","","485.0800","550494 -#1939","","2025-04-10 11:47:00","1"
"4041","100","550495","1","","115.4700","550495","","",""
"3504","55","550516","1","","485.0800","550516 -#1983","","2025-04-10 11:47:00","1"
"3443","55","550569","1","","19.2400","550569 -#1309","","2025-04-10 11:47:00","1"
"2696","100","550646","1","",".0100","550646","","2025-04-10 11:47:00","1"
"429","100","550716","1","",".0100","550716","","2025-04-10 11:47:00","1"
"1045","100","55152031","1","",".0100","55152031","","2025-04-10 11:47:00","1"
"1046","100","55152032","1","",".0100","55152032","","2025-04-10 11:47:00","1"
"4131","10","571","1","","1.3800","571","","",""
"4130","10","572","1","","1.8000","572","","",""
"4147","10","576S","1","","14.9900","576S","","",""
"4148","10","577S","1","","19.0300","577S","","",""
"3422","77","59-H","1","","30.0000","59-H","","2025-04-10 11:47:00","1"
"3423","77","59-HSS","1","","30.0000","59-HSS","","2025-04-10 11:47:00","1"
"4029","77","59-P","1","","30.0000","59-P","","",""
"3915","55","5PSW1","1","","62.0500","655765 -#603B","","2025-04-10 11:47:00","1"
"431","100","5PSW2","1","",".0100","5PSW2","","2025-04-10 11:47:00","1"
"3820","11","5V-12V","1","","10.9900","5V-12V -AMAZON","","2025-04-10 11:47:00","1"
"432","100","6-59-9001","1","",".0100","6-59-9001","","2025-04-10 11:47:00","1"
"3250","55","60-20-100","1","","79.4600","60-20-100 -#1478 (CUT TO 7FT)","","2025-04-10 11:47:00","1"
"4012","55","60-20-102","1","","88.4000","60-20-102 -#1478","","",""
"3944","11","60-42D0005","1","","3.5000","60-42D0005","","2025-04-10 11:47:00","1"
"3953","55","6000-35","1","","53.0000","6000-35 -#1566","","",""
"2932","11","600080","1","","63.0800","600080 -ADDISON","","2025-04-10 11:47:00","1"
"433","100","600135","1","",".0100","600135","","2025-04-10 11:47:00","1"
"434","100","600139","1","",".0100","600139","","2025-04-10 11:47:00","1"
"1047","100","60050078","1","",".0100","60050078","","2025-04-10 11:47:00","1"
"1048","100","60100005","1","",".0100","60100005","","2025-04-10 11:47:00","1"
"3766","11","601A-36","1","","15.0500","G601A-36","","2025-04-10 11:47:00","1"
"1049","100","60400011","1","",".0100","60400011","","2025-04-10 11:47:00","1"
"3816","100","6054-1000","1","",".0100","6054-1000 -D/C","","2025-04-10 11:47:00","1"
"3810","11","6062","1","","19.9500","6062 -#SECLK","","2025-04-10 11:47:00","1"
"2495","11","6100-LHR-36","1","","843.0000","6100-LHR-36","","2025-04-10 11:47:00","1"
"2493","11","6100-RHR-36","1","","843.0000","6100-RHR-36","","2025-04-10 11:47:00","1"
"1473","100","6115AL","1","",".0100","6115AL","","2025-04-10 11:47:00","1"
"1474","100","6115DU","1","",".0100","6115DU","","2025-04-10 11:47:00","1"
"3660","11","615993","1","","164.0000","0615993","","2026-04-21 16:10:00","1"
"3957","11","616041","1","","164.0000","0616041 -LOCKMASTERS","","2026-09-15 12:34:00","10657"
"4165","11","616275","1","","410.0000","0616275 Lockmasters","","",""
"4027","11","616276","1","","605.5400","0616276 -LOCKMASTERS","","2026-09-15 10:13:00","10657"
"3437","77","628-HSST-BR-42","1","","303.2000","628-HSST-BR-42","","2025-04-10 11:47:00","1"
"3439","77","628-HSST-GR-42","1","","303.2000","628-HSST-GR-42","","2025-04-10 11:47:00","1"
"1270","100","65200006","1","",".0100","65200006","","2025-04-10 11:47:00","1"
"1271","100","65200044","1","",".0100","65200044","","2025-04-10 11:47:00","1"
"921","100","65225-000","1","",".0100","65225-000","","2025-04-10 11:47:00","1"
"1050","100","65350017","1","",".0100","65350017","","2025-04-10 11:47:00","1"
"2659","100","653799","1","",".0100","653799","","2025-04-10 11:47:00","1"
"1051","100","67200008","1","",".0100","67200008","","2025-04-10 11:47:00","1"
"1052","100","67250011","1","",".0100","67250011","","2025-04-10 11:47:00","1"
"2958","55","6PSW1","1","","73.6100","6PSW1 -(655765) -603B","","2025-04-10 11:47:00","1"
"2154","11","6PSW2","1","",".0100","6PSW2","","2025-04-10 11:47:00","1"
"2547","44","6S0","1","",".0100","6S0","","2025-04-10 11:47:00","1"
"2564","44","6S0U0","1","",".0100","6S0U0","","2025-04-10 11:47:00","1"
"2565","44","6S0U3","1","",".0100","6S0U3","","2025-04-10 11:47:00","1"
"2566","44","6S0U4","1","",".0100","6S0U4","","2025-04-10 11:47:00","1"
"2548","44","6S1","1","",".0100","6S1","","2025-04-10 11:47:00","1"
"2569","44","6S1U0","1","",".0100","6S1U0","","2025-04-10 11:47:00","1"
"2568","44","6S1U3","1","",".0100","6S1U3","","2025-04-10 11:47:00","1"
"2567","44","6S1U4","1","",".0100","6S1U4","","2025-04-10 11:47:00","1"
"2549","44","6S2","1","",".0100","6S2","","2025-04-10 11:47:00","1"
"2550","44","6S3","1","",".0100","6S3","","2025-04-10 11:47:00","1"
"2225","11","70.0005","1","",".0100","70.0005","","2025-04-10 11:47:00","1"
"2226","11","70.0006","1","",".0100","70.0006","","2025-04-10 11:47:00","1"
"2232","11","70.0045","1","",".0100","70.0045","","2025-04-10 11:47:00","1"
"2222","11","70.0167","1","",".0100","70.0167","","2025-04-10 11:47:00","1"
"3792","11","700354","1","","913.7500","700354 -#1852","","2025-04-10 11:47:00","1"
"1053","100","70040109","1","",".0100","70040109","","2025-04-10 11:47:00","1"
"1054","100","70040110","1","",".0100","70040110","","2025-04-10 11:47:00","1"
"1055","100","70040111","1","",".0100","70040111","","2025-04-10 11:47:00","1"
"1056","100","70040112","1","",".0100","70040112","","2025-04-10 11:47:00","1"
"1057","100","70040113","1","",".0100","70040113","","2025-04-10 11:47:00","1"
"3793","11","700713","1","","136.0000","700713 -#2032","","2025-04-10 11:47:00","1"
"437","100","701596","1","",".0100","701596","","2025-04-10 11:47:00","1"
"2815","55","70190-600","1","","10.0200","70190-600 -#309","","2025-04-10 11:47:00","1"
"1908","11","706233","1","",".0100","706233","","2025-04-10 11:47:00","1"
"1685","100","706812","1","",".0100","706812","","2025-04-10 11:47:00","1"
"1493","100","708473","1","",".0100","708473","","2025-04-10 11:47:00","1"
"1909","11","708776","1","",".0100","708776","","2025-04-10 11:47:00","1"
"438","100","708824","1","",".0100","708824","","2025-04-10 11:47:00","1"
"3174","55","708867","1","","25.3300","708867 -#397","","2025-04-10 11:47:00","1"
"1207","100","708867SX","1","",".0100","708867SX","","2025-04-10 11:47:00","1"
"3607","55","708950","1","","32.3000","708950 -#768","","2025-04-10 11:47:00","1"
"3175","55","708965","1","","19.3600","708965 -#324","","2025-04-10 11:47:00","1"
"3176","55","709182","1","","104.3000","709182 -#325","","2025-04-10 11:47:00","1"
"441","100","709338","1","",".0100","709338","","2025-04-10 11:47:00","1"
"3177","55","709609","1","","14.4000","709609 -#253","","2025-04-10 11:47:00","1"
"1515","100","709679","1","",".0100","709679","","2025-04-10 11:47:00","1"
"1627","100","709715","1","",".0100","709715","","2025-04-10 11:47:00","1"
"3178","55","709929","1","","32.7800","709929 -#260L","","2025-04-10 11:47:00","1"
"3179","55","709930","1","","32.7800","709930 -#260R","","2025-04-10 11:47:00","1"
"3587","55","710116","1","","13.5600","710116 -#1185S","","2025-04-10 11:47:00","1"
"3180","55","710150","1","","22.5400","710150 -#1406","","2025-04-10 11:47:00","1"
"4110","11","710151","1","","19.5500","710151 -#1407","","",""
"4044","11","710240","1","",".1000","710240 -AMAZON ","","",""
"443","100","710241","1","",".0100","710241","","2025-04-10 11:47:00","1"
"3789","55","710706","1","","46.7500","710706 -#264","","2025-04-10 11:47:00","1"
"3855","11","710739","1","","25.5000","710739 -#1985","","2025-04-10 11:47:00","1"
"3580","55","710885","1","","13.5600","710885 -#1185L","","2025-04-10 11:47:00","1"
"3394","55","711463","1","","28.3100","711463 -#1036","","2025-04-10 11:47:00","1"
"447","100","711463-A","1","",".0100","711463-A","","2025-04-10 11:47:00","1"
"448","100","711463-B","1","",".0100","711463-B","","2025-04-10 11:47:00","1"
"1913","11","711475","1","",".0100","711475","","2025-04-10 11:47:00","1"
"1914","11","711483","1","",".0100","711483","","2025-04-10 11:47:00","1"
"3996","100","711568","1","",".0100","711568","","",""
"1915","100","711634","1","",".0100","711634","","2025-04-10 11:47:00","1"
"1916","11","711664-21000-4ft","1","",".0100","711664-21000-4ft","","2025-04-10 11:47:00","1"
"1917","11","711664-21000-8ft","1","",".0100","711664-21000-8ft","","2025-04-10 11:47:00","1"
"3633","55","711704","1","","2.9600","711704 -#1515","","2025-04-10 11:47:00","1"
"3552","55","711709","1","","24.8300","711709 -#1282","","2025-04-10 11:47:00","1"
"3551","55","711710","1","","24.8300","711710 -#1282","","2025-04-10 11:47:00","1"
"452","100","711741","1","",".0100","711741","","2025-04-10 11:47:00","1"
"4088","100","711788","1","","20.0900","31-0944","","",""
"3433","55","711789","1","","19.5500","711789 -#1832","","2025-04-10 11:47:00","1"
"1920","100","711873","1","",".0100","711873","","2025-04-10 11:47:00","1"
"3257","55","712044-1","1","",".9900","712044 -#1349","","2025-04-10 11:47:00","1"
"3182","55","712096","1","","3.7800","712096 -#1740","","2025-04-10 11:47:00","1"
"3183","55","712246","1","","12.3800","712246 -#1294","","2025-04-10 11:47:00","1"
"453","100","712811","1","",".0100","712811","","2025-04-10 11:47:00","1"
"1540","100","713016-1","1","",".0100","713016-1","","2025-04-10 11:47:00","1"
"1943","100","713050","1","",".0100","713050","","2025-04-10 11:47:00","1"
"3591","55","713067","1","","8.1000","713067 -#1274","","2025-04-10 11:47:00","1"
"3627","55","713080","1","","9.3500","713080 -#900","","2025-04-10 11:47:00","1"
"3626","55","713081","1","","9.3500","713081 -#901 RED","","2025-04-10 11:47:00","1"
"3628","55","713082","1","","9.3500","713082 -#846","","2025-04-10 11:47:00","1"
"3856","11","713241","1","","32.0000","713241 -ADDISON","","2025-04-10 11:47:00","1"
"3589","55","713333-1","1","","11.1400","713333-1 -#1262","","2025-04-10 11:47:00","1"
"3590","55","713333-2","1","","11.1400","713333-2 -#1262 (DARK BRONZE)","","2025-04-10 11:47:00","1"
"3961","11","713416","1","","11.5000","713416 -#0","","",""
"459","100","713821-1","1","",".0100","713821-1","","2025-04-10 11:47:00","1"
"460","100","713821-2","1","",".0100","713821-2","","2025-04-10 11:47:00","1"
"3865","11","713898-1","1","","180.0000","713898-1 -ADDISON #C0865","","2025-04-10 11:47:00","1"
"1944","100","713899","1","",".0100","713899","","2025-04-10 11:47:00","1"
"1945","11","713900","1","",".0100","713900","","2025-04-10 11:47:00","1"
"2664","11","714055","1","",".0100","714055 -#1517","","2025-04-10 11:47:00","1"
"1947","11","714082","1","",".0100","714082","","2025-04-10 11:47:00","1"
"461","100","714107","1","",".0100","714107","","2025-04-10 11:47:00","1"
"2789","11","714119-11","1","","7.1200","714119 -#1481","","2025-04-10 11:47:00","1"
"3060","55","714335","1","","97.0400","714335 -#1500","","2025-04-10 11:47:00","1"
"3084","55","714363","1","","14.3700","714363 -#1655","","2025-04-10 11:47:00","1"
"3363","55","714443","1","","5.6300","714443 -#1805","","2025-04-10 11:47:00","1"
"3364","55","714477","1","","1.7000","714477 -#1811","","2025-04-10 11:47:00","1"
"463","100","714513","1","",".0100","714513","","2025-04-10 11:47:00","1"
"464","100","714514","1","",".0100","714514","","2025-04-10 11:47:00","1"
"1950","100","714537-1","1","",".0100","714537-1","","2025-04-10 11:47:00","1"
"3067","55","714539","1","","8.5600","714539 -(ADDISON)","","2025-04-10 11:47:00","1"
"465","100","714864","1","",".0100","714864","","2025-04-10 11:47:00","1"
"466","100","715442","1","",".0100","715442","","2025-04-10 11:47:00","1"
"899","100","71630-901","1","",".0100","71630-901","","2025-04-10 11:47:00","1"
"900","100","71630-902","1","",".0100","71630-902","","2025-04-10 11:47:00","1"
"1672","100","717807-4","1","",".0100","717807-4FT","","2025-04-10 11:47:00","1"
"1670","100","717807-8","1","",".0100","717807-8FT","","2025-04-10 11:47:00","1"
"4137","10","722","1","","6.1400","722","","",""
"960","100","72625-000","1","",".0100","72625-000","","2025-04-10 11:47:00","1"
"3410","55","731568","1","","11.1400","731568 -#1263 (DARK BRONZE)","","2025-04-10 11:47:00","1"
"468","100","735271","1","",".0100","735271","","2025-04-10 11:47:00","1"
"3511","55","737807-4","1","","33.3600","737807 -#713BS","","2025-04-10 11:47:00","1"
"1669","100","737807-8","1","",".0100","737807-8FT","","2025-04-10 11:47:00","1"
"2862","55","75-09-101","1","","11.6800","75-09-101 -#1317","","2025-04-10 11:47:00","1"
"3787","11","75-15-310","1","","4.9500","75-15-310 -HD GSW-13","","2025-04-10 11:47:00","1"
"470","100","75-15-311","1","",".0100","75-15-311","","2025-04-10 11:47:00","1"
"471","100","75-20-001","1","",".0100","75-20-001","","2025-04-10 11:47:00","1"
"472","100","75-20-100","1","",".0100","75-20-100","","2025-04-10 11:47:00","1"
"473","100","75-20-101","1","",".0100","75-20-101","","2025-04-10 11:47:00","1"
"3782","55","75-20-102","1","","3.8900","75-20-102 -#839","","2025-04-10 11:47:00","1"
"919","100","761467","1","",".0100","761467","","2025-04-10 11:47:00","1"
"920","100","761468","1","",".0100","761468","","2025-04-10 11:47:00","1"
"3743","88","8000","1","","57.2400","8000","","2025-04-10 11:47:00","1"
"3741","88","8024","1","","19.0800","8024","","2025-04-10 11:47:00","1"
"3745","88","8052","1","","22.2600","8052","","2025-04-10 11:47:00","1"
"3746","88","8053","1","","37.4000","8053","","2025-04-10 11:47:00","1"
"3747","88","8054","1","","37.4000","8054","","2025-04-10 11:47:00","1"
"475","100","807LH-AL","1","",".0100","807LH-AL","","2025-04-10 11:47:00","1"
"476","100","807LH-DU","1","",".0100","807LH-DU","","2025-04-10 11:47:00","1"
"477","100","807RH-AL","1","",".0100","807RH-AL","","2025-04-10 11:47:00","1"
"478","100","807RH-DU","1","",".0100","807RH-DU","","2025-04-10 11:47:00","1"
"479","100","808LH-AL","1","",".0100","808LH-AL","","2025-04-10 11:47:00","1"
"480","100","808LH-DU","1","",".0100","808LH-DU","","2025-04-10 11:47:00","1"
"481","100","808RH-AL","1","",".0100","808RH-AL","","2025-04-10 11:47:00","1"
"482","100","808RH-DU","1","",".0100","808RH-DU","","2025-04-10 11:47:00","1"
"2479","11","8100-LHR-36","1","","975.0000","8100-LHR-36","","2025-04-10 11:47:00","1"
"2494","11","8100-RHR-36","1","","843.0000","8100-RHR-36","","2025-04-10 11:47:00","1"
"912","100","81118-900","1","",".0100","81118-900","","2025-04-10 11:47:00","1"
"2260","100","8116BCAL","1","",".0100","8116BCAL","","2025-04-10 11:47:00","1"
"2261","100","8116BCDU","1","",".0100","8116BCDU","","2025-04-10 11:47:00","1"
"2258","100","8116BCFCAL","1","",".0100","8116BCFCAL","","2025-04-10 11:47:00","1"
"2259","100","8116BCFCDU","1","",".0100","8116BCFCDU","","2025-04-10 11:47:00","1"
"3451","55","81185-900","1","","64.5600","81185-900 -#189","","2025-04-10 11:47:00","1"
"2541","55","81301-000","1","","74.7300","81301-000","","2025-04-10 11:47:00","1"
"3630","55","81322-900","1","","65.4500","81322-900 -#39","","2025-04-10 11:47:00","1"
"4086","11","8201C1SNN","1","","1806.2100","8201C1SNN","","",""
"901","100","83185-900","1","",".0100","83185-900","","2025-04-10 11:47:00","1"
"913","100","84105-979","1","",".0100","84105-979","","2025-04-10 11:47:00","1"
"902","100","84217-900","1","",".0100","84217-900","","2025-04-10 11:47:00","1"
"903","100","84218-900","1","",".0100","84218-900","","2025-04-10 11:47:00","1"
"915","100","84219-900","1","",".0100","84219-900","","2025-04-10 11:47:00","1"
"914","100","84220-900","1","",".0100","84220-900","","2025-04-10 11:47:00","1"
"904","100","84428-900","1","",".0100","84428-900","","2025-04-10 11:47:00","1"
"3442","55","84458-900","1","","73.1900","84458-900 / 84459-900 -#1162","","2025-04-10 11:47:00","1"
"905","100","84463-900","1","",".0100","84463-900","","2025-04-10 11:47:00","1"
"3117","11","8448","1","","27.0000","8448","","2025-04-10 11:47:00","1"
"3615","88","8449","1","","28.6200","8449","","2025-04-10 11:47:00","1"
"485","100","85-01-026","1","",".0100","85-01-026","","2025-04-10 11:47:00","1"
"486","100","85-01-032","1","",".0100","85-01-032","","2025-04-10 11:47:00","1"
"487","100","85-10-010","1","",".0100","85-10-010","","2025-04-10 11:47:00","1"
"488","100","85-10-011","1","",".0100","85-10-011","","2025-04-10 11:47:00","1"
"489","100","85-20-012","1","",".0100","85-20-012","","2025-04-10 11:47:00","1"
"490","100","85-20-021","1","",".0100","85-20-021","","2025-04-10 11:47:00","1"
"491","100","85-20-022","1","",".0100","85-20-022","","2025-04-10 11:47:00","1"
"2677","11","85001800","1","",".0100","85001800","","2025-04-10 11:47:00","1"
"2678","11","85002001","1","",".0100","85002001","","2025-04-10 11:47:00","1"
"2805","11","85003100","1","","92.0000","85003100","","2025-04-10 11:47:00","1"
"4101","11","85003400","1","","28.0000","85003400","","",""
"2689","11","85003500","1","","28.0000","85003500","","2025-04-10 11:47:00","1"
"2690","11","85003600","1","","29.0000","85003600","","2025-04-10 11:47:00","1"
"2631","11","85004200","1","",".0100","85004200","","2025-04-10 11:47:00","1"
"2596","11","85004500","1","",".0100","85004500","","2025-04-10 11:47:00","1"
"2695","11","85006200","1","","62.0000","85006200","","2025-04-10 11:47:00","1"
"2884","11","85078900","1","","7.0000","85078900","","2025-04-10 11:47:00","1"
"4045","11","85100850","1","","251.3700","85100850","","2024-09-20 14:46:00","1"
"998","100","85101","1","",".0100","85101","","2025-04-10 11:47:00","1"
"3112","11","85150510","1","",".0100","85150510","","2025-04-10 11:47:00","1"
"2973","11","85152600","1","","146.0000","85152600","","2025-04-10 11:47:00","1"
"2676","11","85153600","1","",".0100","85153600","","2025-04-10 11:47:00","1"
"2694","11","85178200","1","","132.0000","85178200","","2025-04-10 11:47:00","1"
"3396","11","85183400","1","",".0100","85183400","","2025-04-10 11:47:00","1"
"2821","11","85186700","1","","125.0000","85186700","","2025-04-10 11:47:00","1"
"2597","11","85197000","1","",".0100","85197000","","2025-04-10 11:47:00","1"
"2823","11","85197101","1","","68.0000","85197101","","2025-04-10 11:47:00","1"
"2822","11","85197102","1","","68.0000","85197102","","2025-04-10 11:47:00","1"
"917","100","85398-600","1","",".0100","85398-600","","2025-04-10 11:47:00","1"
"3732","11","8650-69","1","","33.0000","8650-69","","2025-04-10 11:47:00","1"
"918","100","87137-000","1","",".0100","87137-000","","2025-04-10 11:47:00","1"
"916","100","87390-900","1","",".0100","87390-900","","2025-04-10 11:47:00","1"
"3609","88","8819","1","","40.8100","8819","","2025-04-10 11:47:00","1"
"2055","11","88354","1","",".0100","88354","","2025-04-10 11:47:00","1"
"2103","11","88566","1","",".0100","88566","","2025-04-10 11:47:00","1"
"3833","11","88751","1","","19.1100","88751","","2025-04-10 11:47:00","1"
"1455","100","9-09-0010","1","",".0100","9-09-0010","","2025-04-10 11:47:00","1"
"1456","100","9-09-0011","1","",".0100","9-09-0011","","2025-04-10 11:47:00","1"
"2577","55","9-09-0012","1","","8.0400","9-09-0012 -#1436","","2025-04-10 11:47:00","1"
"3411","55","9-11-0001","1","","2.2400","9-11-0001 -#591-N/S","","2025-04-10 11:47:00","1"
"1476","100","9-45-0110","1","",".0100","9-45-0110","","2025-04-10 11:47:00","1"
"2253","11","9-51-0006","1","",".0100","9-51-0006","","2025-04-10 11:47:00","1"
"493","100","9-58-0008","1","",".0100","9-58-0008","","2025-04-10 11:47:00","1"
"3553","55","9-61-0052","1","","103.9400","9-61-0052 -#1535S","","2025-04-10 11:47:00","1"
"2107","11","9-65-0006","1","",".0100","9-65-0006","","2025-04-10 11:47:00","1"
"3119","55","9-70-0077","1","","2.3900","9-70-0077 -#591","","2025-04-10 11:47:00","1"
"495","100","9-73-0079","1","",".0100","9-73-0079","","2025-04-10 11:47:00","1"
"496","100","9-73-0080","1","",".0100","9-73-0080","","2025-04-10 11:47:00","1"
"497","100","9-79-0008","1","",".0100","9-79-0008","","2025-04-10 11:47:00","1"
"2250","11","9-80-0006-CL","1","","89.2500","9-80-0006-CL -#1332-1","","2025-04-10 11:47:00","1"
"2251","11","9-80-0007-CL","1","","74.3000","9-80-0007-CL -#1332-2","","2025-04-10 11:47:00","1"
"2252","11","9-80-0008","1","","78.9000","9-80-0008 -1332-4","","2025-04-10 11:47:00","1"
"2602","11","9-80-0011-CL","1","","77.3600","9-80-0011-CL -1332-3","","2025-04-10 11:47:00","1"
"3515","55","9-80-0101","1","","2709.0000","9-80-0101 -#0","","2025-04-10 11:47:00","1"
"2849","55","9-80-0102","1","","902.0000","9-80-0102 -#1631","","2026-05-15 10:42:00","1"
"2727","55","9-80-0104","1","","402.9000","9-80-0104 -#1334","","2025-04-10 11:47:00","1"
"504","100","9-80-0107","1","",".0100","9-80-0107","","2025-04-10 11:47:00","1"
"3145","55","9-99-0008","1","","8.5200","9-99-0008 -#738","","2025-04-10 11:47:00","1"
"2101","11","9-99-0051-CL","1","",".0100","9-99-0051-CL","","2025-04-10 11:47:00","1"
"1727","100","9-99-0053","1","",".0100","9-99-0053","","2025-04-10 11:47:00","1"
"505","100","9-99-0232","1","",".0100","9-99-0232","","2025-04-10 11:47:00","1"
"2199","11","9-99-1317","1","","1389.0400","9-99-1317","","2025-04-10 11:47:00","1"
"1981","11","9-99-1325","1","","1741.0000","9-99-1325 -#1502","","2025-04-10 11:47:00","1"
"3374","55","9-99-1326","1","","161.2400","9-99-1326 -#1636","","2025-04-10 11:47:00","1"
"508","100","9-99-2154","1","",".0100","9-99-2154","","2025-04-10 11:47:00","1"
"1726","100","9-99-2836","1","",".0100","9-99-2836","","2025-04-10 11:47:00","1"
"509","100","9-99-3036","1","",".0100","9-99-3036","","2025-04-10 11:47:00","1"
"2102","11","9-99-3402","1","",".0100","9-99-3402","","2025-04-10 11:47:00","1"
"3492","55","9-99-7316","1","",".8800","9-99-7316 -#1626","","2026-06-19 10:13:00","1"
"511","100","9-99-7362","1","",".0100","9-99-7362","","2025-04-10 11:47:00","1"
"3493","55","9-99-7363","1","",".6700","9-99-7363 -#1626F","","2025-04-10 11:47:00","1"
"513","100","9-99-7370","1","",".0100","9-99-7370","","2025-04-10 11:47:00","1"
"1269","100","90056900","1","",".0100","90056900","","2025-04-10 11:47:00","1"
"1058","100","90059015","1","",".0100","90059015","","2025-04-10 11:47:00","1"
"1059","100","90107092","1","",".0100","90107092","","2025-04-10 11:47:00","1"
"1060","100","90359004","1","",".0100","90359004","","2025-04-10 11:47:00","1"
"2005","11","907514542","1","",".0100","907514542","","2025-04-10 11:47:00","1"
"934","100","9130-3077PLCM-AL","1","",".0100","9130-3077PLCM-AL","","2025-04-10 11:47:00","1"
"935","100","9130-3077PLCM-DU","1","",".0100","9130-3077PLCM-DU","","2025-04-10 11:47:00","1"
"932","100","9130-3077T-AL","1","",".0100","9130-3077T-AL","","2025-04-10 11:47:00","1"
"933","100","9130-3077T-DU","1","",".0100","9130-3077T-DU","","2025-04-10 11:47:00","1"
"515","100","917312877","1","",".0100","917312877","","2025-04-10 11:47:00","1"
"516","100","917312878","1","",".0100","917312878","","2025-04-10 11:47:00","1"
"3742","88","9227","1","","197.1600","9227","","2025-04-10 11:47:00","1"
"928","100","9330-3077PLCM-LH-AL","1","",".0100","9330-3077PLCM-LH-AL","","2025-04-10 11:47:00","1"
"931","100","9330-3077PLCM-LH-DU","1","",".0100","9330-3077PLCM-LH-DU","","2025-04-10 11:47:00","1"
"929","100","9330-3077PLCM-RH-AL","1","",".0100","9330-3077PLCM-RH-AL","","2025-04-10 11:47:00","1"
"930","100","9330-3077PLCM-RH-DU","1","",".0100","9330-3077PLCM-RH-DU","","2025-04-10 11:47:00","1"
"926","100","9340-3077LH-AL","1","",".0100","9340-3077LH-AL","","2025-04-10 11:47:00","1"
"927","100","9340-3077RH-AL","1","",".0100","9340-3077RH-AL","","2025-04-10 11:47:00","1"
"925","100","9340-3077RH-DU","1","",".0100","9340-3077RH-DU","","2025-04-10 11:47:00","1"
"1934","11","934312965","1","","407.2000","934312965","","2025-04-10 11:47:00","1"
"518","100","936545602","1","",".0100","936545602","","2025-04-10 11:47:00","1"
"936","100","95005-975","1","",".0100","95005-975","","2025-04-10 11:47:00","1"
"2956","11","951152","1","","29.8000","951152 -1152","","2025-04-10 11:47:00","1"
"3968","11","9600-630","1","","287.5000","9600-630 -SECLK/LKMSTRS","","",""
"906","100","96135-000","1","",".0100","96135-000","","2025-04-10 11:47:00","1"
"907","100","96135R","1","",".0100","96135R","","2025-04-10 11:47:00","1"
"909","100","96537A","1","",".0100","96537A","","2025-04-10 11:47:00","1"
"3300","55","96537R","1","","19.2400","96537R -#1158","","2025-04-10 11:47:00","1"
"3303","55","96XXX-XXX","1","","35.4500","96XXX-XXX -#1438","","2025-04-10 11:47:00","1"
"3245","11","972514542","1","",".0100","514542  & 314327","","2025-04-10 11:47:00","1"
"1453","100","99-9999-4135","1","",".0100","99-9999-4135","","2025-04-10 11:47:00","1"
"1061","100","99020011","1","",".0100","99020011","","2025-04-10 11:47:00","1"
"1062","100","99055112","1","",".0100","99055112","","2025-04-10 11:47:00","1"
"1063","100","99055113","1","",".0100","99055113","","2025-04-10 11:47:00","1"
"1064","100","99070018","1","",".0100","99070018","","2025-04-10 11:47:00","1"
"1065","100","99070019","1","",".0100","99070019","","2025-04-10 11:47:00","1"
"1066","100","99070020","1","",".0100","99070020","","2025-04-10 11:47:00","1"
"1067","100","99070071","1","",".0100","99070071","","2025-04-10 11:47:00","1"
"1068","100","99070075","1","",".0100","99070075","","2025-04-10 11:47:00","1"
"1069","100","99071108","1","",".0100","99071108","","2025-04-10 11:47:00","1"
"1070","100","99071109","1","",".0100","99071109","","2025-04-10 11:47:00","1"
"1071","100","99071112","1","",".0100","99071112","","2025-04-10 11:47:00","1"
"1268","100","99071115","1","",".0100","99071123","","2025-04-10 11:47:00","1"
"1072","100","99071123","1","",".0100","99071123","","2025-04-10 11:47:00","1"
"1073","100","99071216","1","",".0100","99071216","","2025-04-10 11:47:00","1"
"1074","100","99071217","1","",".0100","99071217","","2025-04-10 11:47:00","1"
"1075","100","99071262","1","",".0100","99071262","","2025-04-10 11:47:00","1"
"1076","100","99080711","1","",".0100","50011324","","2025-04-10 11:47:00","1"
"1077","100","99080803","1","",".0100","99080803","","2025-04-10 11:47:00","1"
"1078","100","99090011","1","",".0100","99090011","","2025-04-10 11:47:00","1"
"1079","100","99202025","1","",".0100","99202025","","2025-04-10 11:47:00","1"
"2844","55","9999-0752","1","","12.5300","9-99-0756 -152","","2025-04-10 11:47:00","1"
"2071","100","9999-4752","1","",".0100","9999-4752","","2025-04-10 11:47:00","1"
"1126","22","A-00029","1","",".0100","A-00029","","2025-04-10 11:47:00","1"
"1089","22","A-00057","1","",".0100","A-00057","","2025-04-10 11:47:00","1"
"2774","22","A-00060","1","",".0100","A-00060","","2025-04-10 11:47:00","1"
"3599","55","A-00063","1","","83.3000","219053-01 -#878C","","2025-04-10 11:47:00","1"
"1119","22","A-00069","1","",".0100","A-00069","","2025-04-10 11:47:00","1"
"3039","22","A-00091","1","","821.0000","A-00091","","2025-04-10 11:47:00","1"
"1092","22","A-00162","1","",".0100","A-00162","","2025-04-10 11:47:00","1"
"1094","22","A-00163","1","",".0100","A-00163","","2025-04-10 11:47:00","1"
"1123","22","A-00181","1","",".0100","A-00181","","2025-04-10 11:47:00","1"
"1124","22","A-00183","1","",".0100","A-00183","","2025-04-10 11:47:00","1"
"1102","22","A-00299","1","",".0100","A-00299","","2025-04-10 11:47:00","1"
"2109","22","A-00347","1","",".0100","A-00347","","2025-04-10 11:47:00","1"
"1586","22","A-00387","1","",".0100","A-00387","","2025-04-10 11:47:00","1"
"2786","11","A-00389","1","","5.0000","A-00389 -#AASNB","","2025-04-10 11:47:00","1"
"1097","22","A-00416","1","",".0100","A-00416","","2025-04-10 11:47:00","1"
"3650","55","A-00417","1","","34.0000","210926 -#87","","2025-04-10 11:47:00","1"
"3657","22","A-00419","1","",".0100","A-00419","","2025-04-10 11:47:00","1"
"3654","55","A-00430","1","","196.3500","110941-01 -#94A","","2025-04-10 11:47:00","1"
"3212","22","A-00454","1","","8.5000","A-00454","","2026-07-10 12:18:00","9670"
"3655","55","A-00456","1","","7.6500","215371 -#90","","2025-04-10 11:47:00","1"
"3652","55","A-00459","1","","47.6000","210925 -#84","","2025-04-10 11:47:00","1"
"2604","11","A-00475","1","",".0100","A-00475","","2025-04-10 11:47:00","1"
"1113","22","A-00481","1","",".0100","A-00481","","2025-04-10 11:47:00","1"
"1971","100","A-00489","1","",".0100","111532","","2025-04-10 11:47:00","1"
"3656","55","A-00490","1","","59.5000","210750 -#92","","2025-04-10 11:47:00","1"
"1610","22","A-00498","1","",".0100","A-00498","","2025-04-10 11:47:00","1"
"3651","55","A-00500","1","","34.0000","210098 -#85","","2025-04-10 11:47:00","1"
"3658","55","A-00501","1","","42.5000","210709 -#109","","2025-04-10 11:47:00","1"
"1581","22","A-00538","1","",".0100","A-00538","","2025-04-10 11:47:00","1"
"1580","22","A-00540","1","",".0100","A-00540","","2025-04-10 11:47:00","1"
"1588","22","A-00543","1","",".0100","A-00543","","2025-04-10 11:47:00","1"
"1587","22","A-00544","1","",".0100","A-00544","","2025-04-10 11:47:00","1"
"1116","22","A-00688","1","",".0100","A-00688","","2025-04-10 11:47:00","1"
"1115","22","A-00689","1","",".0100","A-00689","","2025-04-10 11:47:00","1"
"1100","22","A-00711","1","",".0100","V-00356","","2025-04-10 11:47:00","1"
"1099","22","A-00717","1","",".0100","A-00717","","2025-04-10 11:47:00","1"
"2104","22","A-00729","1","",".0100","A-00729","","2025-04-10 11:47:00","1"
"542","100","A-00730","1","",".0100","214262","","2025-04-10 11:47:00","1"
"2105","22","A-00730","1","",".0100","A-00730","","2025-04-10 11:47:00","1"
"2613","22","A-00752","1","",".0100","A-00752","","2025-04-10 11:47:00","1"
"1585","22","A-00758","1","",".0100","A-00758","","2025-04-10 11:47:00","1"
"3397","22","A-00759","1","",".0100","A-00759","","2025-04-10 11:47:00","1"
"2971","22","A-00805","1","","17.8000","A-00805","","2025-04-10 11:47:00","1"
"2635","22","A-00833","1","",".0100","A-00833","","2025-04-10 11:47:00","1"
"1566","22","A-00883","1","",".0100","A-00883","","2025-04-10 11:47:00","1"
"1567","22","A-00884","1","",".0100","A-00884","","2025-04-10 11:47:00","1"
"1117","22","A-01031","1","",".0100","A-01031","","2025-04-10 11:47:00","1"
"1118","22","A-01032","1","",".0100","A-01032","","2025-04-10 11:47:00","1"
"3040","22","A-01090","1","","998.0000","A-01090","","2026-02-23 17:36:00","1"
"1584","22","A-01202","1","",".0100","A-01202","","2025-04-10 11:47:00","1"
"1583","22","A-01203","1","",".0100","A-01203","","2025-04-10 11:47:00","1"
"1582","22","A-01204","1","",".0100","A-01204","","2025-04-10 11:47:00","1"
"3544","11","A-01306","1","",".0100","A-01306 & 4 Pin MolexConnector","","2025-04-10 11:47:00","1"
"2843","22","A-01423","1","","1262.0000","A-01423","","2025-04-10 11:47:00","1"
"3238","22","A-01424","1","","72.0000","A-01424","","2025-04-10 11:47:00","1"
"2832","22","A-01432","1","",".0100","A-01432","","2025-04-10 11:47:00","1"
"3653","55","A-60458","1","","61.2000","210907-01 -#162","","2025-04-10 11:47:00","1"
"1105","22","A-60545","1","",".0100","A-60545","","2025-04-10 11:47:00","1"
"1111","22","A-60639","1","",".0100","A-60639","","2025-04-10 11:47:00","1"
"2655","22","A-70430","1","",".0100","A-70430","","2025-04-10 11:47:00","1"
"1108","22","A-70458","1","",".0100","A-70458","","2025-04-10 11:47:00","1"
"1114","22","A-70481","1","",".0100","A-70481","","2025-04-10 11:47:00","1"
"1106","22","A-70545","1","",".0100","A-70545","","2025-04-10 11:47:00","1"
"1112","22","A-70639","1","",".0100","A-70639","","2025-04-10 11:47:00","1"
"3600","11","A10087004","1","","19.0000","87004","","2025-04-10 11:47:00","1"
"3852","11","A113-0102-00","1","","65.0000","A113-0102-00 -QD4000","","2025-04-10 11:47:00","1"
"3853","11","A113-0103-00","1","","65.0000","A113-0103-00 -QUAD","","2025-04-10 11:47:00","1"
"1150","100","A126","1","",".0100","A126","","2025-04-10 11:47:00","1"
"3508","11","A1315-01-W-10","1","","28.1600","A1315-01-W-10","","2025-04-10 11:47:00","1"
"2027","11","A1600934","1","",".0100","A1600951S","","2025-04-10 11:47:00","1"
"2028","11","A1600935","1","",".0100","A1600935","","2025-04-10 11:47:00","1"
"2032","11","A1600950","1","",".0100","A1600950","","2025-04-10 11:47:00","1"
"2030","11","A1600950R","1","",".0100","A1600951R","","2025-04-10 11:47:00","1"
"2031","11","A1600951","1","",".0100","A1600951","","2025-04-10 11:47:00","1"
"2029","11","A1600951R","1","",".0100","A1600950R","","2025-04-10 11:47:00","1"
"3461","11","A2020-01-W-10","1","","34.7400","A2020-01-W-10","","2025-04-10 11:47:00","1"
"3969","55","A733-3GS","1","","52.7000","A733-3GS","","",""
"3097","55","A938-LHS","1","","27.8200","A938-LHS","","2025-04-10 11:47:00","1"
"2051","11","AM-BLUE-KIT","1","",".0100","BHB03-BAC01-KIT","","2025-04-10 11:47:00","1"
"2053","11","AM-LOCK-KIT","1","",".0100","BHB02-03-BAC02-KIT","","2025-04-10 11:47:00","1"
"2588","100","ARM9116C-AL","1","",".0100","ARM9116C-AL","","2025-04-10 11:47:00","1"
"553","100","BCTT-AL","1","",".0100","BCTT-AL","","2025-04-10 11:47:00","1"
"554","100","BCTT-DU","1","",".0100","BCTT-DU","","2025-04-10 11:47:00","1"
"2050","11","BWC01-KIT-CDN","1","",".0100","BWC01-KIT-CDN","","2025-04-10 11:47:00","1"
"1755","22","C-00075","1","",".0100","C-00075","","2025-04-10 11:47:00","1"
"1796","22","C-00076","1","",".0100","C-00076","","2025-04-10 11:47:00","1"
"1758","22","C-00077","1","",".0100","C-00077","","2025-04-10 11:47:00","1"
"1756","22","C-00078","1","",".0100","C-00078","","2025-04-10 11:47:00","1"
"1757","22","C-00081","1","",".0100","C-00081","","2025-04-10 11:47:00","1"
"3834","11","C-00199","1","","2.7100","C-00199","","2025-04-10 11:47:00","1"
"1151","100","C00529","1","",".0100","C00529","","2025-04-10 11:47:00","1"
"555","100","C0054R","1","",".0100","C0054R","","2025-04-10 11:47:00","1"
"3893","55","C0114-1","1","","28.0500","C0114-1 -#1404","","2025-04-10 11:47:00","1"
"1153","100","C0131-4","1","",".0100","C0131-4","","2025-04-10 11:47:00","1"
"2591","55","C02077.000A","1","","103.6000","C02077.000A","","2025-04-10 11:47:00","1"
"3739","55","C02077.000B","1","","103.6000","C02077.000B","","2025-04-10 11:47:00","1"
"1976","100","C0259-1-4","1","",".0100","C0259-1 - 4FT","","2025-04-10 11:47:00","1"
"1705","100","C0259-1-8","1","",".0100","C0259-1 - 8ft.","","2025-04-10 11:47:00","1"
"1386","100","C0261","1","",".0100","C0261","","2025-04-10 11:47:00","1"
"2726","100","C0266RA-8ft","1","",".0100","C0266RA (# of 8FT Sections)","","2025-04-10 11:47:00","1"
"1257","100","C0269RA-4ft","1","",".0100","C0269RA-4ft.","","2025-04-10 11:47:00","1"
"1258","100","C0269RA-8ft","1","",".0100","C0269RA-8ft.","","2025-04-10 11:47:00","1"
"1259","100","C0269RB-4ft","1","",".0100","C0269RB-4ft.","","2025-04-10 11:47:00","1"
"1260","100","C0269RB-8ft","1","",".0100","C0269RB-8ft.","","2025-04-10 11:47:00","1"
"3254","55","C0289","1","","3.0800","C0289 -#183","","2025-04-10 11:47:00","1"
"3210","55","C0291-1","1","","4.5600","C0291-1 -#118","","2025-04-10 11:47:00","1"
"558","100","C0291R","1","",".0100","C0291R","","2025-04-10 11:47:00","1"
"1393","100","C02966-1A","1","",".0100","C02966-1A","","2025-04-10 11:47:00","1"
"2863","11","C03150.1500","1","","730.0000","C3150.1500 -GIL HESS","","2025-04-10 11:47:00","1"
"3813","11","C03150.3924","1","","192.0000","C03150.3924 -GIL HESS","","2025-04-10 11:47:00","1"
"1191","100","C0315A-4ft","1","",".0100","C0315A-4ft.","","2025-04-10 11:47:00","1"
"1192","100","C0315A-8ft","1","",".0100","C0315A-8ft.","","2025-04-10 11:47:00","1"
"2882","55","C0330-1A-4ft","1","","56.7500","C0330-1A-4ft -#120-4","","2025-04-10 11:47:00","1"
"2883","55","C0330-1A-8ft","1","","113.5200","C0330-1A-8ft -#120","","2025-04-10 11:47:00","1"
"2836","55","C0330-1B-4ft","1","","64.8400","C0330-1B-4ft -#121","","2025-04-10 11:47:00","1"
"2881","55","C0330-1B-8ft","1","","129.5800","C0330-1B-8ft -#121","","2025-04-10 11:47:00","1"
"3566","55","C0338RA-4FT","1","","10.8500","C0338RA-4FT -#1686A-4","","2025-04-10 11:47:00","1"
"3567","55","C0338RA-8FT","1","","21.6900","C0338RA-8FT -#1686A-8","","2025-04-10 11:47:00","1"
"3568","55","C0338RB-4FT","1","","14.4900","C0338RB-4FT -#1686B-4","","2025-04-10 11:47:00","1"
"3569","55","C0338RB-8FT","1","","28.9900","C0338RB-8FT -#1686B-8","","2025-04-10 11:47:00","1"
"1707","100","C0340RA-4FT","1","",".0100","C0340RA-4FT","","2025-04-10 11:47:00","1"
"1708","100","C0340RA-8FT","1","",".0100","C0340RA-8FT","","2025-04-10 11:47:00","1"
"1710","100","C0340RB-4FT","1","",".0100","C0340RB-4FT","","2025-04-10 11:47:00","1"
"1711","100","C0340RB-8FT","1","",".0100","C0340RB-8FT","","2025-04-10 11:47:00","1"
"1706","100","C0341-1","1","",".0100","C0341-1","","2025-04-10 11:47:00","1"
"3801","55","C0350B","1","","1.6300","C0350B -#1240","","2025-04-10 11:47:00","1"
"1264","100","C0358A-4","1","",".0100","C0358A-4ft.","","2025-04-10 11:47:00","1"
"1261","100","C0358A-8","1","",".0100","C0358A-8ft.","","2025-04-10 11:47:00","1"
"1263","100","C0358RB-4","1","",".0100","C0358RB-4ft.","","2025-04-10 11:47:00","1"
"1262","1","C0358RB-8","1","",".0100","C0358RB-8ft.","","2025-04-10 11:47:00","1"
"1194","100","C0367-4ft","1","",".0100","C0367-4ft","","2025-04-10 11:47:00","1"
"1193","100","C0367-8ft","1","",".0100","C0367-8ft","","2025-04-10 11:47:00","1"
"1195","100","C0367B-4ft","1","",".0100","C0367B-4ft","","2025-04-10 11:47:00","1"
"1196","100","C0367B-8ft","1","",".0100","C0367B-8ft","","2025-04-10 11:47:00","1"
"1697","100","C0369RA","1","",".0100","C0369RA-4FT","","2025-04-10 11:47:00","1"
"1698","100","C0369RA-8FT","1","",".0100","C0369RA-8FT","","2025-04-10 11:47:00","1"
"1699","100","C0369RB","1","",".0100","C0369RB-4FT","","2025-04-10 11:47:00","1"
"1700","100","C0369RB-8FT","1","",".0100","C0369RB-8FT","","2025-04-10 11:47:00","1"
"1156","100","C0371R","1","",".0100","C0371R","","2025-04-10 11:47:00","1"
"1387","100","C0391","1","",".0100","C0391","","2025-04-10 11:47:00","1"
"3406","55","C0397","1","","11.5500","C397 -#1695 (7ft Section)","","2025-04-10 11:47:00","1"
"3273","55","C0397-1","1","","1.7700","C389-1 -#1488","","2025-04-10 11:47:00","1"
"1398","100","C0454","1","",".0100","C0454","","2025-04-10 11:47:00","1"
"1401","100","C0455A","1","",".0100","C0455A","","2025-04-10 11:47:00","1"
"1400","100","C0455B","1","",".0100","C0455B","","2025-04-10 11:47:00","1"
"3962","55","C0457-1A","1","","28.9000","C457A -#1901","","",""
"1395","100","C0457-1B","1","",".0100","C0457-1B","","2025-04-10 11:47:00","1"
"1397","100","C0459-1A","1","",".0100","C0459-1A","","2025-04-10 11:47:00","1"
"1396","100","C0459-1B","1","",".0100","C0459-1B","","2025-04-10 11:47:00","1"
"3365","11","C0462A","1","","6.9900","C0462A -CRL #DL2210A18","","2025-04-10 11:47:00","1"
"3366","11","C0462B","1","","6.9900","C0462B -CRL #DL2210DU18","","2025-04-10 11:47:00","1"
"3960","55","C0463B","1","","36.9600","C0463B -#0","","",""
"559","100","C0474-1","1","",".0100","C0474-1","","2025-04-10 11:47:00","1"
"3255","55","C0517","1","","35.7000","C0517 -#933","","2025-04-10 11:47:00","1"
"1160","100","C0519","1","",".0100","C0519","","2025-04-10 11:47:00","1"
"4096","11","C05190","1","","899.7400","C05190 -ADVANCE DOOR","","",""
"1158","100","C0521","1","",".0100","C0521","","2025-04-10 11:47:00","1"
"2722","100","C0521-2","1","",".0100","C0521-2","","2025-04-10 11:47:00","1"
"1161","100","C0523","1","",".0100","C0523","","2025-04-10 11:47:00","1"
"2043","100","C0530","1","",".0100","C0530","","2025-04-10 11:47:00","1"
"1389","100","C0586R3","1","",".0100","C0586R3","","2025-04-10 11:47:00","1"
"1390","100","C0588R2","1","",".0100","C0588R2","","2025-04-10 11:47:00","1"
"3468","55","C0589","1","","25.9000","C589 -#1748","","2025-04-10 11:47:00","1"
"1391","100","C0590-1","1","",".0100","C0590-1","","2025-04-10 11:47:00","1"
"1392","100","C0593","1","",".0100","C0593","","2025-04-10 11:47:00","1"
"3572","55","C0672","1","","8.5000","C0672 -#1680","","2026-03-16 13:31:00","1"
"2085","100","C0710","1","",".0100","C0710","","2025-04-10 11:47:00","1"
"2864","55","C0805-1","1","","28.2500","C0805-1 -#699","","2025-04-10 11:47:00","1"
"3207","55","C0815","1","","55.7200","C0815 -#858","","2025-04-10 11:47:00","1"
"2890","55","C0817","1","","51.6600","C0817 -#1013","","2025-04-10 11:47:00","1"
"1186","100","C0843-2A","1","",".0100","C0843-2A","","2025-04-10 11:47:00","1"
"1187","100","C0844-2A","1","",".0100","C0844-2A","","2025-04-10 11:47:00","1"
"3256","55","C0852-2","1","","27.6900","C0852-2 -#185","","2025-04-10 11:47:00","1"
"2848","11","C0865","1","","177.0000","C0865 -ADDISON","","2025-04-10 11:47:00","1"
"1982","100","C0868A","1","",".0100","C0868A","","2025-04-10 11:47:00","1"
"2847","11","C0883","1","","24.5000","CO883 -4015-18IB #182435","","2025-04-10 11:47:00","1"
"563","100","C0888-1B","1","",".0100","C0888-1B","","2025-04-10 11:47:00","1"
"4102","100","C0902-3","1","",".0100","C0902-3","","",""
"1188","100","C0910A","1","",".0100","C0910A","","2025-04-10 11:47:00","1"
"1189","100","C0910B","1","",".0100","C0910B","","2025-04-10 11:47:00","1"
"2044","100","C0911A","1","",".0100","C0911A","","2025-04-10 11:47:00","1"
"1190","100","C0911B","1","",".0100","C0911B","","2025-04-10 11:47:00","1"
"3347","55","C0980","1","","148.7500","C0980 -#1726","","2026-06-10 12:01:00","1"
"1199","100","C0980-1A","1","",".0100","C0980-1A","","2025-04-10 11:47:00","1"
"1200","100","C0980-2A","1","",".0100","C0980-2A","","2025-04-10 11:47:00","1"
"3348","55","C0980-5","1","","79.8700","C980-5 -#1751","","2025-04-10 11:47:00","1"
"3349","55","C0981-1","1","","54.2400","C981-1 -#1725","","2025-04-10 11:47:00","1"
"2803","11","C0981-6A","1","","91.8200","C00981.006AB (ADDISON)","","2025-04-10 11:47:00","1"
"3470","100","C0986-1","1","",".0100","C0986-1","","2025-04-10 11:47:00","1"
"2804","11","C10165","1","","12.8000","C10165.0001 (ADDISON)","","2025-04-10 11:47:00","1"
"2574","55","C10462-6A","1","","154.4000","C10462-6A","","2025-04-10 11:47:00","1"
"2575","55","C1058-6","1","","14.4000","C1058-6","","2025-04-10 11:47:00","1"
"1378","100","C1160-5","1","",".0100","C1160-5","","2025-04-10 11:47:00","1"
"2657","11","C1169-4","1","","26.4000","C01169.0004 -ADDISON","","2025-04-10 11:47:00","1"
"3875","55","C1286","1","","5.9500","C1286 -#1286","","2026-02-17 10:20:00","1"
"1206","100","C1315-2","1","",".0100","C1315-2","","2025-04-10 11:47:00","1"
"3849","55","C1332-2","1","","44.0000","C1332-2 -#1239","","2025-04-10 11:47:00","1"
"3576","11","C1334-2","1","","128.4800","C1334-2 -#ADDISON","","2025-04-10 11:47:00","1"
"3848","55","C1338-1","1","","34.0000","C1338-1 -#1238","","2025-04-10 11:47:00","1"
"3400","100","C1630-2","1","",".0100","C1630-2","","2025-04-10 11:47:00","1"
"2915","55","C1682","1","","4.2800","C1682 -897","","2025-04-10 11:47:00","1"
"3966","55","C2100-2","1","","320.0000","C2100-2 -#113-GC","","",""
"2515","55","C2101-1","1","","45.5300","C2101-1 -#174G","","2025-04-10 11:47:00","1"
"2516","55","C2101-2","1","","49.6600","C2101-2 -#174","","2025-04-10 11:47:00","1"
"3209","55","C2102","1","","324.1700","C2102 -#746","","2025-04-10 11:47:00","1"
"3258","55","C2102-1","1","","324.1700","C2102-1 -#746","","2025-04-10 11:47:00","1"
"3246","55","C2103","1","","202.6100","C2103 -#931","","2025-04-10 11:47:00","1"
"3082","55","C2106-1","1","","8.5000","C2106-1 -#685","","2025-04-10 11:47:00","1"
"3259","55","C2108-1","1","","28.0000","C2108-1 -#1362","","2025-04-10 11:47:00","1"
"3260","55","C2109-1","1","","28.0000","C2109-1 -#1362","","2025-04-10 11:47:00","1"
"3261","55","C2110","1","","60.7800","C2110 -#219","","2025-04-10 11:47:00","1"
"3486","11","C2126","1","","24.2800","C2126","","2025-04-10 11:47:00","1"
"3487","55","C2126-6","1","","163.2000","C2126 -#241","","2025-04-10 11:47:00","1"
"3844","55","C2130-1","1","","146.2000","C2130-1  -#845","","2025-04-10 11:47:00","1"
"3081","55","C2131-1","1","","21.2800","C2131-1 -#653","","2025-04-10 11:47:00","1"
"3262","55","C2136-1","1","","64.5700","C2136-1 -#371","","2025-04-10 11:47:00","1"
"2593","55","C2137-1","1","","144.7200","C2137-1 (ASK RODNEY)","","2025-04-10 11:47:00","1"
"3114","55","C2138-2","1","","20.0000","C2138-2 -ADDISON","","2025-04-10 11:47:00","1"
"3263","55","C2143-2","1","","35.1200","C2143-2 -#1063","","2025-04-10 11:47:00","1"
"2633","100","C2146-1","1","",".0100","C2146-1","","2025-04-10 11:47:00","1"
"3264","55","C2148","1","","23.7400","C2148 -#290","","2025-04-10 11:47:00","1"
"574","100","C2148-1","1","",".0100","C2148-1","","2025-04-10 11:47:00","1"
"575","100","C2151-1","1","",".0100","C2151-1","","2025-04-10 11:47:00","1"
"3109","55","C2155-2","1","","158.0300","C2155-2 -#1479","","2025-04-10 11:47:00","1"
"3108","55","C2155-4","1","","120.5600","C2155-4 -#872","","2025-04-10 11:47:00","1"
"3898","11","C2176-2","1","","408.6700","DC2176-2 -D/C","","2025-04-10 11:47:00","1"
"1695","100","C2196-2L","1","",".0100","C2196-2L","","2025-04-10 11:47:00","1"
"1696","100","C2196-2R","1","",".0100","C2196-2R","","2025-04-10 11:47:00","1"
"576","100","C2248","1","",".0100","C2248","","2025-04-10 11:47:00","1"
"4058","100","C2249","1","","43.2100","C2249","","",""
"3113","55","C2250","1","","19.8600","C2250 -#1075","","2025-04-10 11:47:00","1"
"3869","55","C2251","1","","54.4000","C2251 -#1819","","2025-04-10 11:47:00","1"
"2745","55","C2317","1","","112.5000","C2317","","2025-04-10 11:47:00","1"
"1295","100","C2327","1","",".0100","C2327","","2025-04-10 11:47:00","1"
"3265","55","C2438","1","","13.9000","C2438 -#1727","","2025-04-10 11:47:00","1"
"2725","55","C2658","1","","12.9600","H2658 -#983","","2025-04-10 11:47:00","1"
"2609","55","C2664-1","1","","130.4100","C2664-1","","2025-04-10 11:47:00","1"
"3266","55","C2873A-4ft","1","","52.6800","C2873A-4ft -#827","","2025-04-10 11:47:00","1"
"3267","55","C2873A-8ft","1","","105.3600","C2873A-8ft -#827","","2025-04-10 11:47:00","1"
"3268","55","C2873B-4ft","1","","60.8000","C2873B-4ft -#828-4","","2025-04-10 11:47:00","1"
"3269","55","C2873B-8ft","1","","121.6000","C2873B-8ft -#828-8","","2025-04-10 11:47:00","1"
"2744","55","C291R","1","","4.0500","C291R -#116","","2025-04-10 11:47:00","1"
"3270","55","C3080-14","1","","12.9100","C3080-14 -#1267-14","","2025-04-10 11:47:00","1"
"3271","55","C3080-48","1","","19.2400","C3080-48 -#1267-48","","2025-04-10 11:47:00","1"
"3272","55","C3577","1","","91.8300","C3577 -#1396","","2025-04-10 11:47:00","1"
"4030","55","C3631","1","","83.3000","C3631 -#1430","","",""
"2908","55","C3636","1","","30.3900","C3636 -#962","","2025-04-10 11:47:00","1"
"2595","55","C3641","1","","29.3300","C3641 -#1743","","2025-04-10 11:47:00","1"
"3282","55","C3681-1","1","","141.9500","C03681-1 -#1352","","2025-04-10 11:47:00","1"
"3581","55","C3691","1","","71.2800","C3691-8ft","","2025-04-10 11:47:00","1"
"579","100","C3725","1","",".0100","C3725","","2025-04-10 11:47:00","1"
"580","100","C3725-0","1","",".0100","C3725-0","","2025-04-10 11:47:00","1"
"581","100","C3725-1","1","",".0100","C3725-1","","2025-04-10 11:47:00","1"
"582","100","C3725-2","1","",".0100","C3725-2","","2025-04-10 11:47:00","1"
"1162","100","C3726","1","",".0100","C3726","","2025-04-10 11:47:00","1"
"583","100","C3726-1","1","",".0100","C3726-1","","2025-04-10 11:47:00","1"
"1205","100","C380","1","",".0100","C380-8ft","","2025-04-10 11:47:00","1"
"1204","100","C380-1","1","",".0100","C380-1-8ft","","2025-04-10 11:47:00","1"
"1333","100","C3851-1","1","",".0100","C3851-1","","2025-04-10 11:47:00","1"
"3802","55","C3881","1","","66.3000","C3881 -#1892","","2025-04-10 11:47:00","1"
"4066","55","C3942","1","","220.1500","C3942 -#1893","","",""
"3808","11","C3955","1","","712.0000","C3955 -#2025","","2026-01-14 16:07:00","1"
"3087","55","C3959","1","","20.2600","C3959 -#969","","2025-04-10 11:47:00","1"
"3786","11","C3961","1","","4.7300","C3961 -HD GSW-18","","2025-04-10 11:47:00","1"
"3320","55","C3993","1","","38.1400","C3993 -#1685","","2025-04-10 11:47:00","1"
"3845","11","C406","1","","6.0000","C406 / 707063","","2025-04-10 11:47:00","1"
"2901","100","C407","1","",".0100","C407","","2025-04-10 11:47:00","1"
"1330","100","C4075","1","",".0100","C4075","","2025-04-10 11:47:00","1"
"2700","100","C408","1","",".0100","C408","","2025-04-10 11:47:00","1"
"2594","100","C409","1","",".0100","C409","","2025-04-10 11:47:00","1"
"3274","55","C4110","1","","28.2800","C4110 -#286","","2025-04-10 11:47:00","1"
"3275","55","C4150-1","1","","96.0500","C4150-1 -#1256","","2025-04-10 11:47:00","1"
"1332","100","C4155","1","",".0100","C4155","","2025-04-10 11:47:00","1"
"3167","55","C4156-1","1","","154.7000","C4156-1 -#824","","2025-04-10 11:47:00","1"
"1334","100","C4180","1","",".0100","C4180","","2025-04-10 11:47:00","1"
"3072","55","C4196-8","1","","22.2200","C4196 -#1132","","2025-04-10 11:47:00","1"
"1311","100","C4197B","1","",".0100","C4197B","","2025-04-10 11:47:00","1"
"3976","55","C4241-14A","1","","172.5500","C4241-14/48A -#889","","2023-12-27 09:33:00","1"
"1348","100","C4241-14B","1","",".0100","C4241-14B","","2025-04-10 11:47:00","1"
"3977","55","C4241-48A","1","","172.5500","C4241-14/48A -#889","","2023-12-27 09:27:00","1"
"1347","100","C4241-48B","1","",".0100","C4241-48B","","2025-04-10 11:47:00","1"
"3077","55","C4248-14A","1","","98.7700","C4248-14A -#871","","2025-04-10 11:47:00","1"
"1349","100","C4248-14B","1","",".0100","C4248-14B","","2025-04-10 11:47:00","1"
"3079","55","C4248-48A","1","","98.7700","C4248-48A -#871","","2025-04-10 11:47:00","1"
"1352","100","C4248-48B","1","",".0100","C4248-48B","","2025-04-10 11:47:00","1"
"3276","55","C4250-14A","1","","75.1700","C4250-14A -#337-14","","2025-04-10 11:47:00","1"
"3278","55","C4250-14B","1","","75.1700","C4250-14B -#337-14 - (PAINT)","","2025-04-10 11:47:00","1"
"3277","55","C4250-48A","1","","78.0000","C4250-14A -#337-48","","2025-04-10 11:47:00","1"
"3279","55","C4250-48B","1","","78.0000","C4250-48B -#337-48 (PAINT)","","2025-04-10 11:47:00","1"
"3078","55","C4252-14A","1","","75.6500","C4252-14A -#336-14","","2025-04-10 11:47:00","1"
"3280","55","C4252-14B","1","","71.5100","C4252-14B -#336-14 (PAINT IT)","","2025-04-10 11:47:00","1"
"3058","55","C4252-48A","1","","75.9800","C4252-48A -#336-48","","2025-04-10 11:47:00","1"
"3281","55","C4252-48B","1","","75.9800","C4252-48B -#336-48 (PAINT IT)","","2025-04-10 11:47:00","1"
"3778","55","C4252-5254-14A","1","","192.9500","C4252-5254-14A -#131-14","","2025-04-10 11:47:00","1"
"3983","55","C4252-5254-48A","1","","208.2500","C4252-5254-48A -#131-48","","2024-01-09 18:49:00","1"
"3283","55","C4255-14A","1","","73.8900","C4255-14A -#1363-14","","2025-04-10 11:47:00","1"
"3285","55","C4255-14B","1","","92.0000","C4255-14A -#1363-14 (PAINT)","","2025-04-10 11:47:00","1"
"3284","55","C4255-48A","1","","92.0000","C4255-48A -#1363-48","","2025-04-10 11:47:00","1"
"3286","55","C4255-48B","1","","92.0000","C4255-48A -#1363-48 (PAINT)","","2025-04-10 11:47:00","1"
"3312","55","C4265A","1","","64.1000","C4265A -#1546","","2025-04-10 11:47:00","1"
"3313","55","C4265B","1","","70.5000","C4265B -#1546 (DK BRZ PAINT)","","2025-04-10 11:47:00","1"
"2953","55","C4320-1","1","","31.6000","C4320-1 -#1133","","2025-04-10 11:47:00","1"
"1339","100","C4527-1A","1","",".0100","C4527-1A","","2025-04-10 11:47:00","1"
"1340","100","C4527-1B","1","",".0100","C4527-1B","","2025-04-10 11:47:00","1"
"3315","55","C4542A","1","","73.8400","C4542A -#700","","2025-04-10 11:47:00","1"
"3316","55","C4548","1","","42.4100","C4548 -#1302","","2025-04-10 11:47:00","1"
"1368","100","C4550","1","",".0100","C4550","","2025-04-10 11:47:00","1"
"2888","55","C4551-14A","1","","119.0000","C7739-14A -#750-N/S","","2025-04-10 11:47:00","1"
"3318","55","C4551-14B","1","","81.0400","C4551-14B -#644-14 (PAINT BRZ)","","2025-04-10 11:47:00","1"
"3317","55","C4551-48A","1","","81.0400","C4551-48A -#644-48","","2025-04-10 11:47:00","1"
"3319","55","C4551-48B","1","","81.0400","C4551-48B -#644-48 (PAINT BRZ)","","2025-04-10 11:47:00","1"
"2889","55","C4556","1","","36.4700","C4556 -#663","","2025-04-10 11:47:00","1"
"1369","100","C5254-1","1","",".0100","C5254-1","","2025-04-10 11:47:00","1"
"1370","100","C5254-3","1","",".0100","C5254-3","","2025-04-10 11:47:00","1"
"1318","100","C5541-2","1","",".0100","C5541-2","","2025-04-10 11:47:00","1"
"1325","100","C5542-1","1","",".0100","C5542-1","","2025-04-10 11:47:00","1"
"3469","55","C5552-1","1","","21.1600","C5552-1 -#1340","","2025-04-10 11:47:00","1"
"1324","100","C5595","1","",".0100","C5595","","2025-04-10 11:47:00","1"
"3750","55","C5623","1","","127.5000","C5623 -#1422","","2025-04-10 11:47:00","1"
"3754","55","C5625","1","","50.1500","C5625 -#1224","","2025-04-10 11:47:00","1"
"3751","55","C5625-1","1","","49.6400","C5625-1 -#2061","","2025-04-10 11:47:00","1"
"2988","55","C5636","1","","30.7900","C5636 -#1265","","2025-04-10 11:47:00","1"
"2963","55","C5638","1","","36.9000","C5638 -#1688","","2025-04-10 11:47:00","1"
"2605","55","C5639-1","1","","8.4000","C5639-1 -#1548","","2025-04-10 11:47:00","1"
"3322","55","C5662","1","","45.1100","C5662 -#1579","","2025-04-10 11:47:00","1"
"3407","55","C5670","1","","47.9000","C5670 -#1245","","2025-04-10 11:47:00","1"
"2530","55","C6072","1","","1.0100","C6072 -#1678","","2025-04-10 11:47:00","1"
"2606","55","C6111","1","","1427.5800","C6111","","2025-04-10 11:47:00","1"
"3116","55","C7050","1","","55.1100","C7050 -#765","","2025-04-10 11:47:00","1"
"3323","55","C7051","1","","111.9400","C7051 -#764","","2025-04-10 11:47:00","1"
"2806","11","C711","1","","6.6700","C711 - (ADDISON)","","2025-04-10 11:47:00","1"
"1341","100","C7180-1","1","",".0100","C7180-1","","2025-04-10 11:47:00","1"
"1336","100","C7220-1","1","",".0100","C7220-1","","2025-04-10 11:47:00","1"
"586","100","C7280","1","",".0100","C7280","","2025-04-10 11:47:00","1"
"3324","55","C7609","1","","27.3500","C7609 -#1398","","2025-04-10 11:47:00","1"
"1321","100","C7610","1","",".0100","C7610","","2025-04-10 11:47:00","1"
"3340","55","C7614","1","","43.9100","C7614 -#1399","","2025-04-10 11:47:00","1"
"1315","100","C7618-A","1","",".0100","C7618-A","","2025-04-10 11:47:00","1"
"1316","100","C7618-B","1","",".0100","C7618-B","","2025-04-10 11:47:00","1"
"1304","100","C7685","1","",".0100","C7685","","2025-04-10 11:47:00","1"
"1305","100","C7686","1","",".0100","C7686","","2025-04-10 11:47:00","1"
"3325","55","C7686-1","1","","18.2300","C7686-1 -#823","","2025-04-10 11:47:00","1"
"1303","100","C7700-1C","1","",".0100","C7700-1C","","2025-04-10 11:47:00","1"
"1302","100","C7702-1C","1","",".0100","C7702-1C","","2025-04-10 11:47:00","1"
"1312","100","C7734-1","1","",".0100","C7734-1","","2025-04-10 11:47:00","1"
"3326","55","C7739-14A","1","","96.2400","C7739-14A -#750-N/S","","2025-04-10 11:47:00","1"
"3327","55","C7739-48","1","","96.2400","C7739-48 -#750-O/S","","2025-04-10 11:47:00","1"
"3435","55","C8207-2","1","","208.5600","C8207-2 -#571","","2025-04-10 11:47:00","1"
"1175","100","C8210-1","1","",".0100","C8210-1","","2025-04-10 11:47:00","1"
"1376","100","C8213-1","1","",".0100","C8213-1","","2025-04-10 11:47:00","1"
"3328","55","C8222","1","","29.5000","C8222 -#698","","2025-04-10 11:47:00","1"
"1377","100","C8231-1","1","",".0100","C8231-1","","2025-04-10 11:47:00","1"
"1177","100","C8233-2","1","",".0100","C8233-2","","2025-04-10 11:47:00","1"
"1178","100","C8233-3","1","",".0100","C8233-3","","2025-04-10 11:47:00","1"
"1183","100","C8243","1","",".0100","C8243","","2025-04-10 11:47:00","1"
"1181","100","C8249","1","",".0100","C8249","","2025-04-10 11:47:00","1"
"3086","55","C8258","1","","9.1200","C8258 -#1236","","2025-04-10 11:47:00","1"
"1180","100","C8320","1","",".0100","C8320","","2025-04-10 11:47:00","1"
"1184","100","C8342B","1","",".0100","C8342B","","2025-04-10 11:47:00","1"
"1185","100","C8343","1","",".0100","C8343","","2025-04-10 11:47:00","1"
"1381","100","C8391","1","",".0100","C8391","","2025-04-10 11:47:00","1"
"1182","100","C8420","1","",".0100","C8420","","2025-04-10 11:47:00","1"
"2837","55","C843-1","1","","59.4300","C843-1 -#124R","","2025-04-10 11:47:00","1"
"3329","55","C844-1","1","","59.4300","C844-1 -#124L","","2025-04-10 11:47:00","1"
"1382","100","C8447","1","",".0100","C8447","","2025-04-10 11:47:00","1"
"3330","55","C888-1","1","","17.7400","C888-1 -#850","","2025-04-10 11:47:00","1"
"3331","55","C888-SS","1","","13.2100","C0888-SS -#850S","","2025-04-10 11:47:00","1"
"1424","100","C8940","1","",".0100","C8940","","2025-04-10 11:47:00","1"
"1425","100","C8941","1","",".0100","C8941","","2025-04-10 11:47:00","1"
"1426","100","C8941-1","1","",".0100","C8941-1","","2025-04-10 11:47:00","1"
"2740","11","C9011","1","","1040.7200","C9011 -#1215","","2025-04-10 11:47:00","1"
"1301","100","C9027","1","",".0100","C9027","","2025-04-10 11:47:00","1"
"3332","55","C9110","1","","27.2600","C9110 -#620","","2025-04-10 11:47:00","1"
"3333","55","C9156","1","","105.8600","C9156 -#825","","2025-04-10 11:47:00","1"
"1403","100","C9185","1","",".0100","C9185","","2025-04-10 11:47:00","1"
"1404","100","C9190","1","",".0100","C9190","","2025-04-10 11:47:00","1"
"1405","100","C9210-1","1","",".0100","C9210-1","","2025-04-10 11:47:00","1"
"1406","100","C9211","1","",".0100","C9211","","2025-04-10 11:47:00","1"
"1407","100","C9217","1","",".0100","C9217","","2025-04-10 11:47:00","1"
"1408","100","C9232-1","1","",".0100","C9232-1","","2025-04-10 11:47:00","1"
"1409","100","C9241","1","",".0100","C9241","","2025-04-10 11:47:00","1"
"1410","100","C9244-1","1","",".0100","C9244-1","","2025-04-10 11:47:00","1"
"1423","100","C9282","1","",".0100","C9282","","2025-04-10 11:47:00","1"
"1411","100","C9371","1","",".0100","C9371","","2025-04-10 11:47:00","1"
"1413","100","C9388","1","",".0100","C9388","","2025-04-10 11:47:00","1"
"1414","100","C9419-2Q","1","",".0100","C9419-2Q","","2025-04-10 11:47:00","1"
"1418","100","C9451","1","",".0100","C9451","","2025-04-10 11:47:00","1"
"1419","100","C9452","1","",".0100","C9452","","2025-04-10 11:47:00","1"
"3334","55","C9535","1","","35.4500","C9535 -#727","","2025-04-10 11:47:00","1"
"3335","55","C9538","1","","43.7200","C9538 -#726","","2025-04-10 11:47:00","1"
"1319","100","C9541","1","",".0100","C9541","","2025-04-10 11:47:00","1"
"1320","100","C9541-1","1","",".0100","C9541-1","","2025-04-10 11:47:00","1"
"1380","100","C9558","1","",".0100","C9558","","2025-04-10 11:47:00","1"
"3344","55","C9558-6","1","","84.0800","C9558 -#1266","","2025-04-10 11:47:00","1"
"1422","100","C9630-0RND","1","",".0100","C9630-0RND","","2025-04-10 11:47:00","1"
"1421","100","C9630-0SEG","1","",".0100","C9630-0SEG","","2025-04-10 11:47:00","1"
"1420","100","C9630-6","1","",".0100","C9630-6","","2025-04-10 11:47:00","1"
"4015","55","C9651","1","","22.0000","C9651 - Hardware Kit for #962","","",""
"3345","55","C9665","1","","41.5600","C9665 -#1689","","2025-04-10 11:47:00","1"
"1430","100","C9670-2","1","",".0100","C9670-2","","2025-04-10 11:47:00","1"
"1429","100","C9670-3","1","",".0100","C9670-3","","2025-04-10 11:47:00","1"
"3346","55","C9676-1","1","","34.2900","C9676-1 -#1694","","2025-04-10 11:47:00","1"
"1415","100","C9710-2","1","",".0100","C9710-2","","2025-04-10 11:47:00","1"
"1434","100","C9725.K","1","",".0100","C9725.K","","2025-04-10 11:47:00","1"
"1428","100","C9778-1","1","",".0100","C9778-1","","2025-04-10 11:47:00","1"
"2647","11","C982-2","1","","15.6600","C982-2 -w/SCREW - (ADDISON)","","2025-04-10 11:47:00","1"
"1433","100","C9879","1","",".0100","C9879","","2025-04-10 11:47:00","1"
"1427","100","C9883-1","1","",".0100","C9883-1","","2025-04-10 11:47:00","1"
"589","100","C9885","1","",".0100","C9885","","2025-04-10 11:47:00","1"
"2608","55","C9910","1","","1177.1200","C9910 -#1108","","2025-04-10 11:47:00","1"
"1417","100","C9920","1","",".0100","C9920","","2025-04-10 11:47:00","1"
"1416","100","C9951-1","1","",".0100","C9951-1","","2025-04-10 11:47:00","1"
"3904","11","CE5020150","1","",".0100","CE5020150","","2025-04-10 11:47:00","1"
"3906","11","CE832R1C","1","",".0100","CE-832-R1C","","2025-04-10 11:47:00","1"
"3905","11","CE839T","1","","6.0000","CE-839-T","","2025-04-10 11:47:00","1"
"591","100","CL15142C","1","",".0100","CL15142C-4ft. (QTY=#4FT PCS)","","2025-04-10 11:47:00","1"
"2703","22","CLEARWAVE","1","",".0100","V-00954","","2025-04-10 11:47:00","1"
"3373","100","CLP","1","",".0100","CLP","","2025-04-10 11:47:00","1"
"3370","100","CLP-P","1","",".0100","CLP-P","","2025-04-10 11:47:00","1"
"4094","11","CM-9080","1","","72.0000","CM-9080 -SEC. LK.","","",""
"3674","11","CM-CPC1","1","","20.2500","CM-CPC1","","2025-04-10 11:47:00","1"
"3608","100","CONCR441KIT-AL","1","",".0100","CONCR441KIT-AL","","2025-04-10 11:47:00","1"
"4114","11","CORE-R185000","1","","100.0000","CORE-R185000","","",""
"4115","11","CORE-R313443","1","","150.0000","CORE-R313443","","",""
"3420","77","CP-RX","1","","33.2000","CP/RX","","2025-04-10 11:47:00","1"
"3421","77","CP-TX","1","","32.0000","CP/TX (59)","","2025-04-10 11:47:00","1"
"3922","77","CP-TX-HH1","1","","35.2000","CP/TX-HH1","","2025-04-10 11:47:00","1"
"3921","77","CP-TX-HH2","1","","38.0000","CP/TX-HH2","","2025-04-10 11:47:00","1"
"3502","77","CP-TX-PCB","1","","31.6000","CP/TX-PCB","","2025-04-10 11:47:00","1"
"592","100","CS-HCL","1","",".0100","CS-HCL","","2025-04-10 11:47:00","1"
"593","100","CS-HDB","1","",".0100","CS-HDB","","2025-04-10 11:47:00","1"
"3426","77","CTP-H","1","","140.8000","CTP-H","","2025-04-10 11:47:00","1"
"3425","77","CTP-HSS","1","","140.8000","CTP-HSS","","2025-04-10 11:47:00","1"
"3555","11","CV-550SPKV3","1","","95.0000","CV-550SPKV3","","2025-04-10 11:47:00","1"
"3556","11","CV-7820","1","","105.0000","CV-7820","","2025-04-10 11:47:00","1"
"3292","11","CV-CSH","1","","25.0000","CV-CSH -Tsantes","","2025-04-10 11:47:00","1"
"3854","11","CV-KTH","1","","81.0000","CV-KTH","","2025-04-10 11:47:00","1"
"3602","11","CX-DA400","1","","326.2500","CX-DA400","","2025-04-10 11:47:00","1"
"3601","11","CX-DA401","1","","500.0000","CX-DA401","","2025-04-10 11:47:00","1"
"3662","11","CX-PS13V3","1","","14.8500","CX-PS13V3","","2025-04-10 11:47:00","1"
"2753","11","D001","1","",".0100","D001","","2025-04-10 11:47:00","1"
"3763","11","D445CLA16BL-48","1","","14.6400","D445CLA16BL-48","","2025-04-10 11:47:00","1"
"3762","11","D445DUR16BL-48","1","","17.4400","D445DUR16BL-48","","2025-04-10 11:47:00","1"
"3496","77","DB11","1","","62.0000","DB11","","2025-04-10 11:47:00","1"
"594","100","DBL-02","1","",".0100","DBL-02","","2025-04-10 11:47:00","1"
"595","100","DBL-02A","1","",".0100","DBL-02A","","2025-04-10 11:47:00","1"
"596","100","DBL-02B","1","",".0100","DBL-02B","","2025-04-10 11:47:00","1"
"3372","100","DBP","1","",".0100","DBP","","2025-04-10 11:47:00","1"
"3371","100","DBP-P","1","",".0100","DBP-P","","2025-04-10 11:47:00","1"
"597","100","DC-09-0369-0","1","",".0100","DC-09-0369-0","","2025-04-10 11:47:00","1"
"1605","100","DC-09-2904-04","1","",".0100","DC-09-2904-04","","2025-04-10 11:47:00","1"
"1606","100","DC-09-3116","1","",".0100","DC-09-3116","","2025-04-10 11:47:00","1"
"1485","100","DC0112-010","1","",".0100","DC0112-010","","2025-04-10 11:47:00","1"
"942","100","DC0135-020","1","",".0100","DC0135-020","","2025-04-10 11:47:00","1"
"1989","100","DC0143-01Z","1","",".0100","DC 0143-01Z","","2025-04-10 11:47:00","1"
"943","100","DC0146-010","1","",".0100","DC0146-010","","2025-04-10 11:47:00","1"
"3895","11","DC0607-010","1","","36.5500","DC0607-010 -#1620","","2025-04-10 11:47:00","1"
"1990","100","DC0641-000","1","",".0100","DC0641-000","","2025-04-10 11:47:00","1"
"1991","100","DC0835-010","1","",".0100","DC0835-010","","2025-04-10 11:47:00","1"
"3791","55","DC0835-01Z","1","","2.8700","DC0835-01Z","","2025-04-10 11:47:00","1"
"1992","100","DC0843-010","1","",".0100","DC0843-010","","2025-04-10 11:47:00","1"
"944","100","DC0906-010","1","",".0100","DC0906-010","","2025-04-10 11:47:00","1"
"945","100","DC0907-010","1","",".0100","DC0907-010","","2025-04-10 11:47:00","1"
"946","100","DC0911-010","1","",".0100","DC0911-010","","2025-04-10 11:47:00","1"
"1993","100","DC0912-01Z","1","",".0100","DC0912-01Z","","2025-04-10 11:47:00","1"
"947","100","DC0965-010","1","",".0100","DC0965-010","","2025-04-10 11:47:00","1"
"4065","100","DC10029","1","",".0100","DC10029","","",""
"1608","100","DC10099-LK","1","",".0100","DC10099-LK","","2025-04-10 11:47:00","1"
"3975","100","DC10100","1","","1344.0000","DC10100","","",""
"1613","100","DC10100-LK","1","",".0100","DC10100-LK","","2025-04-10 11:47:00","1"
"1607","100","DC10101-LK","1","",".0100","DC10101-L","","2025-04-10 11:47:00","1"
"1611","100","DC10102-LK","1","",".0100","DC10102-LK","","2025-04-10 11:47:00","1"
"1615","100","DC10105-LK","1","",".0100","DC10105-LK","","2025-04-10 11:47:00","1"
"1616","100","DC10107-LK","1","",".0100","DC10107-LK","","2025-04-10 11:47:00","1"
"4100","100","DC10114","1","",".0100","DC10114","","2026-03-24 14:27:00","1"
"3839","100","DC10115","1","","1344.0000","DC10115","","2025-04-10 11:47:00","1"
"2964","100","DC10116-LK","1","","56.6900","DC10116-LK","","2025-04-10 11:47:00","1"
"3501","100","DC10118","1","",".0100","DC10118","","2025-04-10 11:47:00","1"
"2962","100","DC10118-LK","1","",".0100","DC10118-LK","","2025-04-10 11:47:00","1"
"4003","100","DC10127","1","",".0100","DC10127","","",""
"4004","100","DC10127-LK","1","",".0100","DC10127-LK","","",""
"3858","100","DC10129","1","",".0100","DC10129","","2025-04-10 11:47:00","1"
"1612","100","DC10155-LK","1","",".0100","DC10155-LK","","2025-04-10 11:47:00","1"
"1614","100","DC10195-LK","1","",".0100","DC10195-LK","","2025-04-10 11:47:00","1"
"1604","100","DC10200","1","",".0100","DC10200","","2025-04-10 11:47:00","1"
"1602","100","DC10255","1","",".0100","DC10255","","2025-04-10 11:47:00","1"
"1603","100","DC10256","1","",".0100","DC10256","","2025-04-10 11:47:00","1"
"948","100","DC1026-010","1","",".0100","DC1026-010","","2025-04-10 11:47:00","1"
"3866","100","DC10260","1","",".0100","DC10260","","2025-04-10 11:47:00","1"
"2036","100","DC10324","1","",".0100","DC10324","","2025-04-10 11:47:00","1"
"2037","100","DC10325","1","",".0100","DC10325","","2025-04-10 11:47:00","1"
"2033","100","DC10326","1","",".0100","DC10326","","2025-04-10 11:47:00","1"
"2034","100","DC10327","1","",".0100","DC10327","","2025-04-10 11:47:00","1"
"2039","100","DC10328","1","",".0100","DC10328","","2025-04-10 11:47:00","1"
"2038","100","DC10329","1","",".0100","DC10329","","2025-04-10 11:47:00","1"
"601","100","DC19-02-001-002","1","",".0100","DC19-02-001-002","","2025-04-10 11:47:00","1"
"602","100","DC19-02-003-004","1","",".0100","DC19-02-003-004","","2025-04-10 11:47:00","1"
"3146","100","DC19-1475-09","1","",".0100","DC19-1475-09","","2025-04-10 11:47:00","1"
"1863","100","DC20-1134LC","1","",".0100","DC20-1134LC","","2025-04-10 11:47:00","1"
"2266","100","DC20-1155","1","",".0100","DC20-1155","","2025-04-10 11:47:00","1"
"2263","100","DC20-1680","1","",".0100","DC20-1680","","2025-04-10 11:47:00","1"
"2264","100","DC20-1685","1","",".0100","DC20-1685","","2025-04-10 11:47:00","1"
"1847","100","DC20-2085","1","",".0100","DC20-2085","","2025-04-10 11:47:00","1"
"1862","100","DC20-900LC","1","",".0100","DC20-900LC","","2025-04-10 11:47:00","1"
"603","100","DC2160-2","1","",".0100","DC2160-2","","2025-04-10 11:47:00","1"
"1164","100","DC2176-5","1","",".0100","DC2176-5","","2025-04-10 11:47:00","1"
"2058","100","DC2196-5","1","",".0100","DC2196-5","","2025-04-10 11:47:00","1"
"1994","100","DC2307-010","1","",".0100","DC2307-010","","2025-04-10 11:47:00","1"
"949","100","DC2435-01A","1","",".0100","DC2435-01A","","2025-04-10 11:47:00","1"
"950","100","DC2680-010","1","",".0100","DC2680-010","","2025-04-10 11:47:00","1"
"951","100","DC2682-010","1","",".0100","DC2682-010","","2025-04-10 11:47:00","1"
"3143","55","DC2689-01C","1","","14.5800","DC0161-04C -#1526L","","2025-04-10 11:47:00","1"
"3142","55","DC2690-01C","1","","14.5800","DC0161-03C -#1526R","","2025-04-10 11:47:00","1"
"1846","100","DC3000E","1","",".0100","DC3000E","","2025-04-10 11:47:00","1"
"3899","11","DC3000G","1","","18.0800","DC3000G","","2025-04-10 11:47:00","1"
"1845","100","DC3000S","1","",".0100","DC3000S","","2025-04-10 11:47:00","1"
"1952","100","DC312717","1","",".0100","DC312717","","2025-04-10 11:47:00","1"
"1528","100","DC313087-5","1","",".0100","DC313087-5","","2025-04-10 11:47:00","1"
"1529","100","DC313087-6","1","",".0100","DC313087-6","","2025-04-10 11:47:00","1"
"1531","100","DC313087-7","1","",".0100","DC313087-7","","2025-04-10 11:47:00","1"
"1530","100","DC313087-8","1","",".0100","DC313087-8","","2025-04-10 11:47:00","1"
"987","100","DC3221-010","1","",".0100","DC3221-010","","2025-04-10 11:47:00","1"
"1995","100","DC3222-010","1","",".0100","DC3222-010","","2025-04-10 11:47:00","1"
"952","100","DC3253-010","1","",".0100","DC3253-010","","2025-04-10 11:47:00","1"
"953","100","DC3254-010","1","",".0100","DC3254-010","","2025-04-10 11:47:00","1"
"1954","100","DC3257-01Z","1","",".0100","DC3257-01Z","","2025-04-10 11:47:00","1"
"1165","100","DC3976","1","",".0100","DC3976","","2025-04-10 11:47:00","1"
"1166","100","DC3977","1","",".0100","DC3977","","2025-04-10 11:47:00","1"
"1448","100","DC4-11-0811","1","",".0100","DC4-11-0811","","2025-04-10 11:47:00","1"
"1447","100","DC4-11-0812","1","",".0100","DC4-11-0812","","2025-04-10 11:47:00","1"
"3311","55","DC467U","1","","159.7100","DC467U -#176","","2025-04-10 11:47:00","1"
"1748","100","DC5030","1","",".0100","DC5030","","2025-04-10 11:47:00","1"
"1747","100","DC5031","1","",".0100","DC5031","","2025-04-10 11:47:00","1"
"1749","100","DC5032","1","",".0100","DC5032","","2025-04-10 11:47:00","1"
"1746","100","DC5033","1","",".0100","DC5033","","2025-04-10 11:47:00","1"
"1173","100","DC5656","1","",".0100","DC5656","","2025-04-10 11:47:00","1"
"2511","100","DC5657","1","",".0100","DC5657","","2025-04-10 11:47:00","1"
"1171","100","DC5763U","1","",".0100","DC5763U","","2025-04-10 11:47:00","1"
"3665","100","DC653U","1","",".0100","DC653U","","2025-04-10 11:47:00","1"
"911","100","DC75010-1","1","",".0100","DC75010-1","","2025-04-10 11:47:00","1"
"910","100","DC75010-2","1","",".0100","DC75010-2","","2025-04-10 11:47:00","1"
"2276","100","DCBB4540NR32","1","",".0100","DCBB4540NR32","","2025-04-10 11:47:00","1"
"4032","100","DCBB4545N26D","1","",".0100","DCBB4545N26D","","",""
"3777","100","DCHD11283-AL","1","",".0100","DCHD11283-AL","","2025-04-10 11:47:00","1"
"3466","100","DCHD15783-AL","1","",".0100","DCHD15783-AL","","2025-04-10 11:47:00","1"
"3562","100","DCHD15783-DU","1","",".0100","DCHD15783-DU","","2025-04-10 11:47:00","1"
"3644","100","DCHD15795-AL","1","",".0100","DCHD15795-AL","","2025-04-10 11:47:00","1"
"3645","100","DCHD15795-DU","1","",".0100","DCU15796","","2025-04-10 11:47:00","1"
"3563","100","DCHD21083-DU","1","",".0100","DCHD21083-DU","","2025-04-10 11:47:00","1"
"1168","100","DCK3976B","1","",".0100","DCK3976B","","2025-04-10 11:47:00","1"
"1167","100","DCK3977B","1","",".0100","DCK3977B","","2025-04-10 11:47:00","1"
"1169","100","DCK5656B","1","",".0100","DCK5656B","","2025-04-10 11:47:00","1"
"1170","100","DCK5657B","1","",".0100","DCK5657B","","2025-04-10 11:47:00","1"
"954","100","DE0148-020","1","",".0100","DE0148-020","","2025-04-10 11:47:00","1"
"955","100","DE0150-120","1","",".0100","DE0150-120","","2025-04-10 11:47:00","1"
"956","100","DE0152-120","1","",".0100","DE0152-120","","2025-04-10 11:47:00","1"
"961","100","DE0154-01D","1","",".0100","DE0154-01D-8ft.","","2025-04-10 11:47:00","1"
"3506","11","DE0195-03A-4","1","","76.8000","DE0195-03A-4ft. -ADDISON","","2025-04-10 11:47:00","1"
"3507","11","DE0195-03A-8","1","",".0100","DE0195-03A-8ft.","","2025-04-10 11:47:00","1"
"964","100","DE0207-010","1","",".0100","DE0207-010","","2025-04-10 11:47:00","1"
"965","100","DE0210-01A-4FT","1","",".0100","DE0210-01A","","2025-04-10 11:47:00","1"
"1869","100","DE0210-01A-8FT","1","",".0100","DE0210-01A -8","","2025-04-10 11:47:00","1"
"966","100","DE0210-01B-4FT","1","",".0100","DE0210-01B-4FT","","2025-04-10 11:47:00","1"
"1870","100","DE0210-01B-8FT","1","",".0100","DE0210-01B-8FT","","2025-04-10 11:47:00","1"
"967","100","DE0211-01A-4ft","1","",".0100","DE0211-01A-4ft","","2025-04-10 11:47:00","1"
"1872","100","DE0211-01A-8ft","1","",".0100","DE0211-01A-8ft","","2025-04-10 11:47:00","1"
"3509","11","DE0234-010","1","","14.4000","DE0234-010 -ADDISON","","2025-04-10 11:47:00","1"
"3774","55","DE1553-01A","1","","1.0000","DE1553-01A -#0","","2025-04-10 11:47:00","1"
"969","100","DE2212-020","1","",".0100","DE2212-020","","2025-04-10 11:47:00","1"
"3287","55","Dec-27","1","","92.9600","128427 -#605","","2025-04-10 11:47:00","1"
"3288","55","Dec-47","1","","21.6900","128747 -#609","","2025-04-10 11:47:00","1"
"612","100","DECAL-0004","1","",".0100","DECAL-0004","","2025-04-10 11:47:00","1"
"613","100","DECAL-0005","1","",".0100","DECAL-0005","","2025-04-10 11:47:00","1"
"614","100","DECAL-0006","1","",".0100","DECAL-0006","","2025-04-10 11:47:00","1"
"971","100","DF0113-010","1","",".0100","DF0113-010","","2025-04-10 11:47:00","1"
"4093","99","DHBH4BB4545-US26D-NRP","1","","5.5500","DHBH4BB4545-US26D-NRP","","",""
"4113","99","DHBHSP4545-US26D","1","",".0100","DHBHSP4545-US26D","","",""
"615","100","DHK-10AL-BB","1","",".0100","DHK-10AL-BB","","2025-04-10 11:47:00","1"
"616","100","DHK-10DU-BB","1","",".0100","DHK-10DU-BB","","2025-04-10 11:47:00","1"
"2732","55","DK2515-01A","1","","109.0400","DK2515-01A -#0","","2025-04-10 11:47:00","1"
"2733","55","DK2515-01B","1","","215.1000","DK2515-01B -#0","","2025-04-10 11:47:00","1"
"2513","55","DK3287-01A","1","","205.1800","DK3287-01A -#1420","","2025-04-10 11:47:00","1"
"3242","55","DK3287-01B","1","","205.1800","DK3287-01B -#1420 PAINT BRONZE","","2025-04-10 11:47:00","1"
"3908","55","DK4651-001","1","","77.3500","DK4651-001 -#2051","","2025-04-10 11:47:00","1"
"2573","55","DK4709-01A","1","","314.5000","DK4709-01A -#2021","","2026-02-04 16:45:00","1"
"3978","55","DK4709-01C","1","","265.2000","DK4709-01C -#2021B","","",""
"4056","55","DK4709-11A","1","","308.0000","DK4709-11A -#2069","","",""
"959","100","DOM-ASTROSWING-KIT-(SINGLE)","1","",".0100","81322-900 / 81185-900","","2025-04-10 11:47:00","1"
"3353","55","DPG-50","1","","50.6500","DPG-50 -#1542","","2025-04-10 11:47:00","1"
"617","100","DS0631-000-CS","1","",".0100","DS0631-000-CS","","2025-04-10 11:47:00","1"
"618","100","DS0632-000-CS","1","",".0100","DS0632-000-CS","","2025-04-10 11:47:00","1"
"619","100","DS0644-020","1","",".0100","DS0644-020","","2025-04-10 11:47:00","1"
"3840","55","DS0645-010","1","","34.0000","DS0645-010 -#1623","","2025-04-10 11:47:00","1"
"2840","55","DS0650-010","1","","47.6000","DS0650-010 -#1368","","2025-04-10 11:47:00","1"
"2841","55","DS0651-010","1","","31.5000","DS0651-010 -1369","","2025-04-10 11:47:00","1"
"623","100","DS0704-010","1","",".0100","DS0704-000","","2025-04-10 11:47:00","1"
"624","100","DS0704-020","1","",".0100","DS0704-020","","2025-04-10 11:47:00","1"
"2991","55","DS0901-010","1","","18.9200","DS0901-010 -#1323","","2025-04-10 11:47:00","1"
"3054","55","DS0979-010","1","","367.2200","DS0979-010 -#1528","","2025-04-10 11:47:00","1"
"627","100","DS1000-010","1","",".0100","DS1000-010","","2025-04-10 11:47:00","1"
"628","100","DS1026-010","1","",".0100","DS1026-010","","2025-04-10 11:47:00","1"
"2643","55","DS1120-010","1","","113.9000","DS1120-010 -#1527L","","2025-04-10 11:47:00","1"
"2644","55","DS1121-010","1","","101.9600","DS1121-010 -#1527R","","2025-04-10 11:47:00","1"
"3071","55","DS1133-010","1","","17.0000","DS1133-010 -#1859","","2025-04-10 11:47:00","1"
"977","100","DS1473-010","1","",".0100","DS1473-010","","2025-04-10 11:47:00","1"
"630","100","DS1475-010","1","",".0100","DS1475-010","","2025-04-10 11:47:00","1"
"970","100","DS2156-010","1","",".0100","DS2156-010","","2025-04-10 11:47:00","1"
"978","100","DS2219-01A","1","",".0100","DS2219-01A","","2025-04-10 11:47:00","1"
"979","100","DS2219-01B","1","",".0100","DS2219-01B","","2025-04-10 11:47:00","1"
"3350","100","DS2222-01A","1","",".0100","DS2222-01A","","2025-04-10 11:47:00","1"
"1983","100","DS2222-01B","1","",".0100","DS2222-01B","","2025-04-10 11:47:00","1"
"3351","100","DS2223-01A","1","","379.3300","DS2223-01A","","2025-04-10 11:47:00","1"
"980","100","DS2223-01B","1","",".0100","DS2223-01B","","2025-04-10 11:47:00","1"
"3056","55","DS2412-010","1","","8.0000","DS2412-010","","2025-04-10 11:47:00","1"
"983","100","DS2516-01A","1","",".0100","DS2516-01A","","2025-04-10 11:47:00","1"
"2652","55","DS2812-010","1","","284.0200","DS2812-010 -#1621","","2025-04-10 11:47:00","1"
"3092","11","DS2813-010","1","","291.7800","DS2813-010 -ADDISON","","2025-04-10 11:47:00","1"
"3093","11","DS2814-010","1","","600.2200","DS2814-010 -#ADDISON","","2025-04-10 11:47:00","1"
"3091","55","DS2815-010","1","","1397.8600","DS2815-010 -#1530","","2025-04-10 11:47:00","1"
"633","100","DS2815-010-BKT","1","",".0100","DS2815-010-BKT","","2025-04-10 11:47:00","1"
"634","100","DS3091-010","1","",".0100","DS3091-010","","2025-04-10 11:47:00","1"
"4083","55","DS3281-010RA","1","","346.8000","DS3281-010 -#1529","","2026-01-21 18:28:00","1"
"3462","11","DSK10-68-A","1","","91.3100","DSK10-68-A","","2025-04-10 11:47:00","1"
"984","100","DX0576-000","1","",".0100","DX0576-000","","2025-04-10 11:47:00","1"
"985","100","DX0581-000","1","",".0100","DX0581-000","","2025-04-10 11:47:00","1"
"1988","100","DX0584-010","1","",".0100","DX0584-010","","2025-04-10 11:47:00","1"
"3616","55","DX0824-010","1","","32.2100","DX0824-010 -#0","","2025-04-10 11:47:00","1"
"3449","55","EAU.0010","1","","577.7000","EAU.0010 -#0","","2025-04-10 11:47:00","1"
"3080","55","EAU.0046","1","","67.2400","EAU.0046 -#1472","","2025-04-10 11:47:00","1"
"637","100","EAU.0049","1","",".0100","EAU.0049","","2025-04-10 11:47:00","1"
"3946","11","ELITE-PRO","1","","562.0300","ELITE PRO","","2023-11-06 14:52:00","1"
"3984","11","ES-1-US26D","1","","38.9900","ES-1-626 -ParkAveLcks","","",""
"986","100","ESAFBO-1","1","",".0100","ESAFBO-1","","2025-04-10 11:47:00","1"
"1985","100","ESAFSL-1","1","",".0100","ESAFSL-1","","2025-04-10 11:47:00","1"
"638","100","FAU.0007","1","",".0100","FAU.0007","","2025-04-10 11:47:00","1"
"639","100","FAU.0011","1","",".0100","FAU.0011","","2025-04-10 11:47:00","1"
"3926","55","FB1-AL","1","","23.8000","515488 -#1829","","2025-12-22 15:38:00","1"
"3927","11","FB1-DU","1","","8.0100","DL2210DU18 -CRL","","2025-04-10 11:47:00","1"
"3624","11","FB2-AL","1","","8.5900","DL2210A14 -#CRL","","2025-04-10 11:47:00","1"
"3625","11","FB2-DU","1","","8.5900","DL2210DU14 -#CRL","","2025-04-10 11:47:00","1"
"1957","100","FS77-4","1","",".0100","FS77 (# of 4FT Sections)","","2025-04-10 11:47:00","1"
"1431","100","FS77-8","1","",".0100","FS77 (# of 8FT Sections)","","2025-04-10 11:47:00","1"
"1956","100","FS77-BL-4","1","",".0100","FS77-BL-(# of 4FT Sections)","","2025-04-10 11:47:00","1"
"1432","100","FS77-BL-8","1","",".0100","FS77-BL-(# of 8FT Sections)","","2025-04-10 11:47:00","1"
"1953","11","G411740","1","",".0100","G411740","","2025-04-10 11:47:00","1"
"3767","11","G601A-48","1","","20.0700","G601A-48","","2025-04-10 11:47:00","1"
"3769","11","G610A-36","1","","31.0500","G610A-36","","2025-04-10 11:47:00","1"
"3770","11","G610A-48","1","","41.4000","G610A-48","","2025-04-10 11:47:00","1"
"3765","11","G622A-36","1","","32.4000","G622A-36","","2025-04-10 11:47:00","1"
"3764","11","G622A-48","1","","43.2000","G622A-48","","2025-04-10 11:47:00","1"
"4109","11","G622A-BB-36","1","","38.2700","G622A-BB-36","","",""
"3497","77","GD11-GDB","1","","70.0000","GD11-GDB","","2025-04-10 11:47:00","1"
"3959","22","GT630-OUT-6-39.5","1","","974.5000","GT630-OUT-6-39.5","","",""
"3049","11","GT710-LHI-204-39","1","",".0100","GT710-LHI-204-39","","2025-04-10 11:47:00","1"
"3724","11","GT710-LHI-313-39","1","",".0100","GT710-LHI-313-39","","2025-04-10 11:47:00","1"
"2097","11","GT710-LHO-204-39","1","",".0100","GT710-LHO-204-39","","2025-04-10 11:47:00","1"
"2098","11","GT710-LHO-313-39","1","",".0100","GT710-LHO-313-39","","2025-04-10 11:47:00","1"
"2870","11","GT710-RHI-204-39","1","",".0100","GT710-RHI-204-39","","2025-04-10 11:47:00","1"
"3725","11","GT710-RHI-313-39","1","",".0100","GT710-RHI-313-39","","2025-04-10 11:47:00","1"
"2099","11","GT710-RHO-204-39","1","",".0100","GT710-RHO-204-39","","2025-04-10 11:47:00","1"
"2100","11","GT710-RHO-313-39","1","",".0100","GT710-RHO-313-39","","2025-04-10 11:47:00","1"
"2275","11","GT710-SIMO-204-75","1","",".0100","GT710-SIMO-204-75","","2025-04-10 11:47:00","1"
"3726","11","GT710-SIMO-313-75","1","",".0100","GT710-SIMO-313-75","","2025-04-10 11:47:00","1"
"3730","11","GT8500-LHI-204-39","1","",".0100","GT8500-LHI-204-39","","2025-04-10 11:47:00","1"
"3731","11","GT8500-LHI-313-39","1","",".0100","GT8500-LHI-313-39","","2025-04-10 11:47:00","1"
"2018","11","GT8500-LHO-204-39","1","",".0100","GT8500-LHO-204-39","","2025-04-10 11:47:00","1"
"2369","11","GT8500-LHO-313-39","1","",".0100","GT8500-LHO-313-39","","2025-04-10 11:47:00","1"
"2917","11","GT8500-RHI-204-39","1","",".0100","GT8500-RHI-204-39","","2025-04-10 11:47:00","1"
"2867","11","GT8500-RHI-313-39","1","",".0100","GT8500-RHI-313-39","","2025-04-10 11:47:00","1"
"2019","11","GT8500-RHO-204-39","1","",".0100","GT8500-RHO-204-39","","2025-04-10 11:47:00","1"
"2674","11","GT8500-RHO-313-39","1","",".0100","GT8500-RHO-313-39","","2025-04-10 11:47:00","1"
"2218","11","GT8500-SI-MO-204-75","1","",".0100","GT8500-SI-MO-204-75","","2025-04-10 11:47:00","1"
"2839","11","GT8500-SI-MO-313-75","1","",".0100","GT8500-SI-MO-313-75","","2025-04-10 11:47:00","1"
"3083","11","GT8710-LHI-204-39","1","",".0100","GT8710-LHI-204-39","","2025-04-10 11:47:00","1"
"3727","11","GT8710-LHI-313-39","1","",".0100","GT8710-LHI-313-39","","2025-04-10 11:47:00","1"
"2020","11","GT8710-LHO-204-39","1","",".0100","GT8710-LHO-204-39","","2025-04-10 11:47:00","1"
"2083","11","GT8710-LHO-313-39","1","",".0100","GT8710-LHO-313-39","","2025-04-10 11:47:00","1"
"3728","11","GT8710-RHI-204-39","1","",".0100","GT8710-RHI-204-39","","2025-04-10 11:47:00","1"
"3729","11","GT8710-RHI-313-39","1","",".0100","GT8710-RHI-313-39","","2025-04-10 11:47:00","1"
"2021","11","GT8710-RHO-204-39","1","",".0100","GT8710-RHO-204-39","","2025-04-10 11:47:00","1"
"2084","11","GT8710-RHO-313-39","1","",".0100","GT8710-RHO-313-39 -QUICK SHIP-","","2025-04-10 11:47:00","1"
"3859","11","GT8710-SI-MO-204-75","1","",".0100","GT8710-SI-MO-204-75","","2025-04-10 11:47:00","1"
"3857","11","GT8710-SI-MO-313-75","1","",".0100","GT8710-SI-MO-313-75.5","","2025-04-10 11:47:00","1"
"4087","11","HA7-150","1","","1138.0800","HA7-150","","",""
"642","100","HARN-HN01","1","",".0100","HARN-HN01","","2025-04-10 11:47:00","1"
"643","100","HARN-HPWR","1","",".0100","HARN-HPWR","","2025-04-10 11:47:00","1"
"3836","55","HAU.0001","1","","240.5500","HAU.0001 -#1734","","2025-04-10 11:47:00","1"
"645","100","HAU.0011","1","",".0100","HAU.0011","","2025-04-10 11:47:00","1"
"3985","11","HB-1","1","","15.5000","HB-1-626 -ParkAveLcks","","",""
"646","100","HBL-01","1","",".0100","HBL-01","","2025-04-10 11:47:00","1"
"647","100","HBL-01A","1","",".0100","HBL-01A","","2025-04-10 11:47:00","1"
"648","100","HBL-01B","1","",".0100","HBL-01B","","2025-04-10 11:47:00","1"
"3498","77","HP2","1","","76.4000","HP2","","2025-04-10 11:47:00","1"
"1780","11","HR100-CT-BL","1","",".0100","HR100-CT-BL","","2025-04-10 11:47:00","1"
"1781","11","HR50-UNI-BL","1","",".0100","HR50-UNI-BL","","2025-04-10 11:47:00","1"
"4017","11","HS-4089","1","","3.6900","HS-4089 -D/C","","",""
"651","100","HUNT-INT-CL","1","",".0100","HUNT-INT-CL","","2025-04-10 11:47:00","1"
"652","100","HUNT-INT-DB","1","",".0100","HUNT-INT-DB","","2025-04-10 11:47:00","1"
"1962","11","I-ONE-XT","1","",".0100","31358","","2025-04-10 11:47:00","1"
"3883","11","ING-296198809","1","","47.9900","ING-296198809","","2025-04-10 11:47:00","1"
"3837","11","ISC250","1","","615.0000","iSC250-01P2395A","","2025-04-10 11:47:00","1"
"1225","100","JEP.003","1","",".0100","JEP.003","","2025-04-10 11:47:00","1"
"2957","55","K05621","1","","45.6900","K5621 -#1046","","2025-04-10 11:47:00","1"
"3538","55","L1-1010","1","","147.4800","L1-1010 -#1483","","2025-04-10 11:47:00","1"
"3534","55","L1-1040L","1","","131.4500","L1-1040L -#1484L","","2025-04-10 11:47:00","1"
"3535","55","L1-1040R","1","","131.4500","L1-1040R -#1484R","","2025-04-10 11:47:00","1"
"655","100","L1-1051","1","",".0100","L1-1051","","2025-04-10 11:47:00","1"
"658","100","L2-1020","1","",".0100","L2-1020","","2025-04-10 11:47:00","1"
"659","100","L2-1020-DB","1","",".0100","L2-1020-DB","","2025-04-10 11:47:00","1"
"660","100","L2-1043","1","",".0100","L2-1043","","2025-04-10 11:47:00","1"
"661","100","L2-1044","1","",".0100","L2-1044","","2025-04-10 11:47:00","1"
"662","100","L2-1051-1052","1","",".0100","L2-1051-1052","","2025-04-10 11:47:00","1"
"2074","100","L2-1070","1","",".0100","L2-1070","","2025-04-10 11:47:00","1"
"3537","55","L2-1072","1","","44.6900","L2-1072 -#1482","","2025-04-10 11:47:00","1"
"664","100","L2-1073","1","",".0100","L2-1073","","2025-04-10 11:47:00","1"
"665","100","L2-1216","1","",".0100","L2-1216","","2025-04-10 11:47:00","1"
"666","100","L2-4050","1","",".0100","L2-4050","","2025-04-10 11:47:00","1"
"667","100","L2-4100","1","",".0100","L2-4100","","2025-04-10 11:47:00","1"
"668","100","L2-4150","1","",".0100","L2-4150","","2025-04-10 11:47:00","1"
"669","100","L2-4200","1","",".0100","L2-4200","","2025-04-10 11:47:00","1"
"670","100","L2-4250","1","",".0100","L2-4250","","2025-04-10 11:47:00","1"
"671","100","L2-4260","1","",".0100","L2-4260","","2025-04-10 11:47:00","1"
"672","100","L2-4262","1","",".0100","L2-4262","","2025-04-10 11:47:00","1"
"673","100","L2-4263","1","",".0100","L2-4263","","2025-04-10 11:47:00","1"
"675","100","L2-4302","1","",".0100","L2-4302","","2025-04-10 11:47:00","1"
"676","100","L2-4321","1","",".0100","L2-4321","","2025-04-10 11:47:00","1"
"677","100","L2-4322","1","",".0100","L2-4322","","2025-04-10 11:47:00","1"
"3536","55","L2-4351","1","","8.1600","L2-4351 #1485","","2025-04-10 11:47:00","1"
"679","100","L2-5010","1","",".0100","L2-5010","","2025-04-10 11:47:00","1"
"680","100","L2-7002","1","",".0100","L2-7002","","2025-04-10 11:47:00","1"
"681","100","L2-MGBK","1","",".0100","L2-MGBK","","2025-04-10 11:47:00","1"
"674","100","L24301","1","",".0100","L24301","","2025-04-10 11:47:00","1"
"682","100","L3-1000","1","",".0100","L3-1000","","2025-04-10 11:47:00","1"
"683","100","L3-1011","1","",".0100","L3-1011","","2025-04-10 11:47:00","1"
"684","100","L3-1153","1","",".0100","L3-1153","","2025-04-10 11:47:00","1"
"685","100","L3-1153K","1","",".0100","L3-1153K","","2025-04-10 11:47:00","1"
"686","100","L3-1160","1","",".0100","L3-1160","","2025-04-10 11:47:00","1"
"687","100","L3-1161","1","",".0100","L3-1161","","2025-04-10 11:47:00","1"
"688","100","L3-1165","1","",".0100","L3-1165","","2025-04-10 11:47:00","1"
"2543","55","L8MX","1","","9.7200","L8MX -#306","","2025-04-10 11:47:00","1"
"3823","11","LGBASIC3","1","","123.3800","LGBASIC3 -LOCKMASTERS","","2025-04-10 11:47:00","1"
"4167","11","LGK-702D-SW-00-SCTE","1","","135.5000","LGK-702D-SW-00-SCTE","","",""
"4097","11","LGK-BAS-SW-00-SCTE","1","",".0100","LGK-BAS-SW-00-SCT -LOCKMASTERS","","",""
"692","100","LH1-AL","1","",".0100","LH1-AL","","2025-04-10 11:47:00","1"
"693","100","LH1-DU","1","",".0100","LH1-DU","","2025-04-10 11:47:00","1"
"656","100","LI-4089-AL","1","",".0100","LI-4089-AL","","2025-04-10 11:47:00","1"
"657","100","LI-4089-DU","1","",".0100","LI-4089-DU","","2025-04-10 11:47:00","1"
"3096","55","LO75-N","1","","9.1200","712750 -#1061","","2025-04-10 11:47:00","1"
"4076","55","M-00104","1","","18.0000","M-00104 - #0","","",""
"1101","22","M-00291","1","",".0100","M-00291","","2025-04-10 11:47:00","1"
"1103","22","M-00295","1","",".0100","M-00295","","2025-04-10 11:47:00","1"
"1122","22","M-00379","1","",".0100","M-00379","","2025-04-10 11:47:00","1"
"2904","22","M-00391","1","",".0100","M-00391","","2025-04-10 11:47:00","1"
"4091","55","M-00395","1","","921.0000","M-00395 -#2022","","",""
"1970","22","M-00405","1","",".0100","M-00405","","2025-04-10 11:47:00","1"
"1128","22","M-00428","1","",".0100","M-00428","","2025-04-10 11:47:00","1"
"1999","22","M-00440","1","",".0100","M-00440","","2025-04-10 11:47:00","1"
"1130","22","M-00483","1","",".0100","M-00483","","2025-04-10 11:47:00","1"
"1095","22","M-00593","1","",".0100","M-00593","","2025-04-10 11:47:00","1"
"1096","22","M-00594","1","",".0100","M-00594","","2025-04-10 11:47:00","1"
"2503","11","M-00611-M-00606","1","","19.6600","M-00611-M-00606-#1384","","2025-04-10 11:47:00","1"
"2763","22","M-00709","1","",".0100","M-00709","","2025-04-10 11:47:00","1"
"2106","22","M-00806","1","",".0100","M-00806","","2025-04-10 11:47:00","1"
"2905","22","M-00913","1","",".0100","M-00913","","2025-04-10 11:47:00","1"
"2654","22","M-00991","1","",".0100","M-00991","","2025-04-10 11:47:00","1"
"3505","55","M-01024","1","","52.5000","M-01024 -#A88-2S","","2025-04-10 11:47:00","1"
"2615","22","M-01045","1","",".0100","M-01045","","2025-04-10 11:47:00","1"
"1127","22","M-01144","1","",".0100","M-01144","","2025-04-10 11:47:00","1"
"3488","55","M-01175","1","","29.2800","11-10280 -#1489","","2025-04-10 11:47:00","1"
"4111","11","M-01491","1","",".0100","M-01491 (Sold by FOOT)","","",""
"3578","11","M-01546","1","","224.0000","M-01546","","2025-04-10 11:47:00","1"
"1637","22","M-01779","1","",".0100","M-01779","","2025-04-10 11:47:00","1"
"1136","22","M-60258-4","1","",".0100","M-60258-4ft + M-00291-16ft","","2025-04-10 11:47:00","1"
"1137","22","M-60258-8","1","",".0100","M-60258-8ft + M-00291-32ft","","2025-04-10 11:47:00","1"
"1134","22","M-60260-04","1","",".0100","M-60260-4ft.","","2025-04-10 11:47:00","1"
"1135","22","M-60260-08","1","",".0100","M-60260-8ft.","","2025-04-10 11:47:00","1"
"3940","66","MA-ARM-OHC-CH","1","","96.0000","MA-ARM-OHC-CH","","2025-04-10 11:47:00","1"
"3941","66","MA-ARM-OHC-CH-EL58","1","","127.0000","MA-ARM-OHC-CH-EL58","","2025-04-10 11:47:00","1"
"3937","66","MA-ARM-PULL-LH-CLR-","1","","118.0000","MA-ARM-PULL-LH-CLR","","2025-04-10 11:47:00","1"
"3935","66","MA-ARM-PULL-LH-DBZ","1","","118.0000","MA-ARM-PULL-LH-DBZ","","2025-04-10 11:47:00","1"
"3936","66","MA-ARM-PULL-RH-CLR","1","","118.0000","MA-ARM-PULL-RH-CLR","","2025-04-10 11:47:00","1"
"3934","66","MA-ARM-PULL-RH-DBZ","1","","118.0000","MA-ARM-PULL-RH-DBZ","","2025-04-10 11:47:00","1"
"3932","66","MA-ARM-PUSH-LH-CLR","1","","75.0000","MA-ARM-PUSH-LH-CLR","","2025-04-10 11:47:00","1"
"3933","66","MA-ARM-PUSH-LH-DBZ","1","","75.0000","MA-ARM-PUSH-LH-DBZ","","2025-04-10 11:47:00","1"
"3930","66","MA-ARM-PUSH-RH-CLR","1","","75.0000","MA-ARM-PUSH-RH-CLR","","2025-04-10 11:47:00","1"
"3931","66","MA-ARM-PUSH-RH-DBZ","1","","75.0000","MA-ARM-PUSH-RH-DBZ","","2025-04-10 11:47:00","1"
"3942","66","MA-EXT-KIT-CLR","1","","13.5000","MA-EXT-KIT-CLR","","2025-04-10 11:47:00","1"
"3938","66","MA-OHC-OP-CLR","1","","118.0000","MA-OHC-OP-CLR","","2025-04-10 11:47:00","1"
"3939","66","MA-OHC-OP-DBZ","1","","118.0000","MA-OHC-OP-DBZ","","2025-04-10 11:47:00","1"
"3974","66","MA20011","1","","37.0000","MA20011","","",""
"3973","66","MA40011","1","","37.0000","MA40011","","",""
"4099","66","MA40111","1","","54.0000","MA40111","","",""
"3971","66","MA40111K","1","","61.0000","MA40111K","","2026-03-13 15:52:00","1"
"3964","66","MA44111K","1","","65.0000","MA44111K","","",""
"3972","66","MA44113","1","","7.0000","MA44113","","",""
"3550","66","MA50100","1","","428.0000","MA50100","","2025-04-10 11:47:00","1"
"3807","11","MA50100-E","1","","77.0000","MA50100-E","","2025-04-10 11:47:00","1"
"4064","66","MA50100-M120","1","","457.0000","MA50100-M120","","",""
"3811","66","MA50100-M15","1","","441.0000","MA50100-M15","","2025-04-10 11:47:00","1"
"3812","66","MA50100-M15E","1","","693.0000","MA50100-M15E","","2025-04-10 11:47:00","1"
"4016","66","MA50100-M15U","1","","718.0000","MA50100-M15U","","",""
"3918","66","MA50100-M19","1","","441.0000","MA50100-M19","","2025-04-10 11:47:00","1"
"3629","66","MA50100-M21","1","","441.0000","MA50100-M21","","2025-04-10 11:47:00","1"
"3804","66","MA50100-M21E","1","","693.0000","MA50100-M21E","","2025-04-10 11:47:00","1"
"3805","66","MA50100-M21U","1","","693.0000","MA50100-M21U","","2025-04-10 11:47:00","1"
"3897","66","MA50100-M26E","1","","693.0000","MA50100-M26E","","2025-04-10 11:47:00","1"
"3896","66","MA50100-M26U","1","","693.0000","MA50100-M26U","","2025-04-10 11:47:00","1"
"3963","66","MA50100-M27","1","","441.0000","MA50100-M27","","",""
"3499","66","MA50200","1","","349.0000","MA50200","","2025-04-10 11:47:00","1"
"2209","11","MA506T","1","",".0100","MA506T","","2025-04-10 11:47:00","1"
"3216","66","MA50777-H","1","","393.0000","MA50777-H","","2025-04-10 11:47:00","1"
"3540","66","MA50777-L","1","","393.0000","MA50777-L","","2025-04-10 11:47:00","1"
"3217","66","MA81000-901","1","","605.0000","MA81000-901","","2025-04-10 11:47:00","1"
"3218","66","MA81000-902","1","","605.0000","MA81000-902","","2025-04-10 11:47:00","1"
"4043","66","MA81930","1","","67.0000","MA81930","","",""
"3561","66","MAC-HL2D-36.0-R","1","","1130.0000","MAC-HL2D-36.0-R","","2025-04-10 11:47:00","1"
"2507","66","MAC-LL1C-36.0-R","1","","1130.0000","MAC-LL1C-36.0-R","","2025-04-10 11:47:00","1"
"4069","66","MAC-LL1C-48.0-R","1","","1266.0000","MAC-LL1C-48.0-R","","2025-02-25 13:34:00","1"
"3479","66","MAC-LL1D-36.0-R","1","","1130.0000","MAC-LL1D-36.0-R","","2025-04-10 11:47:00","1"
"3483","66","MAC-LL2C-36.0-R","1","","1130.0000","MAC-LL2C-36.0-R","","2025-04-10 11:47:00","1"
"3737","66","MAC-LL2C-48.0-R","1","",".0100","MAC-LL2C-48.0-R","","2025-04-10 11:47:00","1"
"3480","66","MAC-LL2D-36.0-R","1","","1130.0000","MAC-LL2D-36.0-R","","2025-04-10 11:47:00","1"
"3948","66","MAC-LP1C-60.0-R","1","","1900.0000","MAC-LP1C-60.0-R","","",""
"3450","66","MAC-LP1D-60.0-R","1","","2085.0000","MAC-LP1D-60.0-R","","2025-04-10 11:47:00","1"
"3825","66","MAC-LP1D-72.0-R","1","","1900.0000","MAC-LP1D-72.0-R","","2025-04-10 11:47:00","1"
"3477","66","MAC-LR1C-36.0-R","1","","1273.0000","MAC-LR1C-36.0-R","","2025-04-10 11:47:00","1"
"3790","66","MAC-LR1C-42.0-R","1","",".0100","MAC-LR1C-42.0-R","","2025-04-10 11:47:00","1"
"3478","66","MAC-LR1D-36.0-R","1","","1130.0000","MAC-LR1D-36.0-R","","2025-04-10 11:47:00","1"
"3995","66","MAC-LR1D-42.0-R","1","",".0100","MAC-LR1D-42.0-R","","",""
"3482","66","MAC-LR2C-36.0-R","1","","1130.0000","MAC-LR2C-36.0-R","","2025-04-10 11:47:00","1"
"3481","66","MAC-LR2D-36.0-R","1","","1130.0000","MAC-LR2D-36.0-R","","2025-04-10 11:47:00","1"
"4006","66","MAR-C-18","1","","940.0000","MAR-C-18","","",""
"4010","66","MAR-C-29","1","","998.0000","MAR-C-29","","",""
"4011","66","MAR-C-39","1","","1044.0000","MAR-C-39","","",""
"4007","66","MAR-D-18","1","","940.0000","MAR-D-18","","",""
"4008","66","MAR-D-29","1","","998.0000","MAR-D-29","","",""
"4009","66","MAR-D-39","1","","1044.0000","MAR-D-39","","",""
"3784","66","MAX-KIT-S1","1","","161.0000","MAX-KIT-S1","","2025-04-10 11:47:00","1"
"3924","66","MAX-R","1","","39.0000","MAX-R","","2025-04-10 11:47:00","1"
"4013","66","MAX-S1","1","","24.5000","MAX-S1","","",""
"3925","66","MAX-T","1","","16.0000","MAX-T","","2025-04-10 11:47:00","1"
"3785","66","MAX-TL","1","","79.0000","MAX-TL","","2025-04-10 11:47:00","1"
"3663","11","ME30A1203F01","1","","27.5300","ME30A1203F01 -RS/DIGIKEY","","2025-04-10 11:47:00","1"
"4152","10","MM-112DD","1","","126.7500","841","","",""
"3430","77","NGS-IR-A","1","","104.0000","NGS-IR-A","","2025-04-10 11:47:00","1"
"1019","100","NI-330-003","1","",".0100","NI-330-003","","2025-04-10 11:47:00","1"
"2669","22","Nov-12","1","",".0100","A-00149","","2025-04-10 11:47:00","1"
"1964","11","OA-601C","1","",".0100","OA-601C","","2025-04-10 11:47:00","1"
"4103","11","OA-FLEX-T","1","","199.0000","OA-FLEX-T","","",""
"2110","11","OAM-EXPLORER","1","",".0100","OAM-EXPLORER","","2025-04-10 11:47:00","1"
"2738","11","OC-904C-T","1","",".0100","OC904C-T","","2025-04-10 11:47:00","1"
"2755","11","OMS-102","1","","170.0000","OMS-102","","2025-04-10 11:47:00","1"
"1963","11","OP-08C","1","",".0100","OP-08C","","2025-04-10 11:47:00","1"
"718","100","OP-14GALL","1","",".0100","OP-14GALL","","2025-04-10 11:47:00","1"
"720","100","OP-14GDUL","1","",".0100","OP-14GDUL","","2025-04-10 11:47:00","1"
"721","100","OP-14GDUR","1","",".0100","OP-14GDUR","","2025-04-10 11:47:00","1"
"724","100","OP-14KMDUL","1","",".0100","OP-14KMDUL","","2025-04-10 11:47:00","1"
"725","100","OP-14KMDUR","1","",".0100","OP-14KMDUR","","2025-04-10 11:47:00","1"
"2177","100","OP09-AL","1","",".0100","OP09-AL","","2025-04-10 11:47:00","1"
"2179","100","OP09-DU","1","",".0100","OP09-DU","","2025-04-10 11:47:00","1"
"2166","11","OP10-ALL","1","",".0100","OP10-ALL","","2025-04-10 11:47:00","1"
"2167","11","OP10-ALR","1","",".0100","OP10-ALR","","2025-04-10 11:47:00","1"
"2168","11","OP10-DUL","1","","17.4200","OP10-DUL -D/C","","2026-08-10 16:20:00","3294"
"2169","11","OP10-DUR","1","",".0100","OP10-DUR","","2025-04-10 11:47:00","1"
"2170","11","OP12-ALL","1","",".0100","OP12-ALL","","2025-04-10 11:47:00","1"
"2171","11","OP12-ALR","1","",".0100","OP12-ALR","","2025-04-10 11:47:00","1"
"2172","11","OP12-DUL","1","",".0100","OP12-DUL","","2025-04-10 11:47:00","1"
"2173","11","OP12-DUR","1","",".0100","OP12-DUR","","2025-04-10 11:47:00","1"
"2176","11","OP14G-ALR","1","",".0100","OP14G-ALR","","2025-04-10 11:47:00","1"
"2096","100","OP14KM-ALL","1","",".0100","OP14KM-ALL","","2025-04-10 11:47:00","1"
"723","100","OP14KM-ALR","1","",".0100","OP-14KMALR","","2025-04-10 11:47:00","1"
"726","100","OP16-ALL","1","",".0100","OP16-ALL","","2025-04-10 11:47:00","1"
"728","100","OP16-DUL","1","",".0100","OP16-DUL","","2025-04-10 11:47:00","1"
"736","100","OPKP-ALL","1","",".0100","OPKP-ALL","","2025-04-10 11:47:00","1"
"737","100","OPKP-ALR","1","",".0100","OPKP-ALR","","2025-04-10 11:47:00","1"
"738","100","OPKP-DUL","1","",".0100","OPKP-DUL","","2025-04-10 11:47:00","1"
"739","100","OPKP-DUR","1","",".0100","OPKP-DUR","","2025-04-10 11:47:00","1"
"740","100","OPYKK-ALL","1","",".0100","OPYKK-ALL","","2025-04-10 11:47:00","1"
"741","100","OPYKK-ALR","1","",".0100","OPYKK-ALR","","2025-04-10 11:47:00","1"
"742","100","OPYKK-DUL","1","",".0100","OPYKK-DUL","","2025-04-10 11:47:00","1"
"743","100","OPYKK-DUR","1","",".0100","OPYKK-DUR","","2025-04-10 11:47:00","1"
"1965","11","OS-12CDT","1","",".0100","OS-12CDT","","2025-04-10 11:47:00","1"
"1966","11","OS-12CST","1","",".0100","OS-12CST","","2025-04-10 11:47:00","1"
"2006","11","OS-12CT","1","",".0100","OS-12CT","","2025-04-10 11:47:00","1"
"2111","11","OVS-01GT","1","",".0100","OVS-01GT","","2025-04-10 11:47:00","1"
"4160","11","OVS-02GT","1","","354.0000","OVS-02GT","","",""
"748","100","PP01-ALL","1","",".0100","PP01-ALL","","2025-04-10 11:47:00","1"
"749","100","PP01-DUL","1","",".0100","PP01-DUL","","2025-04-10 11:47:00","1"
"2877","11","PRO341136","1","",".0100","PRO341136","","2025-04-10 11:47:00","1"
"1968","11","PROSWING-ELITE-T","1","","421.4300","PROSWING-ELITE-T","","2025-04-10 11:47:00","1"
"751","100","PROSWING-PREMIER","1","",".0100","PROSWING-PREMIER","","2025-04-10 11:47:00","1"
"2636","100","PRX-1000","1","",".0100","PRX-1000","","2025-04-10 11:47:00","1"
"3920","11","PT724A","1","","86.3900","PT724A -#SECLK","","2025-04-10 11:47:00","1"
"2769","33","PUSHPLATE45S-433","1","",".0100","PUSH PLATE45S-433","","2025-04-10 11:47:00","1"
"2762","33","PUSHPLATE45S-900","1","","204.1700","PUSH PLATE 45S-900","","2025-04-10 11:47:00","1"
"3817","11","QD4000-1A-39.5","1","","958.3800","QD4000-1A-39.5","","2025-04-10 11:47:00","1"
"3818","11","QD4000-2A-39.5","1","","958.3800","QD4000-2A-39.5","","2025-04-10 11:47:00","1"
"3824","11","QD4000-C","1","","599.3000","QD4000-C - QUAD SYSTEMS","","2025-04-10 11:47:00","1"
"3822","11","QD4000-LHO","1","","579.1200","QD4000-LHO - QUAD SYSTEMS","","2025-04-10 11:47:00","1"
"3821","11","QD4000-RHO","1","","579.1200","QD4000-RHO - QUAD SYSTEMS","","2025-04-10 11:47:00","1"
"3828","11","QD7000-1A-39.5","1","","732.8800","QD7000-1A-39.5 - QUAD SYSTEMS","","2025-04-10 11:47:00","1"
"3829","11","QD7000-2A-39.5","1","","732.8800","QD7000-2A-39.5 - QUAD SYSTEMS","","2025-04-10 11:47:00","1"
"4031","11","QD7000-3A-39.5","1","","732.8800","QD7000-3A-39.5","","",""
"3832","11","QD7000-C","1","","349.5600","QD7000-C - QUAD SYSTEMS","","2025-04-10 11:47:00","1"
"3830","11","QD7000-LO","1","","399.4500","DC7000-LO - QUAD SYSTEMS","","2025-04-10 11:47:00","1"
"3815","11","QD7000-LOC","1","","499.3200","DC7000-LOC - QUAD SYSTEMS","","2025-04-10 11:47:00","1"
"3831","11","QD7000-RO","1","","399.4500","DC7000-RO - QUAD SYSTEMS","","2025-04-10 11:47:00","1"
"3814","11","QD7000-ROC","1","","499.3200","DC7000-ROC - QUAD SYSTEMS","","2025-04-10 11:47:00","1"
"2398","11","R04-02-655128","1","","196.3500","R04-02-654481 -#813","","2025-04-10 11:47:00","1"
"2399","11","R04-02-6551285","1","","207.2300","R04026551285","","2025-04-10 11:47:00","1"
"2760","11","R04-02-655500","1","","382.5000","04-02-655500 -#776","","2025-04-10 11:47:00","1"
"2397","11","R0402548727","1","","400.0000","R0402548727-#814L","","2025-04-10 11:47:00","1"
"2396","11","R0415548726","1","","400.0000","R0415548726-#814S","","2025-04-10 11:47:00","1"
"3403","11","R10-02-001","1","","263.0000","R10-02-001 -#67","","2025-04-10 11:47:00","1"
"3357","11","R1000459","1","","702.3300","R1000459 -#DC","","2025-04-10 11:47:00","1"
"3358","11","R1000459-1","1","","702.3300","R1000459-1 -#DC","","2025-04-10 11:47:00","1"
"2463","11","R1003498","1","","425.0000","R1003498 - #1465","","2025-04-10 11:47:00","1"
"2082","11","R1003532","1","","294.5300","R1003532 -#1490","","2025-04-10 11:47:00","1"
"3385","11","R1004204","1","","153.4200","R1004204 -#1789","","2025-04-10 11:47:00","1"
"3102","11","R1007035","1","","753.9500","R1007035 -#1774","","2025-04-10 11:47:00","1"
"2464","11","R1007291","1","",".0100","R1007291 - DC","","2025-04-10 11:47:00","1"
"2035","11","R1007773","1","",".0100","R1007773","","2025-04-10 11:47:00","1"
"2799","11","R1008147","1","","280.3900","1008147 -#1601","","2025-04-10 11:47:00","1"
"2467","11","R1008346","1","","413.1000","331008346R - #1607","","2025-04-10 11:47:00","1"
"4057","11","R104793","1","","382.6600","R104793 -D/C","","",""
"2046","11","R107506HD","1","","389.6300","R107506HD -#507HD","","2025-04-10 11:47:00","1"
"2045","11","R107506N","1","","389.6300","R107506N -507N","","2025-04-10 11:47:00","1"
"3404","11","R11-02-001","1","","224.0300","R11-02-001 -#69","","2025-04-10 11:47:00","1"
"2013","11","R110357-1","1","","206.2700","R110357-1 -#718","","2025-04-10 11:47:00","1"
"1759","11","R110378RI","1","","295.5900","R110378RI -#735","","2025-04-10 11:47:00","1"
"1760","11","R110378RO","1","","295.5900","R110378RO -#733","","2025-04-10 11:47:00","1"
"1761","11","R110379LI","1","","295.5900","R110379LI -#736","","2025-04-10 11:47:00","1"
"1762","11","R110379LO","1","","295.5900","R110379LO -#734","","2025-04-10 11:47:00","1"
"2980","11","R1200","1","","83.3000","1200 -#582","","2025-04-10 11:47:00","1"
"2981","11","R1300","1","","83.3000","1300 -#720","","2025-04-10 11:47:00","1"
"3641","11","R141022UL","1","","534.6500","R141022UL -#1346","","2025-04-10 11:47:00","1"
"3583","11","R160-001","1","","773.0800","160-001 -#1619","","2025-04-10 11:47:00","1"
"2272","11","R173721-I","1","","680.8100","R173721-I -D/C","","2025-04-10 11:47:00","1"
"2271","11","R173721-O","1","","680.8100","R173721-O -D/C","","2025-04-10 11:47:00","1"
"2891","11","R177609","1","","479.2500","R177609 -#D/C","","2025-04-10 11:47:00","1"
"2761","11","R18-02-001","1","","331.1900","R18-02-001 -#708","","2025-04-10 11:47:00","1"
"2685","11","R18-15-106","1","","300.0000","R18-15-106 -#71","","2025-04-10 11:47:00","1"
"2041","11","R185000","1","","374.5000","R185000-#1237D","","2025-04-10 11:47:00","1"
"2441","11","R185000-1","1","","374.5000","R185000-1 -#1237S","","2025-04-10 11:47:00","1"
"2040","11","R185101","1","","371.4500","R185101 -1237PD","","2025-04-10 11:47:00","1"
"2640","11","R185101-1","1","","374.5000","R185101-1 -#1237PS","","2025-04-10 11:47:00","1"
"2684","11","R19-05-005","1","","227.3800","R19-05-005 -#418","","2025-04-10 11:47:00","1"
"2683","11","R19-15-001","1","","500.2300","R19-15-001 -#418 & #71","","2025-04-10 11:47:00","1"
"3446","11","R21-02-002","1","","87.6700","R21-02-002 -#413","","2025-04-10 11:47:00","1"
"2734","11","R21-07-001","1","","454.7500","R21-07-001 -#223","","2025-04-10 11:47:00","1"
"2646","11","R2110097","1","","486.2000","R2110097 -#943+1771","","2025-04-10 11:47:00","1"
"2978","11","R215210","1","","171.9000","R215210 -719","","2025-04-10 11:47:00","1"
"2977","11","R218133","1","","112.2000","R218133 -#465","","2025-04-10 11:47:00","1"
"2787","11","R218735","1","","109.7800","R218735 -667","","2025-04-10 11:47:00","1"
"3659","11","R219206","1","","243.1000","R219528 -#943","","2025-04-10 11:47:00","1"
"2842","11","R219528","1","","525.0000","R219528 -1064C","","2025-04-10 11:47:00","1"
"2895","11","R22-10311-01","1","","428.0000","22-10311-01 -1306-2","","2025-04-10 11:47:00","1"
"2896","11","R22-10311-02","1","","428.0000","22-10311-02 -1305-2","","2025-04-10 11:47:00","1"
"2970","11","R220575-A","1","","150.0700","R22-0575 -#108 (ANALOG)","","2025-04-10 11:47:00","1"
"3336","11","R220575-M","1","","150.0700","R220575 -#108 ""MAGNUM""","","2025-04-10 11:47:00","1"
"2969","11","R220575SQ","1","","149.8000","220575 -464","","2025-04-10 11:47:00","1"
"2982","11","R228625","1","","294.2500","R228625 -182","","2025-04-10 11:47:00","1"
"3910","11","R24-11327","1","","388.4500","R24-11327 -#1625","","2025-04-10 11:47:00","1"
"3417","11","R24-8901","1","","311.9500","R248901-U04-19 -#936","","2025-04-10 11:47:00","1"
"2537","11","R24-9800-01","1","","273.8900","R24-9800-01 -#939","","2025-04-10 11:47:00","1"
"2529","11","R24-9800-02","1","","267.7500","R24-9800-02 -#1177-2","","2025-04-10 11:47:00","1"
"2538","11","R24-9800-03","1","","267.7500","R24-9800-03 -#1177-3","","2025-04-10 11:47:00","1"
"2539","11","R24-9800-04","1","","243.5200","R24-9800-04 -#1177-4","","2025-04-10 11:47:00","1"
"2540","11","R24-9800-04A","1","","268.1900","R24-9800-04A","","2025-04-10 11:47:00","1"
"3661","11","R243425","1","","85.0000","R243425 -#310","","2025-04-10 11:47:00","1"
"3418","11","R248901-03","1","","292.2200","R248901-U01-03 -#936","","2025-04-10 11:47:00","1"
"3419","11","R248901-30","1","","328.1000","R248901-U30 -#1541","","2025-04-10 11:47:00","1"
"3003","11","R2614LH","1","","583.1000","2614LH -#1549","","2025-04-10 11:47:00","1"
"3004","11","R2614RH","1","","583.1000","2614RH -#1549R","","2025-04-10 11:47:00","1"
"3987","11","R30-02-101","1","","164.0500","R30-02-101 -#59","","",""
"2691","11","R30-02-655449","1","","401.6300","R30-02-655449 -#940","","2025-04-10 11:47:00","1"
"2827","11","R30-10-001","1","","374.0000","R30-10-001 -#54","","2026-08-11 10:39:00","3294"
"2828","11","R30-10-002","1","","325.0000","R30-10-002 -#55","","2025-04-10 11:47:00","1"
"3863","11","R30-10-008L","1","","316.2000","R30-10-008L -#1002","","2025-04-10 11:47:00","1"
"3864","11","R30-10-008R","1","","316.2000","R30-10-008R -#1001","","2025-04-10 11:47:00","1"
"2692","11","R30-10-100092","1","","375.0000","R30-10-100092 -#952","","2025-04-10 11:47:00","1"
"2653","11","R30-15-010","1","","163.0500","R30-15-010 -#56","","2025-04-10 11:47:00","1"
"3558","11","R30-15-011","1","","284.7500","R30-15-011 -#57","","2025-11-25 12:21:00","1"
"3788","11","R3100LSSRC","1","","340.0000","R3100LSSRC -#1085","","2025-04-10 11:47:00","1"
"2747","11","R312152RC","1","","400.0000","R312152RC -#991","","2025-04-10 11:47:00","1"
"2749","11","R312152RCS","1","","400.0000","R312152RCS -#995","","2025-04-10 11:47:00","1"
"2748","11","R312153RC","1","","400.0000","R312153RC -#992","","2025-04-10 11:47:00","1"
"2750","11","R312153RCS","1","","400.0000","R312153RCS -#996","","2025-04-10 11:47:00","1"
"2049","11","R312824T","1","","214.2000","R312824T","","2025-04-10 11:47:00","1"
"3241","11","R312965","1","","228.6500","R312965 -#508","","2025-04-10 11:47:00","1"
"3297","11","R313027","1","","218.2800","R313027 -#499","","2025-04-10 11:47:00","1"
"3293","11","R313034","1","","209.1900","R313034 -#498","","2025-04-10 11:47:00","1"
"3390","11","R313087-5","1","","243.5200","R313087-5 -#628RF","","2025-04-10 11:47:00","1"
"3391","11","R313087-6","1","","243.5200","R313087-6 -#628LF","","2025-04-10 11:47:00","1"
"3393","11","R313087-7","1","","243.5200","R313087-7 -#628RC","","2025-04-10 11:47:00","1"
"3392","11","R313087-8","1","","243.5200","R313087-8 -#628LC","","2025-04-10 11:47:00","1"
"2742","11","R313153","1","","294.5300","R313153 -#647","","2025-04-10 11:47:00","1"
"3047","11","R313165","1","","343.7900","R313165 -#1119","","2025-04-10 11:47:00","1"
"2758","11","R313185","1","","168.6800","R313185 -#637","","2025-04-10 11:47:00","1"
"2590","11","R313383","1","","99.7500","R313383 -#248-O/S","","2025-04-10 11:47:00","1"
"2442","11","R313443","1","","468.3500","R313443-#498C","","2025-04-10 11:47:00","1"
"3294","11","R313506","1","","236.4700","R313506 -#1095","","2025-04-10 11:47:00","1"
"3048","11","R313530","1","","224.0200","R313530 -D/C","","2025-04-10 11:47:00","1"
"2809","11","R313852L","1","","409.2800","R313852 -970L","","2025-04-10 11:47:00","1"
"2808","11","R313852R","1","","409.2800","R313852 -970R","","2025-04-10 11:47:00","1"
"2047","11","R313853","1","","288.7500","R313853 -#1077","","2025-04-10 11:47:00","1"
"3388","11","R313985-1","1","","170.4600","RB313985-1 -#1467RF","","2025-04-10 11:47:00","1"
"3387","11","R313985-2","1","","170.4600","RB313985-2 -#1467LF","","2025-04-10 11:47:00","1"
"3389","11","R313985-3","1","","170.4200","RB313985-3 -#1467RC","","2025-04-10 11:47:00","1"
"3386","11","R313985-4","1","","170.4600","RB313985-4 -#1467LC","","2025-04-10 11:47:00","1"
"2811","11","R314309L","1","","450.0000","R313852 -970L","","2025-04-10 11:47:00","1"
"2810","11","R314309R","1","","450.0000","R313852 -970R","","2025-04-10 11:47:00","1"
"3291","11","R314326","1","","432.0100","314326 -#1095C","","2025-04-10 11:47:00","1"
"3290","11","R314326-IQ","1","","432.0100","314326-IQ -#1095CIQ","","2025-04-10 11:47:00","1"
"3289","11","R314328-IQ","1","","400.1800","314328-IQ -#498CIQ","","2025-04-10 11:47:00","1"
"2979","11","R3400","1","","171.9000","R3400 -721","","2025-04-10 11:47:00","1"
"3368","11","R3800L","1","","272.8500","R3800L -#1006","","2025-04-10 11:47:00","1"
"3354","11","R3800LSS","1","","272.8500","R3800LSS -#1008","","2025-04-10 11:47:00","1"
"3369","11","R3800R","1","","272.8500","R3800R -#1005","","2025-04-10 11:47:00","1"
"3355","11","R3800RSS","1","","272.8500","R3800RSS -#1007","","2025-04-10 11:47:00","1"
"2015","11","R4-11-0813","1","","500.0000","9-99-2140 -#903-2","","2025-04-10 11:47:00","1"
"2219","11","R4-20-0102","1","",".0100","R4-20-0102 -#722","","2025-04-10 11:47:00","1"
"3986","11","R4-30-0517","1","","177.6500","R4-30-0517 -#1014SH","","",""
"2687","11","R4-31-0515","1","","177.6500","R4-31-0515 -#1014SL","","2025-04-10 11:47:00","1"
"2582","11","R4-35-0901","1","","130.9000","R4-35-0901 -#485-O/S","","2025-04-10 11:47:00","1"
"2642","11","R4-35-0913","1","","130.9000","R4-35-0913 -#485-N/S","","2025-04-10 11:47:00","1"
"3352","11","R4-38-0510","1","","143.1900","R4-38-0510 -#954","","2025-04-10 11:47:00","1"
"2066","11","R4-51-0144","1","","454.7500","R4-51-0144 -#1544","","2025-04-10 11:47:00","1"
"2665","11","R404762","1","","203.8700","R404762 -D/C","","2025-04-10 11:47:00","1"
"2899","11","R41-5638BL","1","","428.0000","41-5638BL -1305","","2025-04-10 11:47:00","1"
"2900","11","R41-5638BR","1","","428.0000","41-5638BR -1306","","2025-04-10 11:47:00","1"
"4036","11","R41-5638L","1","","408.0000","41-5638L -#1305-1","","",""
"4037","11","R41-5638R","1","","408.0000","R41-5638R -#1306-1","","",""
"2968","11","R41-8054-1175","1","","561.7500","R41-8054-1175 -182C1","","2025-04-10 11:47:00","1"
"3473","11","R410024","1","","281.9500","R410024 -#88","","2025-04-10 11:47:00","1"
"3474","11","R410025","1","","281.9500","R410025 -#89","","2025-04-10 11:47:00","1"
"2697","11","R411512","1","","114.7500","R411512 -#95","","2025-12-03 12:49:00","1"
"2698","11","R412208","1","","107.1000","R412208 -#95H","","2025-04-10 11:47:00","1"
"2976","11","R413800","1","","139.8900","R413800 -DC","","2025-04-10 11:47:00","1"
"2966","11","R418054","1","","470.8000","R418054 -182C2","","2025-04-10 11:47:00","1"
"2967","11","R418054SQ","1","","470.8000","R418054SQ -182C","","2025-04-10 11:47:00","1"
"3485","11","R418987-05","1","","363.8000","R41-8987-05 -#1441","","2025-04-10 11:47:00","1"
"3484","11","R418987-06","1","","388.4500","R418987-06 -#1440","","2025-04-10 11:47:00","1"
"3475","11","R418987-09","1","","281.9500","R41-8987-09 -#89-MAG","","2025-04-10 11:47:00","1"
"3476","11","R418987-10","1","","281.9500","R41-8987-10 -#88-MAG","","2025-04-10 11:47:00","1"
"3001","11","R4610-4620","1","","337.0500","4610 -#1301","","2025-04-10 11:47:00","1"
"3005","11","R4611-4631","1","","535.0000","4611-4631 -1295","","2025-04-10 11:47:00","1"
"3006","11","R4622-4642","1","","535.0000","4622-4642 -#1296","","2025-04-10 11:47:00","1"
"3013","11","R4630-3180","1","","93.5000","R4630-3180 -#1364","","2025-04-10 11:47:00","1"
"3014","11","R4630-3180-2","1","","103.1400","R4630-3180 -1364-2","","2025-04-10 11:47:00","1"
"3011","11","R4630-3454B","1","","374.5000","4630-3454B -1254B","","2025-04-10 11:47:00","1"
"3012","11","R4630-3454S","1","","318.3300","4630-3454S -#1254S","","2025-04-10 11:47:00","1"
"2950","11","R4630-3462","1","","401.0900","R4630-3462 -1219","","2025-04-10 11:47:00","1"
"3007","11","R4640-3454","1","","374.5000","4610/4620 -#1457","","2025-04-10 11:47:00","1"
"2983","11","R4811","1","","642.0000","4811 -1538","","2025-04-10 11:47:00","1"
"3002","11","R4822","1","","642.0000","4822 -1487","","2025-04-10 11:47:00","1"
"2860","11","R514542","1","","209.1900","R514542 -#517","","2025-04-10 11:47:00","1"
"3295","11","R515801","1","","209.1900","R515801 -#517T","","2025-04-10 11:47:00","1"
"3296","11","R515801-IQ","1","","209.1900","R515801 -#517TIQ","","2025-04-10 11:47:00","1"
"2163","11","R516098","1","","178.5000","R516098 -248-N/S","","2025-04-10 11:47:00","1"
"2373","11","R549712","1","","386.5400","R549712 -#967","","2025-04-10 11:47:00","1"
"3871","11","R550476","1","","559.3000","R550476 -#1235","","2025-04-10 11:47:00","1"
"3384","11","R600085","1","","153.4200","R600085 -#1165","","2025-04-10 11:47:00","1"
"2010","11","R600091","1","","428.4000","R600091-A1220","","2025-04-10 11:47:00","1"
"2800","11","R600091B","1","","428.4000","R600091 -1220 BLACK","","2025-04-10 11:47:00","1"
"2374","11","R655711","1","","340.9300","R655711 -#932","","2025-04-10 11:47:00","1"
"2473","11","R70586-400","1","","321.3000","R70586-400 -#30","","2025-04-10 11:47:00","1"
"2474","11","R70587-400","1","","340.0400","R70587-400 -#455","","2025-04-10 11:47:00","1"
"2468","11","R70588-400","1","","401.0900","R70588-400 - #621","","2025-04-10 11:47:00","1"
"2477","11","R70590-400","1","","214.2000","R70590-400 -#29","","2025-04-10 11:47:00","1"
"2475","11","R70596-400","1","","374.8500","R70596-400 -#842","","2025-04-10 11:47:00","1"
"2476","11","R70598-400","1","","374.8500","R70598-400 -#924","","2025-04-10 11:47:00","1"
"2998","11","R710164","1","","416.5000","R710164-00 -#1421","","2025-04-10 11:47:00","1"
"2999","11","R710165","1","","400.9400","R710165-00 - DC","","2025-04-10 11:47:00","1"
"3000","11","R710166","1","","400.9400","R710166-00 - DC","","2025-04-10 11:47:00","1"
"3889","11","R710205","1","","328.1000","R710205 -#1461","","2025-04-10 11:47:00","1"
"2478","11","R72120-400","1","","250.0000","R72120-400 -#28","","2025-04-10 11:47:00","1"
"2469","11","R72188-400","1","","250.0000","R72188-400 - #31","","2025-04-10 11:47:00","1"
"2470","11","R72620-400","1","","325.0000","R72620-400 -#446","","2025-04-10 11:47:00","1"
"3321","11","R75-02-249","1","","100.0000","R75-02-249 -#224","","2025-04-10 11:47:00","1"
"2472","11","R76100-400","1","","281.1400","R76100-400 -#1176","","2025-04-10 11:47:00","1"
"2737","11","R81002-401","1","","408.0000","R81002-401 -#206C","","2025-04-10 11:47:00","1"
"2736","11","R81002-402","1","","408.0000","R81002-402 -#207C","","2025-04-10 11:47:00","1"
"3023","11","R81007-401","1","","436.5600","R81007-401 -#206C2","","2025-04-10 11:47:00","1"
"3024","11","R81007-402","1","","436.5600","R81007-402 -#207C2","","2025-04-10 11:47:00","1"
"3026","11","R81080-401","1","","185.5400","R81080-401 -#206","","2025-04-10 11:47:00","1"
"3027","11","R81080-402","1","","218.2800","R81080-402 -#207","","2025-04-10 11:47:00","1"
"3038","11","R81285-400","1","","224.7000","R81285-400 -#1029","","2025-04-10 11:47:00","1"
"3032","11","R81540-400","1","","295.0900","R81540-400 -#208","","2025-04-10 11:47:00","1"
"3031","11","R81560-401","1","","185.5400","R81560-4012 -#209R","","2025-04-10 11:47:00","1"
"3030","11","R81560-402","1","","185.5400","R81560-402 -209L","","2025-04-10 11:47:00","1"
"3033","11","R81650-400","1","","200.5400","R81650-400 -#452","","2025-04-10 11:47:00","1"
"4035","11","R83801-401","1","","416.5000","R83801-401 -#744C","","",""
"3892","11","R84005","1","","164.0500","R84005 -#729-O/S","","2025-04-10 11:47:00","1"
"3890","11","R84120-400","1","","164.0500","R84120-400 -#729-N/S","","2025-04-10 11:47:00","1"
"3891","11","R84240-400","1","","164.0500","R84240-400 -#729-PNG","","2025-04-10 11:47:00","1"
"3037","11","R84540-400","1","","263.5700","R84540-400 -#902","","2025-04-10 11:47:00","1"
"3020","11","R84570","1","","286.4900","R84570 - #690","","2025-04-10 11:47:00","1"
"3034","11","R84580-400","1","","360.9800","R84580-400 -#691","","2025-04-10 11:47:00","1"
"3035","11","R85420-400","1","","286.4500","R85420-400 -#775","","2025-04-10 11:47:00","1"
"3036","11","R85425-400","1","","421.1400","R85425-400 -#832","","2025-04-10 11:47:00","1"
"3021","11","R85440","1","","372.4400","R85440 - #864","","2025-04-10 11:47:00","1"
"3022","11","R85445","1","","429.7400","R85445 - #865","","2025-04-10 11:47:00","1"
"2767","11","R9-61-0101","1","","534.6500","R9-61-0101 -#1504","","2025-04-10 11:47:00","1"
"2519","11","R9-61-0111A","1","","274.6300","R9-61-0111A -Door Controls","","2025-04-10 11:47:00","1"
"2768","11","R9-80-0101","1","","534.6500","R9-80-0101 -#1503","","2025-04-10 11:47:00","1"
"2518","11","R9-80-0111","1","","347.9700","R9-80-0111","","2025-04-10 11:47:00","1"
"2517","11","R9-80-0111A","1","","347.9700","R9-80-0111A","","2025-04-10 11:47:00","1"
"2017","11","R9-99-1311","1","","487.0400","R9999-1311 -#887","","2025-04-10 11:47:00","1"
"2016","11","R9-99-1314","1","","487.0400","R9-99-1314 -#1135","","2025-04-10 11:47:00","1"
"3310","11","R9-99-1322","1","","487.0400","R9-99-1322 -#1507-19","","2025-04-10 11:47:00","1"
"3309","11","R9-99-1325","1","","487.0400","R9-99-1325 -#1507-20","","2025-04-10 11:47:00","1"
"2014","11","R9-99-2124","1","","500.0000","R9-99-2124 -#903-1","","2025-04-10 11:47:00","1"
"2807","11","R9-99-2154","1","","314.5400","R9-99-2154 -DC","","2025-04-10 11:47:00","1"
"3664","11","R9-99-6813","1","","102.9000","R9-99-6813 -D/C","","2025-04-10 11:47:00","1"
"2945","11","R95205-400","1","","353.9000","R95205-400 -988","","2025-04-10 11:47:00","1"
"2948","11","R95229-400","1","","306.8300","R95229-400 -#1257","","2025-04-10 11:47:00","1"
"2954","11","R95300-400","1","","363.8000","R95300-400 -#1028-1","","2025-04-10 11:47:00","1"
"2949","11","R95329-400","1","","328.1000","R95329-400 -#1258","","2025-04-10 11:47:00","1"
"3028","11","R95992-401","1","","218.2800","R95992-401 -#209R2","","2025-04-10 11:47:00","1"
"3029","11","R95992-402","1","","218.2800","R95992-402 -#209L2","","2025-04-10 11:47:00","1"
"2471","11","R96991-400","1","","483.0000","R96991-400 -#881","","2025-04-10 11:47:00","1"
"2947","11","R99025-400","1","","353.9000","R99025-400 -1027","","2025-04-10 11:47:00","1"
"2955","11","R99040-400","1","","363.8000","R99040-400 -#1028","","2025-04-10 11:47:00","1"
"2246","11","RC2100","1","","267.5000","RC2100 -#113","","2025-04-10 11:47:00","1"
"2371","11","RC2100-2","1","","250.0000","RC4011-1 (113-G)","","2025-04-10 11:47:00","1"
"2011","11","RC2150-10","1","","360.9800","RC2150-10 -1444","","2025-04-10 11:47:00","1"
"2012","11","RC2150-11","1","","337.3700","RC2150-11 -#1543","","2025-04-10 11:47:00","1"
"4081","100","RC2150-KIT","1","",".0100","RC2150-KIT","","",""
"2409","11","RC2150B","1","","337.3700","RC2150B-#773","","2025-04-10 11:47:00","1"
"2408","11","RC2150L","1","","306.8300","RC2150L-#772","","2025-04-10 11:47:00","1"
"2820","11","RC2160","1","","128.5200","RC2160 -#111","","2025-04-10 11:47:00","1"
"2819","11","RC2160-1","1","","128.5200","RC2160-1 -#112","","2025-04-10 11:47:00","1"
"2816","11","RC2160-2","1","","243.5200","RC2160-2 -#210","","2025-04-10 11:47:00","1"
"2861","11","RC3675-4","1","","636.6500","C3675-4 -#978G","","2025-04-10 11:47:00","1"
"2496","11","RC3955","1","","171.3600","RC3955 -#835U","","2025-04-10 11:47:00","1"
"4104","11","RC4011","1","","289.0000","RC4100 -#113","","",""
"765","100","RC4011-2","1","",".0100","RC4011-2","","2025-04-10 11:47:00","1"
"2880","11","RC4100-L10","1","","508.2300","RC4100-L10 - DC","","2025-04-10 11:47:00","1"
"2531","11","RC4100-L14","1","","325.0000","RC4100-L14 -#126-14","","2025-04-10 11:47:00","1"
"2536","11","RC4100-L48","1","","325.0000","RC4100-L48 -#126-48","","2025-04-10 11:47:00","1"
"2879","11","RC4100-R10","1","","508.2300","RC4100-R10 - DC","","2025-04-10 11:47:00","1"
"2534","11","RC4100-R14","1","","325.0000","RC4100-R14 -#125-14","","2025-04-10 11:47:00","1"
"2535","11","RC4100-R48","1","","325.0000","RC4100-R48 -#125-48","","2025-04-10 11:47:00","1"
"3868","11","RC4160-1","1","","158.1000","RC4160-1 -#471","","2025-04-10 11:47:00","1"
"3565","11","RC4160-2","1","","194.8100","RC4160-2 -#1114","","2025-04-10 11:47:00","1"
"2739","11","RC4190-12R","1","","255.7000","RC4190-12R -#930F","","2025-04-10 11:47:00","1"
"3342","11","RC4190BL","1","","255.7000","RC4190BL -#930S","","2025-04-10 11:47:00","1"
"2903","11","RC5600","1","","454.7500","RC5600 -975","","2025-04-10 11:47:00","1"
"2552","11","RC5600-1","1","","386.5400","RC5600-1 -#975","","2025-04-10 11:47:00","1"
"2497","11","RC5600-5","1","","425.0000","RC5600-5 -#1463","","2025-04-10 11:47:00","1"
"2341","100","RC6111","1","",".0100","RC6111","","2025-04-10 11:47:00","1"
"2925","11","RC7100LI14","1","","288.9000","C7100LI14 -468-14","","2025-04-10 11:47:00","1"
"2926","11","RC7100LI48","1","","288.9000","C7100LI48 -468-48","","2025-04-10 11:47:00","1"
"2921","11","RC7100LO14","1","","288.9000","C7100LO14 -469-14","","2025-04-10 11:47:00","1"
"2924","11","RC7100LO48","1","","288.9000","C7100LO48 -469-48","","2025-04-10 11:47:00","1"
"2928","11","RC7100RI14","1","","288.9000","C7100RI14 -467-14","","2025-04-10 11:47:00","1"
"2927","11","RC7100RI48","1","","288.9000","C7100RI48 -467-48","","2025-04-10 11:47:00","1"
"2922","11","RC7100RO14","1","","288.9000","C7100RO14 -470-14","","2025-04-10 11:47:00","1"
"2923","11","RC7100RO48","1","","288.9000","C7100RO48 -470-48","","2025-04-10 11:47:00","1"
"3886","11","RC7115-1","1","","145.3500","RC7115-1 -#201","","2025-04-10 11:47:00","1"
"2165","11","RC7160-3","1","","128.5200","RC7160-3 -#472","","2025-04-10 11:47:00","1"
"2974","11","RC8160-3","1","","116.8900","RC8160-3 -#572","","2025-04-10 11:47:00","1"
"2345","100","RC9910","1","",".0100","RC9910","","2025-04-10 11:47:00","1"
"2612","11","RCK2","1","","104.9900","RCK2 -DC","","2025-04-10 11:47:00","1"
"3069","11","RDS0627-010","1","","152.1500","DS0627-010 -#1324","","2025-04-10 11:47:00","1"
"2520","11","RDS0649-000","1","","293.8900","RDS0649-000 -DC","","2025-04-10 11:47:00","1"
"2713","11","RDS1085-S10","1","","312.5100","RDS1085-S10","","2025-04-10 11:47:00","1"
"2716","11","RDS1085-S20","1","","312.5100","RDS1085-S20","","2025-04-10 11:47:00","1"
"2714","11","RDS1085-S30","1","","312.5100","RDS1085-S30","","2025-04-10 11:47:00","1"
"2715","11","RDS1085-S40","1","","391.4200","RDS1085-S40","","2025-04-10 11:47:00","1"
"2706","11","RDS2625-010","1","","321.3000","RDS2625-010 -#1351","","2025-04-10 11:47:00","1"
"2707","11","RDS2625-1B","1","","343.7900","RDS2625-1B -#1610","","2025-04-10 11:47:00","1"
"2719","11","RDS2627-010L","1","","283.3800","RDS2627-010L","","2025-04-10 11:47:00","1"
"2720","11","RDS2627-010R","1","","283.3800","RDS2627-010R","","2025-04-10 11:47:00","1"
"3582","11","RDS2812-010","1","","145.5200","RDS2812-010 -#1754","","2025-04-10 11:47:00","1"
"2521","11","RDS2813-010","1","","318.3300","RDS2813-010 -#1554","","2025-04-10 11:47:00","1"
"2523","11","RDS2814-010","1","","401.6300","RDS2814-010 -#1506","","2025-04-10 11:47:00","1"
"2718","11","RDS3100-010","1","","272.8500","RDS3100-010 -#1762","","2025-04-10 11:47:00","1"
"2717","11","RDS3100-020","1","","272.8500","RDS3100-020 -#1761","","2025-04-10 11:47:00","1"
"2705","11","RDS3105-010","1","","280.7200","RDS3105-010 -D/C","","2025-04-10 11:47:00","1"
"2708","11","RDS3105-020G","1","","291.3200","RDS3105-020G -D/C","","2025-04-10 11:47:00","1"
"2704","11","RDX1029-010","1","","157.5000","RDX1029-010 -#1319","","2025-04-10 11:47:00","1"
"2522","11","RDX489-400","1","","538.1200","RDX489-400 -#D/C","","2025-04-10 11:47:00","1"
"3041","11","REACTION-ONETWO-COVER","1","","8.0000","HC-OM-105/106(BL)","","2025-04-10 11:47:00","1"
"1969","11","REACTION-TWO","1","",".0100","30600","","2025-04-10 11:47:00","1"
"3447","11","RK-HHP","1","","81.1300","RK-HHP","","2025-04-10 11:47:00","1"
"3444","11","RK600-DT","1","","243.3900","RK600-DT","","2025-04-10 11:47:00","1"
"3359","11","RK600e","1","","243.3900","RK600e - DF SUPPLY","","2025-04-10 11:47:00","1"
"3360","11","RKAR","1","","148.9600","RKAR - DF SUPPLY","","2025-04-10 11:47:00","1"
"3356","11","RKCM-01-25","1","","57.1900","RKCM-01-25 - DF SUPPLY","","2025-04-10 11:47:00","1"
"2935","11","RTM8L","1","","341.0600","RTM8L -#134","","2025-04-10 11:47:00","1"
"2934","11","RTM8R","1","","401.2500","RTM8R -133","","2025-04-10 11:47:00","1"
"2553","11","RUS02-0583-01","1","","267.7500","RUS02-0583-01 -#1508","","2025-04-10 11:47:00","1"
"2781","11","RUS05-0583-11L","1","","450.0000","RUS05-0583-11L -#1455L","","2025-04-10 11:47:00","1"
"2779","11","RUS05-0583-11R","1","","450.0000","RUS05-0583-11R -#1455R","","2025-04-10 11:47:00","1"
"2782","11","RUS05-0583-12L","1","","450.0000","RUS05-0583-12L -#1453L","","2025-04-10 11:47:00","1"
"2780","11","RUS05-0583-12R","1","","450.0000","RUS05-0583-12R -#1453R","","2025-04-10 11:47:00","1"
"2777","11","RUS05-0583-21L","1","","437.7500","RUS05-0583-21L -#1456L","","2025-04-10 11:47:00","1"
"2778","11","RUS05-0583-21R","1","","437.7500","RUS05-0583-21R -#1456R","","2025-04-10 11:47:00","1"
"2776","11","RUS05-0583-22L","1","","450.0000","RUS05-0583-22L -1454L","","2025-04-10 11:47:00","1"
"2775","11","RUS05-0583-22R","1","","450.0000","RUS05-0583-22R -#1454R","","2025-04-10 11:47:00","1"
"2783","11","RUS15-0583-20","1","","159.1600","RUS15-0583-20 -#1460","","2025-04-10 11:47:00","1"
"3928","11","RUS801382R","1","","777.7500","US801382R -#1787","","2025-04-10 11:47:00","1"
"2785","11","RUS801386R","1","","680.8500","US801386R -#1766","","2025-04-10 11:47:00","1"
"3518","11","RW7-100L","1","","428.0000","W7-100L -#1757","","2025-04-10 11:47:00","1"
"3517","11","RW7-100R","1","","428.0000","W7-100R -#1756","","2025-04-10 11:47:00","1"
"3519","11","RW7-115L","1","","428.0000","W7-115L -#1759","","2025-04-10 11:47:00","1"
"3520","11","RW7-115R","1","","428.0000","W7-115R -#1758","","2025-04-10 11:47:00","1"
"3532","11","RW7-120","1","","278.9000","RW7-120 -#DC","","2025-04-10 11:47:00","1"
"3530","11","RW7-125","1","","264.3600","RW7-125 -#DC","","2025-04-10 11:47:00","1"
"3527","11","RW7-130","1","","264.3600","RW7-130 -#DC","","2025-04-10 11:47:00","1"
"3528","11","RW7-135","1","","264.3600","RW7-135 -DC","","2025-04-10 11:47:00","1"
"3531","11","RW7-160","1","","264.3600","RW7-160 -#DC","","2025-04-10 11:47:00","1"
"3529","11","RW7-165","1","","264.3600","RW7-165 -#DC","","2025-04-10 11:47:00","1"
"3533","11","RW7-180","1","","414.7500","RW7-180 -#DC","","2025-04-10 11:47:00","1"
"3516","11","RW7-MTR","1","","298.5300","W7-MTR -#1760","","2025-04-10 11:47:00","1"
"3522","11","RWL-PA30L","1","","428.0000","WL-PA30L -#1773","","2025-04-10 11:47:00","1"
"3521","11","RWL-PA30R","1","","428.0000","WL-PA30R -#1772","","2025-04-10 11:47:00","1"
"3431","77","S-COR","1","","70.0000","S-COR","","2025-04-10 11:47:00","1"
"4080","11","S-RE-223031","1","","114.0000","S-RE-223031","","",""
"4134","11","S232B08-06-631-MP","1","","7.5200","S232B08-06-631-MP -SEC LK","","",""
"3882","11","SEN351495","1","","38.5000","SEN351495","","2025-04-10 11:47:00","1"
"1987","11","SH-10MC","1","",".0100","SH-10MC","","2025-04-10 11:47:00","1"
"1986","11","SH-7MC","1","",".0100","SH-7MC","","2025-04-10 11:47:00","1"
"3560","55","SRS15MUU(GK)","1","","120.0000","SRS15MUU(GK) -#1823","","2025-04-10 11:47:00","1"
"3429","77","STK-NGS-IR-A","1","","312.0000","STK-NGS-IR-A","","2026-07-09 15:12:00","9670"
"2585","55","SVR.2001","1","","480.0000","SVR.2001 -#0000","","2025-04-10 11:47:00","1"
"2614","22","T-00223","1","",".0100","T-00223","","2025-04-10 11:47:00","1"
"3424","77","TDM","1","","43.6000","TDM","","2025-04-10 11:47:00","1"
"770","100","TELEBKT-REC","1","",".0100","TELEBKT-REC","","2025-04-10 11:47:00","1"
"3463","11","TEST1","1","",".0100","TEST1","","2025-04-10 11:47:00","1"
"3970","55","TJ084-V3","1","","567.0000","TJ084-V3 -#1788","","2026-03-30 12:28:00","1"
"3547","11","ULTIMO","1","","194.8900","ULTIMO","","2025-04-10 11:47:00","1"
"3669","55","US01-0280LLMF-4","1","","117.3200","US01-0280LLMF -#1297-#625 x 2","","2025-04-10 11:47:00","1"
"3872","55","US01-0280LLMF-6","1","","158.1000","US01-0280LLMF -#1297-#625 x 2","","2025-04-10 11:47:00","1"
"3670","55","US01-0280LLMF-8","1","","234.6400","US01-0280LLMF -#1297-#625 x 2","","2025-04-10 11:47:00","1"
"773","100","US01-0281LLMF-4","1","",".0100","US01-0281LLMF-4ft.","","2025-04-10 11:47:00","1"
"774","100","US01-0281LLMF-8","1","",".0100","US01-0281LLMF-8ft.","","2025-04-10 11:47:00","1"
"775","100","US01-0418LLCL","1","",".0100","US01-0418LLCL","","2025-04-10 11:47:00","1"
"776","100","US01-0418LLDB","1","",".0100","US01-0418LLDB","","2025-04-10 11:47:00","1"
"777","100","US01-0419LLCL","1","",".0100","US01-0419LLCL","","2025-04-10 11:47:00","1"
"778","100","US01-0419LLDB","1","",".0100","US01-0419LLDB","","2025-04-10 11:47:00","1"
"779","100","US02-0314-04","1","",".0100","US02-0314-04","","2025-04-10 11:47:00","1"
"780","100","US02-0314-05","1","",".0100","US02-0314-05","","2025-04-10 11:47:00","1"
"3044","55","US03-0277-05","1","","25.7400","US03-0277-05 -#1249","","2025-04-10 11:47:00","1"
"2064","100","US04-0302-01","1","",".0100","US04-0302-01","","2025-04-10 11:47:00","1"
"2854","55","US05-0277-01","1","","78.0000","US05-0277-01 -1250R","","2025-04-10 11:47:00","1"
"2853","55","US05-0277-02","1","","66.3000","US05-0277-02 -1250L","","2025-04-10 11:47:00","1"
"3043","55","US05-0277-03","1","","35.2500","US05-0277-03 -#1251R","","2025-04-10 11:47:00","1"
"3042","55","US05-0277-04","1","","35.2500","US05-0277-04 -#1251L","","2025-04-10 11:47:00","1"
"2871","11","US05-0367-01","1","","164.8000","US05-0367-01 (1/2 of C0865)","","2025-04-10 11:47:00","1"
"2621","11","US05-0367-04","1","","65.3300","US05-0367-04 (1/2 of C0865)","","2025-04-10 11:47:00","1"
"3647","55","US05-0519-01","1","","72.2500","US05-0519-01 -#1196","","2025-04-10 11:47:00","1"
"3646","55","US05-0519-02","1","","215.9000","US05-0519-02 -#2016","","2025-04-10 11:47:00","1"
"3965","55","US05-0545-00","1","","323.4100","US05-0545-00 -#0","","",""
"790","100","US05-0553-01","1","",".0100","US05-0553-01","","2025-04-10 11:47:00","1"
"791","100","US05-0553-02","1","",".0100","US05-0553-02","","2025-04-10 11:47:00","1"
"1736","100","US05-0566-01","1","",".0100","US05-0566-01","","2025-04-10 11:47:00","1"
"792","100","US05-0568-01","1","",".0100","US05-0568-01","","2025-04-10 11:47:00","1"
"793","100","US05-0568-02","1","",".0100","US05-0568-02","","2025-04-10 11:47:00","1"
"794","100","US05-0598-01","1","",".0100","US05-0598-01","","2025-04-10 11:47:00","1"
"2951","55","US05-0600-01","1","","20.4000","US05-0600-01 -#1310 LH","","2025-04-10 11:47:00","1"
"2952","55","US05-0600-02","1","","20.4000","US05-0600-02 -#1310 RH","","2025-04-10 11:47:00","1"
"797","100","US05-0614-01","1","",".0100","US05-0614-01","","2025-04-10 11:47:00","1"
"3916","55","US05-0626-01","1","","169.0900","US05-0626-01 -#0","","2025-04-10 11:47:00","1"
"798","100","US05-0692-03","1","",".0100","US05-0692-03","","2025-04-10 11:47:00","1"
"799","100","US05-0692-04","1","",".0100","US05-0692-04","","2025-04-10 11:47:00","1"
"3059","11","US05-0734-02","1","","20.4800","US05-0734-02 - (ADDISON)","","2025-04-10 11:47:00","1"
"3545","55","US05-0796-04","1","","85.5500","US05-0796-04 -#1824","","2025-04-10 11:47:00","1"
"2829","55","US05-1609-01","1","","41.1800","US05-1609-01 -#1447","","2025-04-10 11:47:00","1"
"801","100","US05-1609-02","1","",".0100","US05-1609-02","","2025-04-10 11:47:00","1"
"2830","55","US05-1609-04","1","","34.3200","US05-1609-01 -#1448","","2025-04-10 11:47:00","1"
"3894","55","US05-1609-05","1","","40.8000","US05-1609-05 -#1450","","2025-04-10 11:47:00","1"
"804","100","US05-1609-06","1","",".0100","US05-1609-06","","2025-04-10 11:47:00","1"
"805","100","US05-1609-07","1","",".0100","US05-1609-07","","2025-04-10 11:47:00","1"
"2772","55","US05-1719-01","1","","104.5500","US05-1719-01 -1720","","2025-04-10 11:47:00","1"
"2773","55","US05-1719-04","1","","41.5000","US05-1719-04 -#1721","","2025-04-10 11:47:00","1"
"3214","11","US08-0661-01","1","","23.1800","US08-0661-01 -ADDISON","","2025-04-10 11:47:00","1"
"1744","100","US08-0784-01","1","",".0100","US08-0784-01","","2025-04-10 11:47:00","1"
"3045","55","US15-0277-03","1","","17.8700","US15-0277-03 -#1252","","2025-04-10 11:47:00","1"
"806","100","US15-0285-01","1","",".0100","US15-0285-01","","2025-04-10 11:47:00","1"
"807","100","US15-0285-02","1","",".0100","US15-0285-02","","2025-04-10 11:47:00","1"
"3231","55","US15-0322-01","1","","230.4400","US15-0322-01 -#1459","","2025-04-10 11:47:00","1"
"809","100","US15-0322-02CL","1","",".0100","US15-0322-02CL","","2025-04-10 11:47:00","1"
"810","100","US15-0322-03DB","1","",".0100","US15-0322-03DB","","2025-04-10 11:47:00","1"
"2824","11","US15-0367-01","1","","177.0000","C0865 -ADDISON","","2025-04-10 11:47:00","1"
"812","100","US15-0563-01","1","",".0100","US15-0563-01","","2025-04-10 11:47:00","1"
"813","100","US15-0569-01","1","",".0100","US15-0569-01","","2025-04-10 11:47:00","1"
"814","100","US15-0569-02","1","",".0100","US15-0569-02","","2025-04-10 11:47:00","1"
"3907","55","US15-0601-01","1","","10.2000","US15-0601-01 -#1284","","2025-04-10 11:47:00","1"
"3415","55","US15-0604-01","1","","20.4000","US15-0604-01 -#1144-NS","","2026-09-10 17:32:00","3294"
"817","100","US15-0604-02","1","",".0100","US15-0604-02","","2025-04-10 11:47:00","1"
"1716","100","US15-0744-01","1","",".0100","US15-0744-01","","2025-04-10 11:47:00","1"
"4067","100","US15-1500-04","1","",".0100","US15-1500-04","","",""
"819","100","US15-1500-05","1","",".0100","US15-1500-05","","2025-04-10 11:47:00","1"
"4068","11","US15-1500-06","1","","270.3000","US15-1500-09 -#1442 -REMOVE IO","","2025-02-24 15:11:00","1"
"821","100","US15-1500-07","1","",".0100","US15-1500-07","","2025-04-10 11:47:00","1"
"2619","55","US15-1500-08","1","","270.3000","US15-1500-08 -#1443","","2025-05-30 13:59:00","1"
"2620","55","US15-1500-09","1","","270.3000","US15-1500-09 -#1442","","2025-05-30 14:00:00","1"
"2709","11","US15-2005-01","1","","49.5000","US15-2005-01 -#ORDER ADDISON","","2025-04-10 11:47:00","1"
"825","100","US15-2006-01","1","",".0100","US15-2006-01","","2025-04-10 11:47:00","1"
"826","100","US15-2009-01","1","",".0100","US15-2009-01","","2025-04-10 11:47:00","1"
"827","100","US15-2009-02","1","",".0100","US15-2009-02","","2025-04-10 11:47:00","1"
"828","100","US15-2010-01","1","",".0100","US15-2010-01","","2025-04-10 11:47:00","1"
"829","100","US15-2010-02","1","",".0100","US15-2010-02","","2025-04-10 11:47:00","1"
"830","100","US15-2010-03","1","",".0100","US15-2010-03","","2025-04-10 11:47:00","1"
"831","100","US15-2010-04","1","",".0100","US15-2010-04","","2025-04-10 11:47:00","1"
"832","100","US20-0485-01","1","",".0100","US20-0485-01","","2025-04-10 11:47:00","1"
"3617","55","US20-1657-01","1","","3.5700","US20-1657-01 -#2041","","2025-04-10 11:47:00","1"
"833","100","US21-0327-03","1","",".0100","US21-0327-03","","2025-04-10 11:47:00","1"
"2430","11","US21-0486-01","1","","5.7800","1020377 -D/C","","2025-04-10 11:47:00","1"
"4048","11","US21-0513-01","1","","2.5400","US21-0513-01 -#0 ADDISON","","",""
"3835","100","US21-0587-01","1","",".0100","US21-0587-01","","2025-04-10 11:47:00","1"
"2637","100","US21-0797-01","1","",".0100","US21-0797-01","","2025-04-10 11:47:00","1"
"2909","55","US21-1730-01","1","","14.4500","US21-1730-01 -#1547","","2025-04-10 11:47:00","1"
"835","100","US21-2011-01","1","",".0100","US21-2011-01","","2025-04-10 11:47:00","1"
"836","100","US21-2011-02","1","",".0100","US21-2011-02","","2025-04-10 11:47:00","1"
"837","100","US800666","1","",".0100","US800666","","2025-04-10 11:47:00","1"
"2023","100","US800694","1","",".0100","US800694","","2025-04-10 11:47:00","1"
"3541","55","US800761","1","","108.8000","US800761 -#1429 (SET of 4)","","2025-04-10 11:47:00","1"
"3860","55","US800761-1","1","","28.9000","US800761 -#1429","","2025-04-10 11:47:00","1"
"839","100","US800960-04","1","",".0100","US800960-4ft. (QTY=#4FT PCS)","","2025-04-10 11:47:00","1"
"840","100","US800960-08","1","",".0100","US800960-8ft. (QTY=#8FT PCS)","","2025-04-10 11:47:00","1"
"841","100","US801050","1","",".0100","US801050","","2025-04-10 11:47:00","1"
"4073","11","US801101","1","","351.3300","US801101 -LEON","","",""
"4107","55","US801301","1","","46.0000","US801301 -#2060","","",""
"3376","55","US801328","1","","276.4400","US801423 -#1415-N/S","","2025-04-10 11:47:00","1"
"3465","55","US801343","1","","222.0000","US801343 -#0","","2025-04-10 11:47:00","1"
"4074","11","US801423","1","",".0100","US801423 -LEON","","",""
"844","100","US801449","1","",".0100","US801449","","2025-04-10 11:47:00","1"
"845","100","US801558","1","",".0100","US801558","","2025-04-10 11:47:00","1"
"846","100","US801612-4","1","",".0100","US801612-4","","2025-04-10 11:47:00","1"
"847","100","US801612-8","1","",".0100","US801612-8","","2025-04-10 11:47:00","1"
"2009","100","US801617","1","",".0100","US801617","","2025-04-10 11:47:00","1"
"1133","22","V-00020","1","",".0100","V-00020","","2025-04-10 11:47:00","1"
"2898","22","V-00101","1","",".0100","V-00101","","2025-04-10 11:47:00","1"
"2897","22","V-00105","1","",".0100","V-00105","","2025-04-10 11:47:00","1"
"1087","22","V-00143","1","",".0100","V-00143","","2025-04-10 11:47:00","1"
"2067","11","V-00174","1","",".0100","V-00174","","2025-04-10 11:47:00","1"
"1090","22","V-00342","1","",".0100","V-00342","","2025-04-10 11:47:00","1"
"2638","22","V-00374","1","",".0100","V-00374","","2025-04-10 11:47:00","1"
"1091","22","V-00542","1","",".0100","V-00542","","2025-04-10 11:47:00","1"
"2598","22","V-00744","1","",".0100","V-00744","","2025-04-10 11:47:00","1"
"3489","11","VR1T","1","","26.2100","VR1T","","2025-04-10 11:47:00","1"
"1083","100","W5-505C","1","",".0100","W5-505C","","2025-04-10 11:47:00","1"
"1084","100","W5-506C","1","",".0100","W5-506C","","2025-04-10 11:47:00","1"
"1082","100","W5-515C","1","",".0100","W5-515C","","2025-04-10 11:47:00","1"
"1085","100","W5-530","1","",".0100","W5-530","","2025-04-10 11:47:00","1"
"3526","55","W7-130-1","1","","340.9800","W7-130-1 -#1818","","2025-04-10 11:47:00","1"
"2817","55","W7-200CL","1","","214.5300","W7-200CL -#1486A","","2025-04-10 11:47:00","1"
"3539","55","W7-205DB","1","","214.5300","W7-205DB -#1486B","","2025-04-10 11:47:00","1"
"4146","10","WB1218S","1","","10.5900","WB1218S","","",""
"1967","11","X-ZONE-T","1","",".0100","31343","","2025-04-10 11:47:00","1"
"1889","100","YDB102CV-36","1","",".0100","YDB102CV-36","","2025-04-10 11:47:00","1"
"1888","100","YDB102CV-48","1","",".0100","YDB102CV-48","","2025-04-10 11:47:00","1"
"1890","100","YDB102DV-36","1","",".0100","YDB102DV-36","","2025-04-10 11:47:00","1"
"1900","100","YDB102DV-48","1","",".0100","YDB102DV-48","","2025-04-10 11:47:00","1"
"853","100","YDS603CNB-36","1","",".0100","YDS603CNB-36","","2025-04-10 11:47:00","1"
"854","100","YDS603CNB-48","1","",".0100","YDS603CNB-48","","2025-04-10 11:47:00","1"
"855","100","YDS603DNB-36","1","",".0100","YDS603DNB-36","","2025-04-10 11:47:00","1"
"856","100","YDS603DNB-48","1","",".0100","YDS603DNB-48","","2025-04-10 11:47:00","1"
"2660","100","YDT309AV-36","1","",".0100","YDT309AV-36","","2025-04-10 11:47:00","1"
"2658","100","YDT309AV-48","1","",".0100","YDT309AV-48","","2025-04-10 11:47:00","1"
"2661","100","YDT309AV-72","1","",".0100","YDT309AV-72","","2025-04-10 11:47:00","1"
"2662","100","YDT309DV-36","1","",".0100","YDT309DV-36","","2025-04-10 11:47:00","1"
"2663","100","YDT309DV-48","1","",".0100","YDT309DV-48","","2025-04-10 11:47:00","1"
"857","100","ZCKA-AL","1","",".0100","ZCKA-AL","","2025-04-10 11:47:00","1"
"858","100","ZCKA-DB","1","",".0100","ZCKA-DB","","2025-04-10 11:47:00","1"
"859","100","ZCKD-AL","1","",".0100","ZCKD-AL","","2025-04-10 11:47:00","1"
"860","100","ZCKD-DB","1","",".0100","ZCKD-DB","","2025-04-10 11:47:00","1"
"861","100","ZCTT-AL","1","",".0100","ZCTT-AL","","2025-04-10 11:47:00","1"
"862","100","ZCTT-DU","1","",".0100","ZCTT-DU","","2025-04-10 11:47:00","1"
"863","100","ZD-AL","1","",".0100","ZD-AL","","2025-04-10 11:47:00","1"
"864","100","ZD-DU","1","",".0100","ZD-DU","","2025-04-10 11:47:00","1"
